order_id,session_id,customer_id,order_date,order_value,order_status,cancel_reason,cancelled_by,delivered_time
1,1,894,2025-06-23,286.0,delivered,,,2025-06-23 17:31:00
2,5,83,2025-01-17,341.0,delivered,,,2025-01-17 15:07:00
3,6,1059,2025-02-27,1197.0,delivered,,,2025-02-27 23:27:00
4,10,373,2025-02-12,260.0,delivered,,,2025-02-12 17:44:00
5,11,988,2025-05-19,31.0,delivered,,,2025-05-19 07:42:00
6,12,581,2025-03-07,36.0,delivered,,,2025-03-07 12:49:00
7,13,873,2025-05-18,1179.0,delivered,,,2025-05-18 20:58:00
8,16,118,2025-06-13,942.0,delivered,,,2025-06-13 22:15:00
9,19,1052,2025-05-28,1068.0,delivered,,,2025-05-28 15:52:00
10,23,1009,2025-05-19,36.0,cancelled,payment_failed,system,
11,26,924,2025-05-28,265.0,delivered,,,2025-05-28 15:04:00
12,40,374,2025-04-27,258.0,cancelled,substitute_rejected,customer,
13,41,300,2025-01-19,313.0,delivered,,,2025-01-20 00:28:00
14,43,1126,2025-06-13,911.0,delivered,,,2025-06-13 15:57:00
15,45,123,2025-06-29,330.0,delivered,,,2025-06-30 01:00:00
16,46,1112,2025-02-17,794.0,delivered,,,2025-02-18 00:05:00
17,47,1104,2025-06-24,920.0,cancelled,items_unavailable,seller,
18,48,1007,2025-04-30,398.0,delivered,,,2025-04-30 08:20:00
19,49,1078,2025-02-15,1128.0,cancelled,substitute_rejected,customer,
20,50,769,2025-03-07,122.0,delivered,,,2025-03-07 18:21:00
21,59,402,2025-05-15,1371.0,delivered,,,2025-05-15 13:54:00
22,60,479,2025-01-22,609.0,delivered,,,2025-01-22 10:28:00
23,68,270,2025-05-19,932.0,delivered,,,2025-05-19 14:27:00
24,69,561,2025-02-03,1536.0,delivered,,,2025-02-03 12:11:00
25,70,846,2025-02-21,1139.0,delivered,,,2025-02-21 12:42:00
26,74,333,2025-01-14,399.0,delivered,,,2025-01-14 19:54:00
27,75,502,2025-06-10,143.0,delivered,,,2025-06-11 01:04:00
28,76,180,2025-02-15,742.0,delivered,,,2025-02-15 12:33:00
29,81,944,2025-03-27,581.0,delivered,,,2025-03-27 22:06:00
30,86,640,2025-06-13,472.0,delivered,,,2025-06-13 13:25:00
31,89,1163,2025-06-28,330.0,delivered,,,2025-06-28 21:26:00
32,96,1190,2025-01-01,183.0,delivered,,,2025-01-01 12:21:00
33,98,736,2025-01-08,873.0,delivered,,,2025-01-08 15:04:00
34,99,895,2025-02-05,2438.0,delivered,,,2025-02-05 20:42:00
35,104,517,2025-03-07,532.0,delivered,,,2025-03-07 07:22:00
36,113,411,2025-05-06,1305.0,delivered,,,2025-05-06 10:46:00
37,114,980,2025-01-18,464.0,delivered,,,2025-01-18 23:54:00
38,116,997,2025-02-18,287.0,delivered,,,2025-02-18 11:41:00
39,119,437,2025-03-27,62.0,cancelled,items_unavailable,seller,
40,121,181,2025-03-31,820.0,delivered,,,2025-03-31 19:51:00
41,123,89,2025-05-18,664.0,delivered,,,2025-05-18 12:08:00
42,124,770,2025-05-30,741.0,delivered,,,2025-05-30 22:10:00
43,130,284,2025-04-05,933.0,delivered,,,2025-04-05 21:34:00
44,132,138,2025-02-05,971.0,delivered,,,2025-02-05 17:01:00
45,133,386,2025-01-21,592.0,delivered,,,2025-01-21 20:04:00
46,134,854,2025-02-03,664.0,cancelled,changed_mind,customer,
47,135,992,2025-01-13,414.0,delivered,,,2025-01-13 11:07:00
48,137,939,2025-05-20,935.0,delivered,,,2025-05-20 22:58:00
49,140,808,2025-06-04,274.0,delivered,,,2025-06-04 23:31:00
50,145,300,2025-02-04,311.0,delivered,,,2025-02-04 18:23:00
51,153,884,2025-06-18,341.0,delivered,,,2025-06-18 23:32:00
52,161,828,2025-05-08,125.0,delivered,,,2025-05-08 15:25:00
53,166,774,2025-03-14,518.0,delivered,,,2025-03-14 17:27:00
54,167,707,2025-01-15,1340.0,delivered,,,2025-01-15 14:37:00
55,169,689,2025-06-20,393.0,delivered,,,2025-06-20 16:53:00
56,171,410,2025-05-12,0,cancelled,substitute_rejected,customer,
57,174,951,2025-04-19,0,cancelled,items_unavailable,system,
58,175,172,2025-01-17,224.0,delivered,,,2025-01-17 21:21:00
59,179,491,2025-06-13,111.0,delivered,,,2025-06-13 18:57:00
60,185,980,2025-02-14,920.0,delivered,,,2025-02-14 17:50:00
61,187,1013,2025-02-18,259.0,delivered,,,2025-02-18 15:38:00
62,190,965,2025-06-21,1640.0,delivered,,,2025-06-21 08:11:00
63,191,739,2025-03-09,354.0,delivered,,,2025-03-09 15:33:00
64,193,1014,2025-05-24,259.0,delivered,,,2025-05-24 22:16:00
65,198,316,2025-04-21,421.0,delivered,,,2025-04-21 16:52:00
66,199,890,2025-05-12,395.0,delivered,,,2025-05-12 17:59:00
67,203,809,2025-02-04,599.0,delivered,,,2025-02-04 07:06:00
68,204,177,2025-05-02,309.0,delivered,,,2025-05-02 20:14:00
69,210,66,2025-01-30,499.0,delivered,,,2025-01-30 13:55:00
70,213,14,2025-03-29,550.0,delivered,,,2025-03-29 17:02:00
71,216,310,2025-06-11,387.0,delivered,,,2025-06-11 23:32:00
72,217,173,2025-02-02,159.0,delivered,,,2025-02-02 23:37:00
73,224,837,2025-03-16,734.0,cancelled,payment_failed,system,
74,230,1110,2025-05-26,489.0,delivered,,,2025-05-26 23:40:00
75,232,1110,2025-03-07,2315.0,delivered,,,2025-03-07 09:48:00
76,233,789,2025-03-23,208.0,delivered,,,2025-03-23 22:12:00
77,240,480,2025-01-10,995.0,delivered,,,2025-01-10 15:42:00
78,241,393,2025-06-27,1799.0,delivered,,,2025-06-28 01:05:00
79,242,399,2025-01-07,172.0,delivered,,,2025-01-07 14:17:00
80,243,685,2025-05-02,1364.0,delivered,,,2025-05-02 14:33:00
81,245,823,2025-03-01,623.0,delivered,,,2025-03-01 07:18:00
82,249,958,2025-05-29,372.0,delivered,,,2025-05-29 17:13:00
83,250,744,2025-05-23,45.0,delivered,,,2025-05-23 10:11:00
84,251,366,2025-03-09,846.0,delivered,,,2025-03-09 10:27:00
85,253,1041,2025-02-23,361.0,delivered,,,2025-02-23 10:23:00
86,256,958,2025-05-08,156.0,delivered,,,2025-05-08 17:17:00
87,257,202,2025-05-20,758.0,delivered,,,2025-05-20 13:31:00
88,259,25,2025-02-08,703.0,delivered,,,2025-02-08 19:53:00
89,262,624,2025-05-22,1154.0,delivered,,,2025-05-22 12:04:00
90,263,267,2025-06-20,1835.0,delivered,,,2025-06-20 22:42:00
91,265,359,2025-06-08,615.0,delivered,,,2025-06-08 20:46:00
92,266,840,2025-05-10,896.0,delivered,,,2025-05-10 08:17:00
93,268,23,2025-04-02,893.0,cancelled,changed_mind,customer,
94,270,476,2025-02-14,62.0,delivered,,,2025-02-14 07:22:00
95,272,1166,2025-06-03,402.0,delivered,,,2025-06-03 17:31:00
96,279,615,2025-02-14,205.0,delivered,,,2025-02-14 15:47:00
97,285,816,2025-02-13,1063.0,cancelled,substitute_rejected,customer,
98,290,660,2025-01-12,1246.0,delivered,,,2025-01-12 18:21:00
99,292,60,2025-04-09,254.0,delivered,,,2025-04-09 15:44:00
100,298,461,2025-02-15,208.0,delivered,,,2025-02-15 22:43:00
101,299,1183,2025-03-16,1053.0,delivered,,,2025-03-16 11:08:00
102,302,912,2025-01-22,303.0,delivered,,,2025-01-22 10:28:00
103,305,1037,2025-02-13,0,cancelled,substitute_rejected,customer,
104,306,92,2025-03-18,240.0,delivered,,,2025-03-18 13:11:00
105,307,872,2025-02-22,593.0,delivered,,,2025-02-22 09:58:00
106,309,628,2025-01-25,660.0,delivered,,,2025-01-25 23:45:00
107,310,977,2025-06-25,414.0,delivered,,,2025-06-26 00:14:00
108,312,163,2025-01-24,304.0,cancelled,late_delivery,customer,
109,313,1095,2025-06-19,1349.0,delivered,,,2025-06-19 23:46:00
110,318,407,2025-02-04,207.0,delivered,,,2025-02-04 19:12:00
111,320,797,2025-01-06,1332.0,delivered,,,2025-01-06 11:16:00
112,323,407,2025-01-27,1220.0,delivered,,,2025-01-28 00:09:00
113,324,506,2025-01-11,430.0,delivered,,,2025-01-11 07:23:00
114,330,1052,2025-05-11,463.0,delivered,,,2025-05-11 19:37:00
115,332,1095,2025-06-11,849.0,delivered,,,2025-06-11 18:23:00
116,333,906,2025-05-29,174.0,delivered,,,2025-05-29 19:36:00
117,336,694,2025-02-05,466.0,delivered,,,2025-02-05 22:51:00
118,339,460,2025-04-02,36.0,delivered,,,2025-04-02 09:47:00
119,340,714,2025-05-08,237.0,delivered,,,2025-05-08 19:38:00
120,350,257,2025-01-15,1328.0,delivered,,,2025-01-15 14:20:00
121,354,49,2025-05-31,296.0,delivered,,,2025-05-31 08:39:00
122,358,766,2025-04-26,1189.0,delivered,,,2025-04-26 16:29:00
123,365,649,2025-02-07,1042.0,delivered,,,2025-02-07 23:09:00
124,373,850,2025-04-17,130.0,delivered,,,2025-04-17 07:38:00
125,375,1060,2025-02-02,973.0,delivered,,,2025-02-02 22:57:00
126,378,1187,2025-06-02,327.0,cancelled,payment_failed,system,
127,379,769,2025-04-26,135.0,cancelled,payment_failed,system,
128,380,522,2025-01-08,31.0,delivered,,,2025-01-08 23:57:00
129,399,1183,2025-01-28,880.0,delivered,,,2025-01-28 10:43:00
130,400,398,2025-06-02,2067.0,delivered,,,2025-06-02 15:11:00
131,405,452,2025-05-08,203.0,delivered,,,2025-05-08 07:43:00
132,409,1144,2025-03-15,664.0,delivered,,,2025-03-15 09:43:00
133,411,596,2025-04-01,983.0,delivered,,,2025-04-01 14:35:00
134,415,601,2025-02-02,2455.0,delivered,,,2025-02-02 19:59:00
135,418,900,2025-04-21,200.0,delivered,,,2025-04-21 12:14:00
136,427,485,2025-04-09,568.0,delivered,,,2025-04-09 20:59:00
137,430,1145,2025-04-23,70.0,delivered,,,2025-04-23 20:12:00
138,434,555,2025-05-08,679.0,delivered,,,2025-05-08 23:04:00
139,437,1099,2025-01-04,259.0,delivered,,,2025-01-04 15:12:00
140,438,981,2025-01-20,442.0,delivered,,,2025-01-20 15:27:00
141,441,616,2025-03-13,0,cancelled,items_unavailable,system,
142,448,724,2025-03-02,393.0,delivered,,,2025-03-02 18:26:00
143,453,1198,2025-03-15,0,cancelled,items_unavailable,system,
144,460,1106,2025-05-06,259.0,delivered,,,2025-05-06 07:07:00
145,463,579,2025-01-23,664.0,delivered,,,2025-01-24 00:09:00
146,471,774,2025-03-11,1259.0,delivered,,,2025-03-11 09:09:00
147,475,1004,2025-04-14,664.0,delivered,,,2025-04-14 22:37:00
148,479,21,2025-05-01,296.0,delivered,,,2025-05-01 09:15:00
149,480,29,2025-04-20,1278.0,delivered,,,2025-04-20 16:58:00
150,489,519,2025-05-27,127.0,delivered,,,2025-05-27 07:44:00
151,492,649,2025-05-31,1175.0,delivered,,,2025-05-31 18:25:00
152,493,186,2025-03-23,303.0,delivered,,,2025-03-23 07:43:00
153,494,272,2025-03-15,460.0,delivered,,,2025-03-15 12:46:00
154,495,350,2025-04-09,1118.0,delivered,,,2025-04-09 11:15:00
155,498,821,2025-02-12,59.0,delivered,,,2025-02-12 16:41:00
156,499,379,2025-01-24,296.0,delivered,,,2025-01-24 14:30:00
157,501,816,2025-02-05,632.0,delivered,,,2025-02-05 22:44:00
158,504,748,2025-04-19,236.0,delivered,,,2025-04-20 01:00:00
159,505,49,2025-04-02,437.0,delivered,,,2025-04-02 20:05:00
160,507,888,2025-05-27,254.0,delivered,,,2025-05-27 15:45:00
161,516,322,2025-03-15,733.0,delivered,,,2025-03-15 07:57:00
162,518,396,2025-04-05,678.0,cancelled,payment_failed,system,
163,524,1007,2025-03-29,1832.0,delivered,,,2025-03-29 16:55:00
164,526,320,2025-05-14,1287.0,delivered,,,2025-05-14 18:00:00
165,527,1074,2025-04-04,180.0,delivered,,,2025-04-04 08:20:00
166,528,502,2025-02-15,296.0,delivered,,,2025-02-15 08:16:00
167,531,614,2025-03-29,561.0,delivered,,,2025-03-29 15:59:00
168,532,1104,2025-01-28,152.0,delivered,,,2025-01-28 14:05:00
169,533,667,2025-06-17,127.0,delivered,,,2025-06-17 21:14:00
170,536,998,2025-05-31,187.0,delivered,,,2025-05-31 19:11:00
171,540,1033,2025-05-18,414.0,delivered,,,2025-05-18 22:12:00
172,543,39,2025-02-08,1364.0,delivered,,,2025-02-08 15:51:00
173,544,869,2025-02-25,1488.0,delivered,,,2025-02-25 18:02:00
174,547,820,2025-04-03,1029.0,delivered,,,2025-04-03 16:51:00
175,549,225,2025-02-22,198.0,delivered,,,2025-02-22 16:18:00
176,551,231,2025-04-17,405.0,delivered,,,2025-04-18 00:15:00
177,560,312,2025-04-19,485.0,delivered,,,2025-04-19 13:52:00
178,564,232,2025-02-13,125.0,delivered,,,2025-02-13 22:54:00
179,567,807,2025-06-15,1000.0,delivered,,,2025-06-15 22:14:00
180,577,118,2025-02-07,1552.0,delivered,,,2025-02-07 09:26:00
181,580,517,2025-04-13,238.0,delivered,,,2025-04-13 13:53:00
182,582,63,2025-01-31,1084.0,delivered,,,2025-01-31 17:04:00
183,584,203,2025-06-17,1471.0,delivered,,,2025-06-17 17:41:00
184,588,422,2025-03-16,568.0,delivered,,,2025-03-16 08:09:00
185,591,536,2025-02-21,84.0,delivered,,,2025-02-21 09:36:00
186,592,893,2025-02-06,590.0,delivered,,,2025-02-06 22:11:00
187,594,759,2025-06-25,858.0,delivered,,,2025-06-25 14:07:00
188,595,707,2025-05-03,90.0,cancelled,late_delivery,customer,
189,597,863,2025-04-26,994.0,delivered,,,2025-04-26 21:25:00
190,599,845,2025-05-22,50.0,delivered,,,2025-05-22 12:32:00
191,602,1195,2025-03-28,306.0,cancelled,substitute_rejected,customer,
192,603,350,2025-04-03,97.0,delivered,,,2025-04-03 21:35:00
193,612,944,2025-06-20,862.0,delivered,,,2025-06-20 10:22:00
194,613,907,2025-02-15,259.0,delivered,,,2025-02-15 13:34:00
195,618,310,2025-01-25,216.0,delivered,,,2025-01-25 07:17:00
196,619,999,2025-01-28,1931.0,delivered,,,2025-01-28 09:04:00
197,624,989,2025-03-23,955.0,delivered,,,2025-03-23 21:58:00
198,625,864,2025-02-07,272.0,delivered,,,2025-02-07 22:13:00
199,628,811,2025-01-23,606.0,delivered,,,2025-01-23 13:17:00
200,629,1026,2025-06-12,240.0,delivered,,,2025-06-12 19:20:00
201,630,1043,2025-02-24,1542.0,delivered,,,2025-02-24 11:40:00
202,632,517,2025-01-04,393.0,delivered,,,2025-01-04 13:56:00
203,633,160,2025-01-08,734.0,cancelled,address_issue,seller,
204,634,246,2025-02-22,439.0,delivered,,,2025-02-22 11:33:00
205,638,178,2025-03-27,676.0,delivered,,,2025-03-27 18:25:00
206,641,218,2025-02-09,172.0,delivered,,,2025-02-09 13:28:00
207,644,193,2025-03-03,586.0,delivered,,,2025-03-03 21:42:00
208,648,1196,2025-04-24,80.0,delivered,,,2025-04-24 09:50:00
209,649,858,2025-05-23,486.0,delivered,,,2025-05-23 20:23:00
210,650,1142,2025-06-18,603.0,delivered,,,2025-06-18 12:40:00
211,653,741,2025-04-15,115.0,delivered,,,2025-04-15 09:12:00
212,657,1176,2025-06-27,472.0,delivered,,,2025-06-27 22:28:00
213,662,408,2025-06-10,768.0,cancelled,late_delivery,customer,
214,665,553,2025-03-05,724.0,delivered,,,2025-03-05 20:37:00
215,666,48,2025-06-22,878.0,delivered,,,2025-06-22 22:06:00
216,667,1154,2025-04-26,2065.0,delivered,,,2025-04-26 07:01:00
217,672,1052,2025-01-15,1253.0,delivered,,,2025-01-15 19:33:00
218,673,1128,2025-05-15,165.0,delivered,,,2025-05-15 21:28:00
219,678,888,2025-05-12,772.0,delivered,,,2025-05-13 00:48:00
220,681,399,2025-02-08,664.0,delivered,,,2025-02-08 20:49:00
221,683,678,2025-02-09,240.0,delivered,,,2025-02-09 23:49:00
222,688,312,2025-02-15,657.0,delivered,,,2025-02-15 08:02:00
223,694,303,2025-02-08,310.0,delivered,,,2025-02-08 09:25:00
224,699,950,2025-03-01,400.0,cancelled,changed_mind,customer,
225,700,156,2025-05-20,1412.0,delivered,,,2025-05-20 20:12:00
226,702,554,2025-04-26,726.0,cancelled,address_issue,seller,
227,703,720,2025-04-21,245.0,delivered,,,2025-04-21 10:30:00
228,706,239,2025-05-22,0,cancelled,items_unavailable,system,
229,711,191,2025-01-14,454.0,cancelled,address_issue,seller,
230,712,1044,2025-06-24,1172.0,delivered,,,2025-06-25 00:34:00
231,713,3,2025-02-18,36.0,delivered,,,2025-02-18 16:05:00
232,714,273,2025-01-29,114.0,delivered,,,2025-01-29 07:58:00
233,717,289,2025-01-04,633.0,delivered,,,2025-01-04 23:09:00
234,718,553,2025-02-04,1446.0,delivered,,,2025-02-04 07:48:00
235,719,1018,2025-01-06,420.0,cancelled,late_delivery,customer,
236,723,1124,2025-02-24,115.0,delivered,,,2025-02-24 13:25:00
237,726,1179,2025-03-31,1489.0,delivered,,,2025-03-31 19:21:00
238,727,316,2025-02-10,322.0,delivered,,,2025-02-10 22:39:00
239,728,928,2025-05-17,76.0,delivered,,,2025-05-17 13:08:00
240,729,471,2025-01-29,191.0,delivered,,,2025-01-30 01:00:00
241,730,1005,2025-02-26,1607.0,delivered,,,2025-02-26 09:20:00
242,733,157,2025-03-15,473.0,delivered,,,2025-03-16 00:03:00
243,734,774,2025-02-08,31.0,delivered,,,2025-02-08 16:02:00
244,735,728,2025-06-09,480.0,delivered,,,2025-06-09 22:41:00
245,737,1021,2025-02-19,667.0,delivered,,,2025-02-19 19:35:00
246,739,727,2025-03-16,62.0,delivered,,,2025-03-16 08:21:00
247,742,1063,2025-03-26,1443.0,delivered,,,2025-03-26 11:17:00
248,744,407,2025-06-23,1115.0,delivered,,,2025-06-23 13:07:00
249,747,851,2025-06-24,923.0,delivered,,,2025-06-24 13:15:00
250,749,189,2025-03-17,0,cancelled,items_unavailable,system,
251,754,238,2025-01-02,486.0,cancelled,payment_failed,system,
252,763,1116,2025-03-10,0,cancelled,items_unavailable,system,
253,768,659,2025-02-15,62.0,cancelled,substitute_rejected,customer,
254,770,137,2025-04-12,0,cancelled,substitute_rejected,customer,
255,771,822,2025-01-21,1014.0,delivered,,,2025-01-21 20:47:00
256,775,154,2025-01-24,313.0,delivered,,,2025-01-24 23:02:00
257,776,236,2025-06-24,309.0,delivered,,,2025-06-24 17:12:00
258,799,246,2025-05-28,572.0,delivered,,,2025-05-28 10:01:00
259,801,917,2025-06-08,530.0,delivered,,,2025-06-08 15:59:00
260,805,573,2025-05-31,179.0,delivered,,,2025-05-31 20:00:00
261,807,238,2025-01-18,393.0,delivered,,,2025-01-18 13:32:00
262,808,904,2025-04-16,510.0,delivered,,,2025-04-16 11:32:00
263,813,1135,2025-01-14,270.0,delivered,,,2025-01-15 00:42:00
264,814,875,2025-05-30,836.0,delivered,,,2025-05-30 10:05:00
265,815,594,2025-03-27,309.0,delivered,,,2025-03-27 16:27:00
266,818,954,2025-05-26,0,cancelled,substitute_rejected,customer,
267,819,225,2025-02-11,230.0,delivered,,,2025-02-11 13:28:00
268,821,1024,2025-02-07,406.0,delivered,,,2025-02-07 19:22:00
269,826,1166,2025-06-27,909.0,delivered,,,2025-06-27 23:11:00
270,828,320,2025-01-14,590.0,delivered,,,2025-01-14 19:55:00
271,829,260,2025-01-28,93.0,delivered,,,2025-01-28 17:42:00
272,832,946,2025-05-23,1035.0,cancelled,payment_failed,system,
273,833,222,2025-04-29,767.0,delivered,,,2025-04-29 09:32:00
274,834,916,2025-03-06,786.0,delivered,,,2025-03-06 22:05:00
275,839,1084,2025-06-15,988.0,delivered,,,2025-06-15 09:25:00
276,840,1194,2025-06-06,1157.0,delivered,,,2025-06-06 21:39:00
277,842,1041,2025-01-19,398.0,cancelled,changed_mind,customer,
278,843,53,2025-05-02,179.0,delivered,,,2025-05-02 17:35:00
279,844,339,2025-05-10,432.0,delivered,,,2025-05-10 11:34:00
280,846,786,2025-06-06,311.0,delivered,,,2025-06-06 20:03:00
281,848,130,2025-01-29,816.0,cancelled,substitute_rejected,customer,
282,855,740,2025-06-27,228.0,delivered,,,2025-06-27 08:28:00
283,857,1141,2025-04-16,207.0,delivered,,,2025-04-16 08:32:00
284,858,453,2025-06-05,236.0,delivered,,,2025-06-05 07:43:00
285,863,837,2025-06-13,72.0,delivered,,,2025-06-13 20:18:00
286,867,316,2025-03-15,532.0,delivered,,,2025-03-16 01:15:00
287,871,213,2025-04-12,187.0,delivered,,,2025-04-12 21:31:00
288,877,803,2025-05-26,1838.0,delivered,,,2025-05-26 12:59:00
289,879,482,2025-03-23,931.0,cancelled,address_issue,seller,
290,880,828,2025-03-13,1529.0,delivered,,,2025-03-13 17:58:00
291,892,259,2025-01-01,2181.0,delivered,,,2025-01-01 07:35:00
292,899,290,2025-03-21,522.0,delivered,,,2025-03-22 00:16:00
293,903,20,2025-03-27,1147.0,cancelled,address_issue,seller,
294,909,590,2025-03-19,562.0,delivered,,,2025-03-19 07:33:00
295,913,768,2025-04-11,439.0,delivered,,,2025-04-11 22:59:00
296,917,1108,2025-03-06,888.0,delivered,,,2025-03-06 14:28:00
297,919,18,2025-04-05,60.0,delivered,,,2025-04-05 18:28:00
298,920,388,2025-01-26,93.0,delivered,,,2025-01-26 12:37:00
299,923,769,2025-05-29,1804.0,delivered,,,2025-05-29 23:08:00
300,931,856,2025-04-28,1351.0,delivered,,,2025-04-28 08:52:00
301,935,835,2025-03-21,303.0,delivered,,,2025-03-21 09:21:00
302,938,688,2025-03-03,313.0,delivered,,,2025-03-03 20:38:00
303,941,543,2025-03-05,303.0,delivered,,,2025-03-05 12:01:00
304,943,190,2025-03-23,682.0,delivered,,,2025-03-23 12:31:00
305,950,1070,2025-03-15,2172.0,cancelled,changed_mind,customer,
306,952,1148,2025-01-23,851.0,delivered,,,2025-01-23 22:39:00
307,954,235,2025-06-25,115.0,delivered,,,2025-06-25 21:57:00
308,958,434,2025-05-08,115.0,delivered,,,2025-05-08 18:49:00
309,959,1171,2025-06-08,779.0,delivered,,,2025-06-08 19:58:00
310,961,633,2025-06-22,0,cancelled,substitute_rejected,customer,
311,962,103,2025-05-24,409.0,delivered,,,2025-05-24 21:25:00
312,963,78,2025-03-11,1024.0,delivered,,,2025-03-11 20:52:00
313,970,1063,2025-04-16,0,cancelled,items_unavailable,system,
314,974,323,2025-01-09,367.0,delivered,,,2025-01-09 14:25:00
315,975,289,2025-05-30,1655.0,delivered,,,2025-05-30 08:06:00
316,976,408,2025-02-09,178.0,delivered,,,2025-02-09 14:26:00
317,979,432,2025-02-14,0,cancelled,items_unavailable,system,
318,983,132,2025-01-11,80.0,delivered,,,2025-01-11 18:03:00
319,985,516,2025-03-23,610.0,delivered,,,2025-03-23 10:20:00
320,987,784,2025-02-19,786.0,delivered,,,2025-02-19 07:57:00
321,988,25,2025-02-12,325.0,delivered,,,2025-02-12 08:31:00
322,989,654,2025-04-02,777.0,delivered,,,2025-04-02 11:14:00
323,993,194,2025-01-20,503.0,delivered,,,2025-01-20 19:27:00
324,994,906,2025-03-22,537.0,cancelled,changed_mind,customer,
325,996,1047,2025-06-29,971.0,cancelled,changed_mind,customer,
326,1000,1028,2025-02-22,663.0,delivered,,,2025-02-22 13:58:00
327,1001,716,2025-06-03,1655.0,delivered,,,2025-06-03 10:02:00
328,1004,284,2025-06-07,374.0,delivered,,,2025-06-07 23:10:00
329,1009,1063,2025-04-13,183.0,delivered,,,2025-04-14 00:28:00
330,1013,27,2025-06-23,346.0,delivered,,,2025-06-23 18:24:00
331,1015,621,2025-06-03,999.0,delivered,,,2025-06-03 08:40:00
332,1016,901,2025-03-20,217.0,delivered,,,2025-03-20 22:39:00
333,1021,744,2025-04-25,312.0,delivered,,,2025-04-25 21:49:00
334,1024,1141,2025-05-03,100.0,cancelled,substitute_rejected,customer,
335,1027,134,2025-04-12,265.0,delivered,,,2025-04-12 11:52:00
336,1031,228,2025-02-06,327.0,cancelled,late_delivery,customer,
337,1033,1072,2025-02-25,329.0,cancelled,address_issue,seller,
338,1034,1174,2025-01-27,412.0,delivered,,,2025-01-27 21:03:00
339,1035,653,2025-01-06,225.0,delivered,,,2025-01-06 09:57:00
340,1040,1041,2025-02-16,2459.0,delivered,,,2025-02-16 21:16:00
341,1042,555,2025-05-29,0,cancelled,items_unavailable,system,
342,1043,8,2025-05-18,275.0,delivered,,,2025-05-18 15:45:00
343,1046,1032,2025-05-10,1097.0,delivered,,,2025-05-10 22:11:00
344,1048,139,2025-03-01,838.0,delivered,,,2025-03-01 09:27:00
345,1049,296,2025-04-30,606.0,delivered,,,2025-04-30 07:26:00
346,1051,1195,2025-05-02,369.0,delivered,,,2025-05-02 16:40:00
347,1053,573,2025-05-07,0,cancelled,substitute_rejected,customer,
348,1055,35,2025-04-25,831.0,delivered,,,2025-04-25 23:20:00
349,1064,384,2025-02-13,1555.0,delivered,,,2025-02-13 08:51:00
350,1068,1072,2025-06-19,329.0,delivered,,,2025-06-20 01:06:00
351,1070,560,2025-02-07,506.0,delivered,,,2025-02-07 08:14:00
352,1073,1147,2025-03-26,265.0,delivered,,,2025-03-26 11:02:00
353,1077,52,2025-03-02,268.0,delivered,,,2025-03-02 07:36:00
354,1086,712,2025-01-12,308.0,delivered,,,2025-01-12 11:37:00
355,1090,956,2025-04-04,849.0,delivered,,,2025-04-04 08:12:00
356,1094,954,2025-01-04,1230.0,delivered,,,2025-01-04 13:12:00
357,1103,157,2025-03-26,444.0,delivered,,,2025-03-26 10:18:00
358,1105,960,2025-04-24,626.0,delivered,,,2025-04-24 10:00:00
359,1107,150,2025-03-25,207.0,delivered,,,2025-03-25 22:09:00
360,1108,381,2025-01-12,897.0,delivered,,,2025-01-12 21:49:00
361,1115,706,2025-01-20,957.0,delivered,,,2025-01-20 07:53:00
362,1121,376,2025-05-28,552.0,delivered,,,2025-05-28 15:09:00
363,1124,1154,2025-04-21,207.0,delivered,,,2025-04-21 20:00:00
364,1126,352,2025-01-20,269.0,delivered,,,2025-01-20 19:07:00
365,1128,122,2025-02-27,322.0,cancelled,payment_failed,system,
366,1133,201,2025-04-25,259.0,delivered,,,2025-04-25 09:20:00
367,1139,16,2025-05-07,313.0,delivered,,,2025-05-07 08:37:00
368,1145,808,2025-01-11,36.0,delivered,,,2025-01-11 11:07:00
369,1147,295,2025-03-24,74.0,delivered,,,2025-03-24 19:20:00
370,1151,1013,2025-02-14,61.0,delivered,,,2025-02-14 16:40:00
371,1157,720,2025-04-17,730.0,delivered,,,2025-04-17 21:03:00
372,1160,278,2025-04-16,688.0,delivered,,,2025-04-16 23:24:00
373,1169,487,2025-06-13,1334.0,delivered,,,2025-06-13 07:01:00
374,1172,1188,2025-01-14,154.0,delivered,,,2025-01-14 10:15:00
375,1173,845,2025-01-13,1085.0,delivered,,,2025-01-13 13:20:00
376,1174,1158,2025-06-11,776.0,delivered,,,2025-06-11 15:02:00
377,1175,863,2025-03-09,264.0,delivered,,,2025-03-09 14:54:00
378,1178,602,2025-06-26,0,cancelled,items_unavailable,system,
379,1179,498,2025-03-11,37.0,delivered,,,2025-03-11 23:54:00
380,1184,317,2025-05-21,116.0,delivered,,,2025-05-21 14:12:00
381,1186,594,2025-06-18,2504.0,cancelled,payment_failed,system,
382,1187,891,2025-04-09,2594.0,delivered,,,2025-04-09 15:52:00
383,1192,93,2025-06-09,286.0,cancelled,address_issue,seller,
384,1195,1142,2025-01-23,2022.0,delivered,,,2025-01-23 23:12:00
385,1196,97,2025-01-01,0,cancelled,substitute_rejected,customer,
386,1200,615,2025-05-10,716.0,delivered,,,2025-05-10 08:58:00
387,1201,456,2025-02-07,1045.0,delivered,,,2025-02-07 19:17:00
388,1204,836,2025-03-05,494.0,delivered,,,2025-03-05 17:24:00
389,1207,383,2025-06-09,374.0,delivered,,,2025-06-10 00:36:00
390,1208,675,2025-05-23,907.0,delivered,,,2025-05-23 08:12:00
391,1209,63,2025-06-13,1057.0,delivered,,,2025-06-13 12:16:00
392,1218,134,2025-02-14,360.0,delivered,,,2025-02-14 22:58:00
393,1223,70,2025-03-18,1087.0,delivered,,,2025-03-18 22:10:00
394,1225,731,2025-04-14,472.0,delivered,,,2025-04-14 15:33:00
395,1227,527,2025-01-26,3066.0,delivered,,,2025-01-26 12:43:00
396,1232,911,2025-01-31,0,cancelled,items_unavailable,system,
397,1236,927,2025-02-19,1323.0,delivered,,,2025-02-19 08:37:00
398,1237,436,2025-05-30,91.0,delivered,,,2025-05-30 20:19:00
399,1248,116,2025-04-20,664.0,delivered,,,2025-04-20 17:32:00
400,1254,55,2025-04-13,457.0,delivered,,,2025-04-13 19:26:00
401,1259,661,2025-05-18,786.0,delivered,,,2025-05-18 21:35:00
402,1264,797,2025-02-23,1138.0,cancelled,substitute_rejected,customer,
403,1265,829,2025-03-15,124.0,delivered,,,2025-03-15 10:02:00
404,1267,59,2025-06-12,577.0,delivered,,,2025-06-12 19:23:00
405,1281,1098,2025-03-21,623.0,delivered,,,2025-03-21 14:09:00
406,1289,844,2025-02-25,61.0,delivered,,,2025-02-25 16:28:00
407,1293,799,2025-03-05,2149.0,delivered,,,2025-03-05 23:30:00
408,1296,321,2025-06-28,1245.0,delivered,,,2025-06-28 19:57:00
409,1299,1139,2025-03-12,62.0,delivered,,,2025-03-12 13:12:00
410,1301,608,2025-02-18,62.0,delivered,,,2025-02-18 10:55:00
411,1302,925,2025-06-24,115.0,delivered,,,2025-06-25 00:19:00
412,1306,187,2025-03-14,308.0,delivered,,,2025-03-14 09:30:00
413,1309,1159,2025-06-01,0,cancelled,substitute_rejected,customer,
414,1313,618,2025-04-08,299.0,delivered,,,2025-04-08 10:55:00
415,1322,996,2025-05-01,345.0,cancelled,address_issue,seller,
416,1324,237,2025-01-08,762.0,delivered,,,2025-01-08 17:16:00
417,1327,264,2025-06-14,238.0,delivered,,,2025-06-14 23:47:00
418,1330,383,2025-04-18,453.0,delivered,,,2025-04-18 20:20:00
419,1333,671,2025-03-14,630.0,cancelled,payment_failed,system,
420,1336,245,2025-02-15,51.0,delivered,,,2025-02-15 19:42:00
421,1337,16,2025-01-25,1700.0,delivered,,,2025-01-25 07:43:00
422,1340,502,2025-01-31,312.0,delivered,,,2025-01-31 16:31:00
423,1344,1167,2025-06-28,654.0,delivered,,,2025-06-28 11:57:00
424,1347,452,2025-05-06,1032.0,cancelled,late_delivery,customer,
425,1354,766,2025-06-28,2562.0,delivered,,,2025-06-28 08:20:00
426,1358,1181,2025-05-11,476.0,delivered,,,2025-05-11 13:04:00
427,1361,586,2025-03-14,108.0,delivered,,,2025-03-14 08:29:00
428,1367,328,2025-01-11,125.0,delivered,,,2025-01-11 18:05:00
429,1375,238,2025-03-16,350.0,cancelled,payment_failed,system,
430,1376,875,2025-05-30,902.0,cancelled,substitute_rejected,customer,
431,1379,235,2025-01-10,1056.0,delivered,,,2025-01-10 10:30:00
432,1382,595,2025-06-26,1099.0,delivered,,,2025-06-26 11:03:00
433,1385,1089,2025-06-14,935.0,delivered,,,2025-06-14 14:47:00
434,1388,181,2025-05-21,1314.0,delivered,,,2025-05-21 13:29:00
435,1391,838,2025-05-15,224.0,delivered,,,2025-05-15 17:36:00
436,1396,290,2025-01-27,270.0,cancelled,payment_failed,system,
437,1397,706,2025-02-28,90.0,delivered,,,2025-02-28 13:13:00
438,1407,291,2025-03-11,223.0,delivered,,,2025-03-11 19:22:00
439,1408,678,2025-01-26,480.0,delivered,,,2025-01-26 10:25:00
440,1417,530,2025-02-21,146.0,delivered,,,2025-02-21 16:33:00
441,1418,132,2025-02-11,93.0,delivered,,,2025-02-11 22:47:00
442,1420,736,2025-04-26,649.0,delivered,,,2025-04-26 22:36:00
443,1421,1137,2025-03-21,967.0,delivered,,,2025-03-21 18:37:00
444,1422,155,2025-06-20,173.0,delivered,,,2025-06-20 10:58:00
445,1426,177,2025-03-04,2769.0,delivered,,,2025-03-04 19:16:00
446,1429,52,2025-04-28,207.0,delivered,,,2025-04-28 10:12:00
447,1430,448,2025-01-29,93.0,delivered,,,2025-01-29 10:14:00
448,1431,425,2025-05-03,186.0,delivered,,,2025-05-03 07:53:00
449,1433,371,2025-06-02,655.0,delivered,,,2025-06-02 10:40:00
450,1438,1000,2025-01-23,259.0,cancelled,substitute_rejected,customer,
451,1443,137,2025-03-07,296.0,delivered,,,2025-03-07 22:59:00
452,1444,734,2025-05-23,0,cancelled,substitute_rejected,customer,
453,1445,743,2025-04-29,0,cancelled,items_unavailable,system,
454,1450,17,2025-01-27,116.0,delivered,,,2025-01-27 16:14:00
455,1451,56,2025-03-23,423.0,delivered,,,2025-03-23 14:56:00
456,1452,134,2025-02-19,376.0,delivered,,,2025-02-19 07:58:00
457,1453,840,2025-06-22,236.0,delivered,,,2025-06-22 23:41:00
458,1460,1104,2025-01-05,664.0,delivered,,,2025-01-05 21:05:00
459,1462,891,2025-03-13,1136.0,delivered,,,2025-03-13 17:28:00
460,1464,834,2025-06-21,296.0,delivered,,,2025-06-21 19:48:00
461,1465,756,2025-05-06,108.0,delivered,,,2025-05-06 21:26:00
462,1471,632,2025-03-18,1437.0,delivered,,,2025-03-18 09:11:00
463,1475,1028,2025-03-22,558.0,delivered,,,2025-03-22 09:30:00
464,1476,1122,2025-01-05,1235.0,delivered,,,2025-01-05 18:50:00
465,1478,437,2025-03-06,441.0,delivered,,,2025-03-06 22:23:00
466,1479,985,2025-01-22,1960.0,delivered,,,2025-01-23 01:21:00
467,1484,209,2025-02-09,221.0,delivered,,,2025-02-09 22:35:00
468,1485,657,2025-03-20,581.0,delivered,,,2025-03-20 15:58:00
469,1486,202,2025-06-03,1771.0,delivered,,,2025-06-03 15:12:00
470,1487,328,2025-02-01,207.0,delivered,,,2025-02-01 19:19:00
471,1489,949,2025-03-28,1295.0,delivered,,,2025-03-28 22:21:00
472,1491,978,2025-04-13,236.0,delivered,,,2025-04-13 17:05:00
473,1497,306,2025-06-19,337.0,delivered,,,2025-06-20 00:52:00
474,1499,301,2025-02-21,279.0,delivered,,,2025-02-21 09:39:00
475,1504,671,2025-02-09,413.0,cancelled,payment_failed,system,
476,1505,521,2025-01-22,786.0,delivered,,,2025-01-22 23:24:00
477,1511,446,2025-06-22,516.0,delivered,,,2025-06-22 22:04:00
478,1512,985,2025-05-25,548.0,delivered,,,2025-05-25 10:56:00
479,1514,1193,2025-04-03,823.0,delivered,,,2025-04-03 16:58:00
480,1515,998,2025-03-03,185.0,delivered,,,2025-03-03 17:00:00
481,1520,911,2025-05-07,491.0,cancelled,changed_mind,customer,
482,1521,73,2025-06-15,935.0,cancelled,substitute_rejected,customer,
483,1532,693,2025-06-15,746.0,delivered,,,2025-06-16 00:25:00
484,1533,276,2025-03-08,1256.0,cancelled,substitute_rejected,customer,
485,1541,506,2025-04-12,339.0,cancelled,items_unavailable,seller,
486,1546,117,2025-02-03,0,cancelled,items_unavailable,system,
487,1547,20,2025-03-25,156.0,delivered,,,2025-03-25 22:11:00
488,1549,445,2025-03-30,370.0,delivered,,,2025-03-30 18:46:00
489,1552,1040,2025-05-16,161.0,delivered,,,2025-05-16 19:16:00
490,1553,903,2025-04-06,770.0,delivered,,,2025-04-06 20:41:00
491,1560,525,2025-03-21,1034.0,delivered,,,2025-03-21 11:23:00
492,1563,356,2025-06-20,1437.0,delivered,,,2025-06-20 19:04:00
493,1564,1002,2025-03-11,907.0,delivered,,,2025-03-11 09:20:00
494,1568,315,2025-01-20,1010.0,delivered,,,2025-01-20 15:35:00
495,1569,1152,2025-04-01,591.0,delivered,,,2025-04-01 11:34:00
496,1579,681,2025-01-30,2295.0,delivered,,,2025-01-30 21:25:00
497,1580,336,2025-03-04,310.0,delivered,,,2025-03-04 17:42:00
498,1581,825,2025-02-21,2418.0,delivered,,,2025-02-21 12:17:00
499,1585,208,2025-05-02,2415.0,delivered,,,2025-05-02 14:42:00
500,1587,613,2025-01-19,518.0,delivered,,,2025-01-19 09:12:00
501,1589,141,2025-01-29,702.0,delivered,,,2025-01-29 18:09:00
502,1590,275,2025-06-21,126.0,cancelled,items_unavailable,seller,
503,1597,939,2025-01-05,224.0,delivered,,,2025-01-05 21:41:00
504,1598,794,2025-04-22,664.0,delivered,,,2025-04-22 19:37:00
505,1602,986,2025-04-17,1233.0,delivered,,,2025-04-17 10:01:00
506,1603,1155,2025-02-23,387.0,delivered,,,2025-02-23 22:34:00
507,1605,774,2025-04-26,207.0,delivered,,,2025-04-26 18:07:00
508,1608,25,2025-04-21,240.0,delivered,,,2025-04-21 08:19:00
509,1610,1138,2025-04-11,489.0,delivered,,,2025-04-11 14:13:00
510,1616,313,2025-05-01,2042.0,delivered,,,2025-05-01 15:26:00
511,1619,832,2025-01-25,186.0,delivered,,,2025-01-25 12:38:00
512,1621,219,2025-04-27,310.0,delivered,,,2025-04-27 20:42:00
513,1622,906,2025-04-19,429.0,delivered,,,2025-04-19 08:26:00
514,1636,262,2025-01-19,265.0,delivered,,,2025-01-19 08:07:00
515,1638,589,2025-06-13,103.0,delivered,,,2025-06-13 15:16:00
516,1641,658,2025-02-17,240.0,delivered,,,2025-02-17 16:53:00
517,1646,706,2025-05-06,393.0,delivered,,,2025-05-06 21:32:00
518,1647,151,2025-04-11,1825.0,delivered,,,2025-04-11 20:57:00
519,1650,596,2025-01-01,159.0,delivered,,,2025-01-01 21:45:00
520,1652,1084,2025-02-18,592.0,delivered,,,2025-02-18 16:18:00
521,1653,626,2025-01-01,592.0,cancelled,late_delivery,customer,
522,1656,836,2025-04-17,83.0,delivered,,,2025-04-17 10:23:00
523,1659,326,2025-06-25,3432.0,cancelled,address_issue,seller,
524,1669,723,2025-04-04,261.0,delivered,,,2025-04-05 01:10:00
525,1673,1173,2025-03-22,782.0,delivered,,,2025-03-22 21:33:00
526,1674,648,2025-01-01,2313.0,delivered,,,2025-01-01 22:23:00
527,1678,643,2025-01-11,180.0,delivered,,,2025-01-11 11:32:00
528,1680,30,2025-04-23,514.0,delivered,,,2025-04-23 19:10:00
529,1683,127,2025-01-10,996.0,cancelled,payment_failed,system,
530,1684,947,2025-03-29,393.0,delivered,,,2025-03-29 09:51:00
531,1695,314,2025-05-14,1016.0,delivered,,,2025-05-14 09:17:00
532,1703,970,2025-06-27,548.0,delivered,,,2025-06-27 17:42:00
533,1705,385,2025-06-06,194.0,delivered,,,2025-06-06 15:07:00
534,1706,96,2025-06-07,240.0,delivered,,,2025-06-07 19:47:00
535,1709,146,2025-06-23,2567.0,delivered,,,2025-06-23 21:26:00
536,1711,1123,2025-02-06,0,cancelled,items_unavailable,system,
537,1716,981,2025-06-21,0,cancelled,items_unavailable,system,
538,1717,128,2025-01-08,682.0,delivered,,,2025-01-08 20:43:00
539,1718,857,2025-01-27,1000.0,delivered,,,2025-01-27 11:19:00
540,1720,85,2025-06-07,1832.0,delivered,,,2025-06-07 15:28:00
541,1722,920,2025-04-23,972.0,delivered,,,2025-04-23 10:19:00
542,1725,260,2025-04-25,1154.0,delivered,,,2025-04-25 06:56:00
543,1728,477,2025-03-29,472.0,delivered,,,2025-03-29 19:55:00
544,1730,332,2025-03-22,310.0,delivered,,,2025-03-22 15:08:00
545,1732,1022,2025-02-06,664.0,delivered,,,2025-02-07 00:38:00
546,1734,724,2025-03-29,76.0,delivered,,,2025-03-29 18:04:00
547,1735,1146,2025-02-11,752.0,delivered,,,2025-02-11 17:24:00
548,1736,306,2025-06-20,398.0,delivered,,,2025-06-20 11:35:00
549,1740,478,2025-04-04,808.0,delivered,,,2025-04-04 21:45:00
550,1741,334,2025-01-13,790.0,delivered,,,2025-01-14 01:01:00
551,1742,1002,2025-06-28,338.0,delivered,,,2025-06-28 10:29:00
552,1743,596,2025-01-08,115.0,delivered,,,2025-01-08 10:46:00
553,1755,1090,2025-03-02,522.0,delivered,,,2025-03-02 20:06:00
554,1758,407,2025-05-13,0,cancelled,items_unavailable,system,
555,1766,40,2025-06-10,143.0,delivered,,,2025-06-10 15:52:00
556,1768,137,2025-03-11,1037.0,delivered,,,2025-03-11 16:08:00
557,1769,109,2025-05-23,240.0,delivered,,,2025-05-23 10:13:00
558,1774,569,2025-01-01,0,delivered,,,2025-01-01 23:20:00
559,1776,619,2025-06-21,648.0,delivered,,,2025-06-21 23:38:00
560,1778,124,2025-04-16,153.0,delivered,,,2025-04-16 06:54:00
561,1780,1188,2025-01-09,472.0,delivered,,,2025-01-09 23:22:00
562,1781,697,2025-04-20,592.0,delivered,,,2025-04-20 22:39:00
563,1785,1178,2025-04-02,1012.0,delivered,,,2025-04-02 13:13:00
564,1786,73,2025-05-01,1559.0,delivered,,,2025-05-01 08:11:00
565,1788,233,2025-06-18,637.0,delivered,,,2025-06-18 19:37:00
566,1793,1013,2025-03-18,1261.0,delivered,,,2025-03-19 00:40:00
567,1794,15,2025-03-24,0,cancelled,substitute_rejected,customer,
568,1795,381,2025-03-14,664.0,delivered,,,2025-03-14 23:49:00
569,1803,663,2025-05-11,844.0,delivered,,,2025-05-11 19:32:00
570,1815,544,2025-02-24,711.0,cancelled,substitute_rejected,customer,
571,1817,270,2025-02-28,288.0,delivered,,,2025-02-28 14:39:00
572,1818,1137,2025-06-04,383.0,delivered,,,2025-06-04 11:23:00
573,1822,1028,2025-06-27,442.0,delivered,,,2025-06-27 21:46:00
574,1823,883,2025-06-22,887.0,delivered,,,2025-06-23 00:39:00
575,1825,914,2025-04-10,115.0,delivered,,,2025-04-10 19:45:00
576,1830,1103,2025-02-26,90.0,delivered,,,2025-02-26 15:29:00
577,1834,1134,2025-03-05,51.0,delivered,,,2025-03-05 15:59:00
578,1838,743,2025-03-12,296.0,delivered,,,2025-03-12 21:48:00
579,1840,268,2025-02-09,766.0,delivered,,,2025-02-09 22:13:00
580,1846,372,2025-03-02,87.0,delivered,,,2025-03-02 21:55:00
581,1847,1173,2025-06-09,393.0,delivered,,,2025-06-09 15:05:00
582,1852,807,2025-03-06,93.0,delivered,,,2025-03-06 22:05:00
583,1862,794,2025-05-30,547.0,delivered,,,2025-05-30 15:01:00
584,1866,1189,2025-01-31,148.0,delivered,,,2025-01-31 14:47:00
585,1870,110,2025-06-10,666.0,delivered,,,2025-06-10 22:49:00
586,1872,1082,2025-05-01,1090.0,delivered,,,2025-05-01 08:37:00
587,1875,548,2025-04-27,789.0,delivered,,,2025-04-27 23:55:00
588,1878,442,2025-06-10,156.0,cancelled,changed_mind,customer,
589,1880,124,2025-02-23,876.0,delivered,,,2025-02-23 11:51:00
590,1882,485,2025-01-22,159.0,delivered,,,2025-01-23 00:28:00
591,1884,673,2025-05-09,61.0,delivered,,,2025-05-09 21:32:00
592,1889,591,2025-03-05,0,cancelled,items_unavailable,system,
593,1895,602,2025-04-05,888.0,delivered,,,2025-04-05 17:23:00
594,1896,861,2025-05-13,446.0,delivered,,,2025-05-13 23:42:00
595,1902,1166,2025-01-24,1243.0,delivered,,,2025-01-24 17:03:00
596,1904,280,2025-02-05,672.0,delivered,,,2025-02-05 13:34:00
597,1909,728,2025-03-06,93.0,delivered,,,2025-03-06 11:44:00
598,1917,510,2025-04-19,143.0,delivered,,,2025-04-19 20:10:00
599,1924,655,2025-04-18,1687.0,delivered,,,2025-04-18 17:13:00
600,1932,685,2025-04-05,1349.0,delivered,,,2025-04-05 21:24:00
601,1936,627,2025-04-26,1034.0,delivered,,,2025-04-26 13:38:00
602,1937,721,2025-01-28,220.0,delivered,,,2025-01-28 20:46:00
603,1939,962,2025-02-07,664.0,delivered,,,2025-02-07 08:48:00
604,1941,980,2025-06-14,800.0,delivered,,,2025-06-14 19:31:00
605,1946,324,2025-01-09,460.0,cancelled,substitute_rejected,customer,
606,1947,467,2025-03-11,2059.0,delivered,,,2025-03-11 16:10:00
607,1949,685,2025-02-11,228.0,delivered,,,2025-02-11 08:04:00
608,1951,531,2025-06-19,130.0,delivered,,,2025-06-19 08:30:00
609,1954,894,2025-05-16,525.0,delivered,,,2025-05-16 17:43:00
610,1961,642,2025-01-30,296.0,delivered,,,2025-01-31 00:32:00
611,1968,425,2025-04-22,1111.0,delivered,,,2025-04-22 14:44:00
612,1974,1194,2025-02-18,187.0,delivered,,,2025-02-18 08:29:00
613,1975,54,2025-03-29,211.0,delivered,,,2025-03-29 11:21:00
614,1976,955,2025-02-20,0,cancelled,items_unavailable,system,
615,1979,1096,2025-03-03,633.0,delivered,,,2025-03-03 09:11:00
616,1980,190,2025-02-03,1144.0,delivered,,,2025-02-03 09:59:00
617,1981,393,2025-05-26,393.0,delivered,,,2025-05-26 22:51:00
618,1986,1135,2025-05-06,613.0,cancelled,late_delivery,customer,
619,1989,220,2025-03-23,924.0,delivered,,,2025-03-23 23:08:00
620,1995,573,2025-06-27,746.0,delivered,,,2025-06-27 16:10:00
621,1999,1052,2025-04-24,236.0,delivered,,,2025-04-25 00:06:00
622,2000,502,2025-03-09,461.0,delivered,,,2025-03-09 19:05:00
623,2002,233,2025-01-07,3391.0,delivered,,,2025-01-07 11:01:00
624,2003,1148,2025-04-19,214.0,delivered,,,2025-04-19 09:47:00
625,2007,683,2025-05-13,440.0,delivered,,,2025-05-13 07:55:00
626,2008,1009,2025-03-12,100.0,delivered,,,2025-03-12 19:45:00
627,2010,519,2025-02-20,1992.0,delivered,,,2025-02-20 19:48:00
628,2013,548,2025-05-27,50.0,delivered,,,2025-05-27 18:25:00
629,2014,726,2025-01-30,1215.0,delivered,,,2025-01-30 12:56:00
630,2017,694,2025-05-15,1180.0,delivered,,,2025-05-15 11:26:00
631,2019,1166,2025-03-29,313.0,delivered,,,2025-03-29 13:57:00
632,2021,395,2025-01-22,147.0,delivered,,,2025-01-22 16:06:00
633,2023,663,2025-02-03,210.0,delivered,,,2025-02-03 13:52:00
634,2024,889,2025-03-14,414.0,delivered,,,2025-03-14 09:42:00
635,2027,276,2025-02-27,1947.0,delivered,,,2025-02-28 00:25:00
636,2029,905,2025-06-22,158.0,delivered,,,2025-06-22 20:51:00
637,2031,1069,2025-03-08,240.0,delivered,,,2025-03-08 15:26:00
638,2037,662,2025-03-10,387.0,delivered,,,2025-03-10 22:31:00
639,2039,666,2025-05-09,74.0,delivered,,,2025-05-09 21:02:00
640,2045,763,2025-04-09,115.0,cancelled,payment_failed,system,
641,2051,490,2025-01-21,478.0,cancelled,payment_failed,system,
642,2054,345,2025-06-25,3126.0,delivered,,,2025-06-26 00:33:00
643,2055,261,2025-06-19,911.0,delivered,,,2025-06-19 21:20:00
644,2056,555,2025-01-10,1190.0,delivered,,,2025-01-10 10:39:00
645,2059,378,2025-06-13,115.0,delivered,,,2025-06-13 20:49:00
646,2060,1002,2025-05-06,448.0,delivered,,,2025-05-06 20:12:00
647,2061,546,2025-02-05,296.0,delivered,,,2025-02-05 09:05:00
648,2063,225,2025-06-03,1048.0,delivered,,,2025-06-03 14:50:00
649,2065,857,2025-02-10,0,cancelled,substitute_rejected,customer,
650,2073,268,2025-01-12,791.0,delivered,,,2025-01-12 15:02:00
651,2086,508,2025-01-01,237.0,delivered,,,2025-01-01 09:30:00
652,2087,400,2025-06-13,185.0,delivered,,,2025-06-13 14:14:00
653,2090,1046,2025-04-06,385.0,delivered,,,2025-04-06 08:55:00
654,2091,1117,2025-06-10,782.0,delivered,,,2025-06-10 10:27:00
655,2093,336,2025-04-22,410.0,delivered,,,2025-04-22 22:01:00
656,2094,278,2025-03-23,816.0,delivered,,,2025-03-23 10:31:00
657,2095,153,2025-04-25,236.0,cancelled,late_delivery,customer,
658,2096,559,2025-03-28,895.0,delivered,,,2025-03-28 23:01:00
659,2097,81,2025-01-11,240.0,delivered,,,2025-01-11 19:15:00
660,2100,562,2025-04-15,789.0,delivered,,,2025-04-15 23:23:00
661,2102,305,2025-06-12,895.0,cancelled,address_issue,seller,
662,2103,498,2025-04-19,348.0,delivered,,,2025-04-19 13:39:00
663,2107,852,2025-05-16,1080.0,delivered,,,2025-05-17 00:31:00
664,2113,984,2025-06-25,1540.0,delivered,,,2025-06-25 13:58:00
665,2118,985,2025-06-08,376.0,delivered,,,2025-06-09 01:05:00
666,2120,867,2025-05-29,116.0,delivered,,,2025-05-29 18:03:00
667,2121,471,2025-05-03,1314.0,delivered,,,2025-05-03 23:10:00
668,2122,872,2025-04-18,1085.0,delivered,,,2025-04-18 13:34:00
669,2128,184,2025-02-02,134.0,delivered,,,2025-02-02 16:03:00
670,2129,46,2025-03-09,927.0,delivered,,,2025-03-09 19:45:00
671,2130,503,2025-06-23,61.0,delivered,,,2025-06-23 14:03:00
672,2134,513,2025-01-29,396.0,delivered,,,2025-01-29 11:11:00
673,2135,689,2025-01-06,186.0,delivered,,,2025-01-06 11:50:00
674,2136,586,2025-03-07,730.0,delivered,,,2025-03-07 11:27:00
675,2140,770,2025-06-07,599.0,delivered,,,2025-06-07 14:14:00
676,2145,850,2025-03-19,659.0,delivered,,,2025-03-19 08:22:00
677,2147,1170,2025-06-05,664.0,delivered,,,2025-06-05 20:36:00
678,2152,624,2025-02-22,495.0,delivered,,,2025-02-22 17:33:00
679,2156,570,2025-02-27,1157.0,delivered,,,2025-02-27 22:08:00
680,2160,837,2025-03-30,1144.0,delivered,,,2025-03-30 11:06:00
681,2165,1184,2025-05-03,393.0,cancelled,payment_failed,system,
682,2167,397,2025-01-09,970.0,delivered,,,2025-01-09 17:54:00
683,2174,359,2025-01-23,608.0,delivered,,,2025-01-23 08:40:00
684,2175,959,2025-06-11,950.0,delivered,,,2025-06-11 19:59:00
685,2176,330,2025-02-22,550.0,delivered,,,2025-02-22 22:11:00
686,2180,381,2025-02-23,143.0,delivered,,,2025-02-23 20:26:00
687,2182,1062,2025-03-24,1624.0,delivered,,,2025-03-24 11:25:00
688,2183,755,2025-05-17,354.0,delivered,,,2025-05-17 07:38:00
689,2187,1188,2025-03-06,252.0,delivered,,,2025-03-06 22:20:00
690,2190,457,2025-01-01,296.0,delivered,,,2025-01-01 19:07:00
691,2192,1032,2025-02-05,1806.0,delivered,,,2025-02-05 09:17:00
692,2194,639,2025-03-14,543.0,delivered,,,2025-03-14 22:33:00
693,2201,1118,2025-05-01,50.0,delivered,,,2025-05-01 14:48:00
694,2202,710,2025-01-04,516.0,cancelled,substitute_rejected,customer,
695,2204,726,2025-04-11,50.0,delivered,,,2025-04-12 00:01:00
696,2206,491,2025-03-14,711.0,cancelled,late_delivery,customer,
697,2207,42,2025-03-11,216.0,delivered,,,2025-03-11 23:31:00
698,2209,515,2025-02-21,224.0,delivered,,,2025-02-21 15:11:00
699,2210,1113,2025-06-02,37.0,delivered,,,2025-06-02 13:46:00
700,2211,990,2025-06-26,1067.0,delivered,,,2025-06-26 20:28:00
701,2212,733,2025-06-28,587.0,delivered,,,2025-06-28 18:42:00
702,2219,137,2025-05-31,495.0,delivered,,,2025-05-31 10:44:00
703,2221,827,2025-02-01,638.0,delivered,,,2025-02-01 21:01:00
704,2224,499,2025-01-18,59.0,delivered,,,2025-01-18 09:05:00
705,2228,432,2025-05-05,0,cancelled,items_unavailable,system,
706,2230,958,2025-06-17,1613.0,delivered,,,2025-06-17 08:42:00
707,2238,327,2025-04-17,758.0,delivered,,,2025-04-17 08:59:00
708,2241,512,2025-01-05,1051.0,delivered,,,2025-01-05 18:03:00
709,2247,1155,2025-02-03,177.0,delivered,,,2025-02-03 12:00:00
710,2248,657,2025-01-04,427.0,delivered,,,2025-01-04 17:54:00
711,2249,365,2025-04-17,259.0,delivered,,,2025-04-17 11:44:00
712,2253,1174,2025-04-19,934.0,delivered,,,2025-04-19 23:18:00
713,2255,579,2025-06-01,2142.0,cancelled,changed_mind,customer,
714,2256,776,2025-04-12,180.0,delivered,,,2025-04-13 00:37:00
715,2261,667,2025-06-13,835.0,delivered,,,2025-06-13 18:27:00
716,2264,200,2025-04-15,152.0,delivered,,,2025-04-15 21:05:00
717,2265,202,2025-01-04,125.0,delivered,,,2025-01-04 23:26:00
718,2267,708,2025-04-29,667.0,delivered,,,2025-04-29 12:19:00
719,2272,845,2025-06-21,1260.0,delivered,,,2025-06-21 15:55:00
720,2275,148,2025-03-08,296.0,delivered,,,2025-03-08 13:17:00
721,2277,446,2025-04-11,49.0,delivered,,,2025-04-11 13:01:00
722,2281,1125,2025-05-03,1734.0,delivered,,,2025-05-03 07:13:00
723,2285,1080,2025-02-19,2027.0,delivered,,,2025-02-19 19:08:00
724,2293,650,2025-01-24,156.0,delivered,,,2025-01-24 21:56:00
725,2294,541,2025-04-10,688.0,delivered,,,2025-04-10 10:33:00
726,2309,694,2025-04-22,973.0,delivered,,,2025-04-22 22:50:00
727,2311,1160,2025-04-06,911.0,delivered,,,2025-04-06 23:31:00
728,2317,621,2025-04-08,296.0,cancelled,items_unavailable,seller,
729,2319,1037,2025-02-27,332.0,delivered,,,2025-02-27 19:21:00
730,2322,1016,2025-01-27,156.0,delivered,,,2025-01-27 15:46:00
731,2324,748,2025-03-25,31.0,delivered,,,2025-03-25 15:50:00
732,2327,543,2025-04-25,54.0,delivered,,,2025-04-25 10:31:00
733,2332,554,2025-06-27,125.0,delivered,,,2025-06-27 10:30:00
734,2334,742,2025-03-28,1678.0,delivered,,,2025-03-28 07:52:00
735,2341,323,2025-01-15,885.0,cancelled,late_delivery,customer,
736,2344,297,2025-01-27,229.0,delivered,,,2025-01-28 00:26:00
737,2348,583,2025-03-25,1639.0,delivered,,,2025-03-25 21:46:00
738,2355,268,2025-02-28,1531.0,delivered,,,2025-02-28 14:27:00
739,2370,251,2025-03-23,306.0,delivered,,,2025-03-23 17:06:00
740,2373,870,2025-03-01,0,cancelled,substitute_rejected,customer,
741,2375,1017,2025-01-12,1431.0,delivered,,,2025-01-12 23:10:00
742,2377,655,2025-05-25,210.0,delivered,,,2025-05-25 13:39:00
743,2382,242,2025-06-04,786.0,delivered,,,2025-06-04 12:11:00
744,2383,879,2025-04-28,287.0,delivered,,,2025-04-28 10:12:00
745,2386,459,2025-02-16,147.0,delivered,,,2025-02-16 21:54:00
746,2387,491,2025-01-08,478.0,delivered,,,2025-01-08 22:57:00
747,2388,122,2025-05-28,0,cancelled,items_unavailable,system,
748,2392,513,2025-03-20,492.0,cancelled,payment_failed,system,
749,2395,340,2025-04-01,76.0,delivered,,,2025-04-01 14:08:00
750,2399,995,2025-01-08,514.0,delivered,,,2025-01-08 20:22:00
751,2406,621,2025-06-11,1301.0,delivered,,,2025-06-12 00:05:00
752,2408,1190,2025-04-12,1122.0,delivered,,,2025-04-12 20:28:00
753,2413,1111,2025-01-18,2733.0,delivered,,,2025-01-18 10:23:00
754,2414,665,2025-03-10,1704.0,delivered,,,2025-03-10 17:09:00
755,2420,228,2025-04-26,1366.0,delivered,,,2025-04-26 21:48:00
756,2425,585,2025-01-15,50.0,delivered,,,2025-01-15 22:21:00
757,2426,861,2025-01-17,1243.0,delivered,,,2025-01-17 10:26:00
758,2429,862,2025-01-18,408.0,delivered,,,2025-01-18 10:28:00
759,2430,445,2025-02-18,463.0,cancelled,items_unavailable,seller,
760,2434,894,2025-05-03,61.0,delivered,,,2025-05-03 15:44:00
761,2440,12,2025-03-16,1144.0,delivered,,,2025-03-16 12:35:00
762,2444,771,2025-01-03,1454.0,delivered,,,2025-01-03 14:57:00
763,2452,1100,2025-04-25,1416.0,cancelled,payment_failed,system,
764,2456,801,2025-05-19,374.0,delivered,,,2025-05-19 07:38:00
765,2464,661,2025-03-03,507.0,cancelled,changed_mind,customer,
766,2465,502,2025-01-02,154.0,delivered,,,2025-01-02 16:34:00
767,2469,708,2025-02-23,412.0,delivered,,,2025-02-23 10:37:00
768,2475,574,2025-01-31,888.0,delivered,,,2025-01-31 17:37:00
769,2477,1119,2025-04-20,0,cancelled,items_unavailable,system,
770,2479,89,2025-06-05,701.0,delivered,,,2025-06-05 23:53:00
771,2481,818,2025-05-15,1374.0,delivered,,,2025-05-15 10:28:00
772,2483,557,2025-02-19,255.0,delivered,,,2025-02-19 15:37:00
773,2487,997,2025-03-02,59.0,delivered,,,2025-03-02 20:58:00
774,2488,1018,2025-02-27,311.0,delivered,,,2025-02-27 08:10:00
775,2489,995,2025-04-20,311.0,delivered,,,2025-04-20 18:05:00
776,2490,968,2025-06-20,159.0,delivered,,,2025-06-20 07:27:00
777,2494,1161,2025-01-13,1044.0,delivered,,,2025-01-13 10:26:00
778,2499,31,2025-05-27,156.0,delivered,,,2025-05-27 18:07:00
779,2500,468,2025-04-13,1078.0,delivered,,,2025-04-13 16:23:00
780,2503,211,2025-04-26,1669.0,delivered,,,2025-04-26 08:46:00
781,2509,1106,2025-03-10,1386.0,delivered,,,2025-03-10 18:17:00
782,2518,145,2025-02-28,1562.0,delivered,,,2025-02-28 10:13:00
783,2524,515,2025-01-30,118.0,delivered,,,2025-01-30 20:09:00
784,2526,561,2025-04-17,279.0,delivered,,,2025-04-17 21:10:00
785,2529,452,2025-02-26,251.0,delivered,,,2025-02-26 07:06:00
786,2530,721,2025-01-13,714.0,delivered,,,2025-01-13 20:49:00
787,2531,100,2025-04-18,1636.0,delivered,,,2025-04-18 10:28:00
788,2535,180,2025-04-25,448.0,delivered,,,2025-04-25 22:59:00
789,2536,444,2025-05-26,296.0,delivered,,,2025-05-26 20:53:00
790,2537,577,2025-03-30,1023.0,delivered,,,2025-03-30 23:45:00
791,2539,706,2025-06-23,848.0,delivered,,,2025-06-23 07:30:00
792,2542,827,2025-06-09,163.0,delivered,,,2025-06-09 11:13:00
793,2545,655,2025-02-26,512.0,delivered,,,2025-02-26 11:00:00
794,2546,975,2025-05-13,36.0,delivered,,,2025-05-13 19:42:00
795,2547,446,2025-04-05,786.0,delivered,,,2025-04-05 18:45:00
796,2549,864,2025-03-02,115.0,delivered,,,2025-03-02 21:38:00
797,2552,771,2025-05-26,924.0,delivered,,,2025-05-26 13:11:00
798,2554,118,2025-06-12,667.0,delivered,,,2025-06-12 06:55:00
799,2561,362,2025-01-09,849.0,delivered,,,2025-01-09 09:45:00
800,2562,1012,2025-05-22,1290.0,delivered,,,2025-05-22 09:56:00
801,2563,199,2025-01-18,87.0,delivered,,,2025-01-18 21:13:00
802,2565,11,2025-03-12,1127.0,delivered,,,2025-03-12 19:32:00
803,2570,1060,2025-03-13,1728.0,delivered,,,2025-03-13 13:29:00
804,2573,946,2025-01-06,0,cancelled,substitute_rejected,customer,
805,2578,51,2025-03-08,472.0,delivered,,,2025-03-08 16:47:00
806,2579,1008,2025-02-12,341.0,delivered,,,2025-02-12 12:03:00
807,2584,280,2025-04-08,120.0,delivered,,,2025-04-08 16:36:00
808,2589,1084,2025-05-16,240.0,delivered,,,2025-05-16 13:49:00
809,2590,109,2025-03-16,0,cancelled,items_unavailable,system,
810,2591,714,2025-04-22,786.0,delivered,,,2025-04-22 10:53:00
811,2600,782,2025-04-24,508.0,delivered,,,2025-04-24 13:54:00
812,2606,471,2025-01-21,1154.0,delivered,,,2025-01-21 19:10:00
813,2608,70,2025-04-12,966.0,delivered,,,2025-04-12 22:46:00
814,2610,1162,2025-01-15,270.0,delivered,,,2025-01-16 00:47:00
815,2615,523,2025-02-10,777.0,delivered,,,2025-02-10 09:05:00
816,2618,761,2025-05-10,309.0,delivered,,,2025-05-10 15:19:00
817,2619,901,2025-05-25,345.0,delivered,,,2025-05-25 11:55:00
818,2625,691,2025-05-14,115.0,cancelled,payment_failed,system,
819,2626,601,2025-06-03,741.0,cancelled,changed_mind,customer,
820,2629,248,2025-04-26,1311.0,delivered,,,2025-04-26 09:34:00
821,2630,269,2025-06-14,820.0,delivered,,,2025-06-14 13:17:00
822,2631,556,2025-02-25,1044.0,delivered,,,2025-02-25 21:37:00
823,2636,504,2025-04-08,578.0,delivered,,,2025-04-08 07:50:00
824,2640,292,2025-03-19,700.0,delivered,,,2025-03-19 23:06:00
825,2641,157,2025-06-07,902.0,delivered,,,2025-06-07 15:13:00
826,2652,883,2025-03-31,324.0,delivered,,,2025-03-31 21:00:00
827,2655,387,2025-03-03,352.0,delivered,,,2025-03-03 15:44:00
828,2658,741,2025-06-24,764.0,cancelled,late_delivery,customer,
829,2659,260,2025-05-30,393.0,delivered,,,2025-05-30 09:02:00
830,2663,1174,2025-03-29,833.0,delivered,,,2025-03-29 20:05:00
831,2667,486,2025-05-17,547.0,delivered,,,2025-05-17 12:33:00
832,2677,879,2025-02-02,1552.0,delivered,,,2025-02-02 09:50:00
833,2678,1125,2025-04-30,37.0,delivered,,,2025-04-30 16:32:00
834,2680,35,2025-06-15,522.0,delivered,,,2025-06-15 09:24:00
835,2681,597,2025-06-24,1112.0,delivered,,,2025-06-24 07:10:00
836,2682,1070,2025-03-05,2318.0,delivered,,,2025-03-05 16:49:00
837,2685,457,2025-01-27,187.0,cancelled,substitute_rejected,customer,
838,2686,761,2025-05-22,373.0,delivered,,,2025-05-22 16:25:00
839,2689,835,2025-01-27,606.0,delivered,,,2025-01-27 10:06:00
840,2693,668,2025-02-09,688.0,cancelled,changed_mind,customer,
841,2694,1188,2025-01-31,115.0,delivered,,,2025-02-01 00:20:00
842,2698,628,2025-04-10,561.0,delivered,,,2025-04-10 13:43:00
843,2701,1152,2025-05-02,662.0,cancelled,changed_mind,customer,
844,2704,779,2025-02-17,565.0,cancelled,changed_mind,customer,
845,2705,1089,2025-06-21,1569.0,delivered,,,2025-06-22 00:58:00
846,2709,830,2025-03-05,926.0,delivered,,,2025-03-05 14:10:00
847,2714,1118,2025-06-01,532.0,delivered,,,2025-06-01 23:45:00
848,2716,658,2025-04-18,554.0,delivered,,,2025-04-18 07:02:00
849,2719,412,2025-02-09,180.0,cancelled,substitute_rejected,customer,
850,2720,827,2025-05-21,414.0,delivered,,,2025-05-21 22:22:00
851,2723,9,2025-06-04,288.0,delivered,,,2025-06-04 12:02:00
852,2726,803,2025-06-02,1710.0,cancelled,substitute_rejected,customer,
853,2727,187,2025-02-07,220.0,delivered,,,2025-02-07 08:59:00
854,2728,320,2025-02-08,424.0,delivered,,,2025-02-08 15:22:00
855,2730,744,2025-03-12,564.0,delivered,,,2025-03-12 07:52:00
856,2736,1162,2025-06-28,1797.0,delivered,,,2025-06-28 18:02:00
857,2742,542,2025-01-29,460.0,delivered,,,2025-01-29 09:02:00
858,2746,335,2025-04-13,1324.0,cancelled,changed_mind,customer,
859,2747,76,2025-03-16,714.0,delivered,,,2025-03-16 23:47:00
860,2748,147,2025-05-26,1045.0,delivered,,,2025-05-26 12:26:00
861,2749,851,2025-04-02,1139.0,delivered,,,2025-04-02 10:20:00
862,2750,758,2025-01-10,835.0,delivered,,,2025-01-10 18:44:00
863,2751,1118,2025-02-15,362.0,delivered,,,2025-02-15 17:09:00
864,2759,1152,2025-05-31,240.0,delivered,,,2025-05-31 21:20:00
865,2761,710,2025-04-14,276.0,delivered,,,2025-04-14 22:40:00
866,2769,830,2025-01-07,853.0,delivered,,,2025-01-07 21:57:00
867,2773,622,2025-02-27,156.0,delivered,,,2025-02-27 21:53:00
868,2775,650,2025-05-09,220.0,delivered,,,2025-05-09 12:45:00
869,2778,413,2025-06-03,159.0,cancelled,address_issue,seller,
870,2779,711,2025-02-23,58.0,delivered,,,2025-02-23 13:30:00
871,2783,321,2025-03-03,156.0,delivered,,,2025-03-03 19:57:00
872,2784,534,2025-01-21,502.0,delivered,,,2025-01-21 23:17:00
873,2785,415,2025-06-03,1267.0,delivered,,,2025-06-03 21:14:00
874,2786,884,2025-02-27,0,cancelled,substitute_rejected,customer,
875,2788,23,2025-06-17,309.0,delivered,,,2025-06-17 21:32:00
876,2789,461,2025-06-08,54.0,delivered,,,2025-06-08 21:36:00
877,2797,1061,2025-01-17,296.0,delivered,,,2025-01-18 00:05:00
878,2799,457,2025-06-27,296.0,delivered,,,2025-06-27 13:07:00
879,2805,84,2025-06-20,311.0,delivered,,,2025-06-20 18:14:00
880,2811,444,2025-06-09,424.0,delivered,,,2025-06-09 18:54:00
881,2815,593,2025-05-25,265.0,delivered,,,2025-05-25 13:49:00
882,2822,5,2025-04-02,2150.0,delivered,,,2025-04-02 17:21:00
883,2826,124,2025-02-23,93.0,delivered,,,2025-02-23 14:29:00
884,2827,601,2025-02-13,403.0,delivered,,,2025-02-13 12:46:00
885,2831,290,2025-06-14,914.0,delivered,,,2025-06-14 12:49:00
886,2833,57,2025-06-19,2211.0,delivered,,,2025-06-19 12:04:00
887,2842,1188,2025-01-29,1525.0,delivered,,,2025-01-29 10:33:00
888,2843,771,2025-04-25,374.0,delivered,,,2025-04-25 09:58:00
889,2848,721,2025-04-27,1051.0,delivered,,,2025-04-27 07:39:00
890,2851,832,2025-03-29,2776.0,delivered,,,2025-03-29 12:57:00
891,2856,434,2025-01-09,2335.0,delivered,,,2025-01-09 23:16:00
892,2859,426,2025-02-12,115.0,delivered,,,2025-02-12 11:20:00
893,2860,225,2025-04-18,152.0,delivered,,,2025-04-18 10:46:00
894,2865,237,2025-03-28,645.0,delivered,,,2025-03-28 10:08:00
895,2868,579,2025-02-19,1152.0,cancelled,changed_mind,customer,
896,2875,385,2025-04-24,3616.0,delivered,,,2025-04-24 15:51:00
897,2879,130,2025-04-18,2265.0,delivered,,,2025-04-18 18:30:00
898,2881,221,2025-05-03,764.0,delivered,,,2025-05-03 13:49:00
899,2882,180,2025-04-20,1992.0,delivered,,,2025-04-20 13:58:00
900,2891,924,2025-04-25,660.0,delivered,,,2025-04-25 12:21:00
901,2893,30,2025-06-05,665.0,delivered,,,2025-06-05 11:45:00
902,2895,127,2025-04-15,832.0,delivered,,,2025-04-15 08:36:00
903,2899,309,2025-06-10,993.0,delivered,,,2025-06-10 14:43:00
904,2900,1188,2025-02-07,0,cancelled,items_unavailable,system,
905,2901,516,2025-03-01,438.0,cancelled,address_issue,seller,
906,2902,557,2025-05-08,633.0,delivered,,,2025-05-08 08:11:00
907,2908,87,2025-04-27,592.0,delivered,,,2025-04-27 10:34:00
908,2911,1110,2025-05-28,349.0,delivered,,,2025-05-28 23:24:00
909,2912,333,2025-02-10,1058.0,delivered,,,2025-02-10 14:11:00
910,2913,785,2025-02-26,423.0,delivered,,,2025-02-26 14:17:00
911,2917,275,2025-06-10,360.0,delivered,,,2025-06-10 23:50:00
912,2919,434,2025-02-16,341.0,delivered,,,2025-02-16 12:46:00
913,2922,10,2025-04-04,102.0,cancelled,address_issue,seller,
914,2925,544,2025-02-04,1598.0,delivered,,,2025-02-04 22:09:00
915,2926,888,2025-03-31,919.0,delivered,,,2025-03-31 17:26:00
916,2928,927,2025-01-16,1639.0,delivered,,,2025-01-16 08:27:00
917,2942,458,2025-03-03,303.0,delivered,,,2025-03-03 22:13:00
918,2943,1020,2025-03-30,338.0,cancelled,changed_mind,customer,
919,2948,844,2025-01-01,37.0,delivered,,,2025-01-01 15:59:00
920,2953,382,2025-02-28,930.0,delivered,,,2025-02-28 22:33:00
921,2954,934,2025-02-10,1179.0,delivered,,,2025-02-10 09:47:00
922,2955,1081,2025-06-04,465.0,delivered,,,2025-06-04 15:09:00
923,2957,554,2025-05-25,1221.0,delivered,,,2025-05-25 13:13:00
924,2959,627,2025-05-27,888.0,delivered,,,2025-05-27 08:34:00
925,2961,158,2025-05-19,311.0,cancelled,payment_failed,system,
926,2966,972,2025-01-29,2164.0,cancelled,substitute_rejected,customer,
927,2971,1160,2025-01-24,76.0,delivered,,,2025-01-24 11:11:00
928,2976,754,2025-02-18,1137.0,delivered,,,2025-02-18 16:49:00
929,2977,118,2025-05-16,1851.0,delivered,,,2025-05-16 08:06:00
930,2978,634,2025-01-12,0,cancelled,items_unavailable,system,
931,2980,288,2025-06-29,1046.0,delivered,,,2025-06-29 19:16:00
932,2982,1145,2025-01-29,464.0,cancelled,substitute_rejected,customer,
933,2984,284,2025-04-06,1091.0,delivered,,,2025-04-06 12:45:00
934,2987,127,2025-03-18,3046.0,delivered,,,2025-03-18 20:52:00
935,2994,956,2025-06-06,425.0,delivered,,,2025-06-06 10:16:00
936,3002,1037,2025-05-08,812.0,delivered,,,2025-05-08 16:43:00
937,3003,384,2025-03-30,296.0,delivered,,,2025-03-30 15:59:00
938,3011,357,2025-05-04,182.0,delivered,,,2025-05-04 14:11:00
939,3014,264,2025-04-12,372.0,delivered,,,2025-04-12 23:10:00
940,3017,1056,2025-06-21,717.0,delivered,,,2025-06-21 16:50:00
941,3023,532,2025-01-04,302.0,delivered,,,2025-01-04 15:05:00
942,3026,152,2025-04-18,476.0,cancelled,substitute_rejected,customer,
943,3030,606,2025-03-06,606.0,delivered,,,2025-03-07 00:09:00
944,3033,179,2025-04-28,1364.0,cancelled,address_issue,seller,
945,3034,1145,2025-02-01,1019.0,delivered,,,2025-02-01 11:05:00
946,3041,536,2025-02-13,423.0,delivered,,,2025-02-13 08:28:00
947,3043,979,2025-02-22,599.0,delivered,,,2025-02-22 23:29:00
948,3046,61,2025-06-23,1260.0,delivered,,,2025-06-23 21:16:00
949,3051,649,2025-06-26,83.0,delivered,,,2025-06-26 20:44:00
950,3053,1003,2025-02-13,211.0,delivered,,,2025-02-13 22:10:00
951,3058,792,2025-05-29,1358.0,delivered,,,2025-05-29 11:48:00
952,3065,847,2025-02-28,60.0,delivered,,,2025-02-28 22:03:00
953,3066,445,2025-05-05,59.0,delivered,,,2025-05-05 15:17:00
954,3071,659,2025-03-17,583.0,delivered,,,2025-03-17 18:48:00
955,3075,166,2025-03-30,857.0,cancelled,substitute_rejected,customer,
956,3079,1087,2025-02-03,823.0,delivered,,,2025-02-04 00:56:00
957,3084,284,2025-06-22,506.0,delivered,,,2025-06-22 14:59:00
958,3086,1161,2025-01-05,343.0,delivered,,,2025-01-05 10:05:00
959,3093,234,2025-04-15,1252.0,delivered,,,2025-04-15 10:18:00
960,3094,94,2025-03-14,623.0,delivered,,,2025-03-14 11:36:00
961,3095,424,2025-01-22,187.0,delivered,,,2025-01-22 12:59:00
962,3097,835,2025-03-30,785.0,delivered,,,2025-03-30 23:22:00
963,3098,998,2025-05-05,236.0,delivered,,,2025-05-05 08:11:00
964,3099,593,2025-05-12,115.0,delivered,,,2025-05-12 20:14:00
965,3101,781,2025-06-22,364.0,cancelled,changed_mind,customer,
966,3102,228,2025-01-27,296.0,delivered,,,2025-01-27 17:28:00
967,3103,359,2025-01-20,327.0,delivered,,,2025-01-20 22:36:00
968,3107,300,2025-01-12,358.0,delivered,,,2025-01-12 17:49:00
969,3110,497,2025-03-16,1009.0,delivered,,,2025-03-16 10:12:00
970,3113,683,2025-02-18,970.0,delivered,,,2025-02-18 20:26:00
971,3120,287,2025-04-04,303.0,delivered,,,2025-04-04 09:58:00
972,3123,84,2025-05-25,468.0,delivered,,,2025-05-25 13:32:00
973,3125,30,2025-05-17,251.0,delivered,,,2025-05-17 20:29:00
974,3131,551,2025-02-11,810.0,delivered,,,2025-02-11 09:22:00
975,3134,343,2025-05-21,282.0,cancelled,address_issue,seller,
976,3136,331,2025-02-26,460.0,delivered,,,2025-02-26 20:14:00
977,3139,40,2025-05-21,1546.0,delivered,,,2025-05-21 10:25:00
978,3140,159,2025-02-24,240.0,delivered,,,2025-02-24 14:22:00
979,3142,492,2025-02-17,103.0,delivered,,,2025-02-17 17:52:00
980,3149,794,2025-03-15,447.0,delivered,,,2025-03-15 08:47:00
981,3151,847,2025-02-09,316.0,delivered,,,2025-02-09 09:09:00
982,3152,10,2025-03-01,2183.0,delivered,,,2025-03-01 13:48:00
983,3154,377,2025-04-28,275.0,delivered,,,2025-04-28 18:14:00
984,3156,868,2025-02-26,822.0,delivered,,,2025-02-26 16:34:00
985,3157,286,2025-01-10,165.0,delivered,,,2025-01-10 20:47:00
986,3159,499,2025-06-04,414.0,delivered,,,2025-06-04 12:14:00
987,3160,624,2025-05-11,672.0,delivered,,,2025-05-11 19:07:00
988,3162,487,2025-01-31,1878.0,delivered,,,2025-01-31 16:34:00
989,3165,677,2025-06-17,1373.0,delivered,,,2025-06-17 20:31:00
990,3169,699,2025-05-22,313.0,delivered,,,2025-05-22 18:46:00
991,3176,354,2025-01-24,0,cancelled,substitute_rejected,customer,
992,3181,634,2025-01-22,667.0,delivered,,,2025-01-22 14:57:00
993,3185,936,2025-02-10,682.0,delivered,,,2025-02-10 20:07:00
994,3186,288,2025-01-27,701.0,delivered,,,2025-01-27 23:44:00
995,3189,21,2025-02-07,448.0,delivered,,,2025-02-07 12:27:00
996,3192,1155,2025-04-12,523.0,delivered,,,2025-04-12 10:03:00
997,3193,369,2025-04-02,74.0,delivered,,,2025-04-02 16:00:00
998,3194,881,2025-05-17,1244.0,delivered,,,2025-05-17 09:50:00
999,3195,434,2025-02-14,232.0,delivered,,,2025-02-15 00:57:00
1000,3196,902,2025-04-16,2138.0,delivered,,,2025-04-16 12:10:00
1001,3203,1018,2025-02-17,198.0,delivered,,,2025-02-17 07:41:00
1002,3208,896,2025-06-23,695.0,delivered,,,2025-06-23 21:26:00
1003,3215,1161,2025-01-10,460.0,delivered,,,2025-01-10 11:27:00
1004,3216,401,2025-05-20,312.0,delivered,,,2025-05-20 13:45:00
1005,3217,66,2025-03-07,0,cancelled,items_unavailable,system,
1006,3221,407,2025-02-07,1780.0,delivered,,,2025-02-07 20:08:00
1007,3222,88,2025-03-20,185.0,delivered,,,2025-03-20 14:25:00
1008,3228,860,2025-02-22,552.0,delivered,,,2025-02-22 09:58:00
1009,3236,548,2025-03-03,1587.0,delivered,,,2025-03-03 18:47:00
1010,3237,786,2025-05-27,664.0,delivered,,,2025-05-27 22:40:00
1011,3240,716,2025-01-23,485.0,delivered,,,2025-01-23 20:41:00
1012,3241,909,2025-03-11,0,cancelled,items_unavailable,system,
1013,3242,290,2025-03-02,240.0,delivered,,,2025-03-02 15:04:00
1014,3245,177,2025-03-30,425.0,delivered,,,2025-03-30 18:30:00
1015,3249,1094,2025-06-15,594.0,delivered,,,2025-06-15 23:06:00
1016,3257,385,2025-01-21,605.0,cancelled,changed_mind,customer,
1017,3259,467,2025-06-25,757.0,delivered,,,2025-06-25 13:15:00
1018,3262,634,2025-06-11,434.0,delivered,,,2025-06-11 10:09:00
1019,3265,772,2025-03-17,737.0,delivered,,,2025-03-18 00:44:00
1020,3274,585,2025-02-01,61.0,delivered,,,2025-02-01 10:22:00
1021,3275,514,2025-06-11,288.0,delivered,,,2025-06-11 19:11:00
1022,3276,763,2025-04-25,330.0,delivered,,,2025-04-25 07:40:00
1023,3280,832,2025-04-08,1406.0,delivered,,,2025-04-08 13:53:00
1024,3282,648,2025-05-27,211.0,delivered,,,2025-05-27 07:40:00
1025,3284,574,2025-05-13,90.0,delivered,,,2025-05-13 16:07:00
1026,3286,801,2025-02-26,296.0,delivered,,,2025-02-26 11:54:00
1027,3289,943,2025-04-01,474.0,delivered,,,2025-04-01 08:20:00
1028,3290,584,2025-06-18,1206.0,cancelled,changed_mind,customer,
1029,3292,69,2025-03-31,1017.0,delivered,,,2025-03-31 13:28:00
1030,3296,730,2025-06-15,1546.0,delivered,,,2025-06-15 16:31:00
1031,3299,101,2025-02-07,633.0,cancelled,substitute_rejected,customer,
1032,3308,235,2025-04-09,127.0,delivered,,,2025-04-09 18:09:00
1033,3309,541,2025-01-01,313.0,delivered,,,2025-01-01 09:55:00
1034,3315,345,2025-01-05,151.0,delivered,,,2025-01-05 14:20:00
1035,3319,248,2025-03-05,44.0,delivered,,,2025-03-05 12:43:00
1036,3334,1129,2025-02-03,551.0,delivered,,,2025-02-03 08:37:00
1037,3344,925,2025-01-17,825.0,delivered,,,2025-01-17 09:10:00
1038,3356,657,2025-05-09,201.0,delivered,,,2025-05-09 16:30:00
1039,3358,839,2025-01-22,230.0,delivered,,,2025-01-22 15:26:00
1040,3362,633,2025-04-20,424.0,delivered,,,2025-04-20 21:33:00
1041,3367,428,2025-02-10,313.0,delivered,,,2025-02-10 11:32:00
1042,3371,1168,2025-04-24,664.0,delivered,,,2025-04-24 22:49:00
1043,3372,350,2025-04-25,296.0,delivered,,,2025-04-25 22:59:00
1044,3375,779,2025-03-13,423.0,cancelled,items_unavailable,seller,
1045,3378,139,2025-01-23,497.0,delivered,,,2025-01-23 11:39:00
1046,3384,776,2025-03-12,894.0,delivered,,,2025-03-12 16:43:00
1047,3385,1099,2025-05-22,1359.0,delivered,,,2025-05-22 11:35:00
1048,3388,1197,2025-06-21,2200.0,delivered,,,2025-06-21 12:41:00
1049,3392,997,2025-03-23,108.0,delivered,,,2025-03-23 22:01:00
1050,3395,90,2025-02-09,1174.0,delivered,,,2025-02-09 15:51:00
1051,3399,1056,2025-02-12,303.0,delivered,,,2025-02-12 16:34:00
1052,3403,1069,2025-06-19,433.0,delivered,,,2025-06-20 00:53:00
1053,3404,526,2025-01-17,296.0,delivered,,,2025-01-17 10:05:00
1054,3409,679,2025-01-16,193.0,delivered,,,2025-01-16 19:47:00
1055,3411,1114,2025-01-04,332.0,delivered,,,2025-01-04 06:57:00
1056,3416,1116,2025-05-07,90.0,delivered,,,2025-05-07 07:53:00
1057,3418,1040,2025-05-05,1181.0,delivered,,,2025-05-05 12:52:00
1058,3422,140,2025-03-11,216.0,delivered,,,2025-03-11 20:18:00
1059,3425,650,2025-04-20,2242.0,delivered,,,2025-04-20 22:19:00
1060,3441,823,2025-02-21,758.0,delivered,,,2025-02-21 12:09:00
1061,3449,972,2025-04-23,303.0,delivered,,,2025-04-23 21:45:00
1062,3450,195,2025-02-26,2241.0,delivered,,,2025-02-26 10:55:00
1063,3452,847,2025-04-02,1399.0,delivered,,,2025-04-02 07:00:00
1064,3455,204,2025-03-15,1655.0,cancelled,address_issue,seller,
1065,3457,954,2025-03-06,230.0,delivered,,,2025-03-07 00:14:00
1066,3458,801,2025-02-13,474.0,delivered,,,2025-02-13 18:51:00
1067,3461,127,2025-01-12,115.0,delivered,,,2025-01-12 11:08:00
1068,3462,41,2025-05-04,187.0,delivered,,,2025-05-04 20:09:00
1069,3463,1012,2025-02-23,603.0,delivered,,,2025-02-23 11:55:00
1070,3466,959,2025-04-22,530.0,delivered,,,2025-04-22 18:07:00
1071,3469,1117,2025-06-05,440.0,delivered,,,2025-06-05 20:32:00
1072,3472,138,2025-04-25,1804.0,delivered,,,2025-04-25 09:46:00
1073,3473,419,2025-04-24,1992.0,cancelled,late_delivery,customer,
1074,3476,44,2025-01-02,977.0,delivered,,,2025-01-02 21:59:00
1075,3477,577,2025-04-30,427.0,delivered,,,2025-04-30 12:17:00
1076,3485,273,2025-02-18,600.0,delivered,,,2025-02-18 14:41:00
1077,3486,834,2025-06-09,1454.0,delivered,,,2025-06-09 17:19:00
1078,3487,1114,2025-04-12,143.0,cancelled,late_delivery,customer,
1079,3494,327,2025-02-27,708.0,delivered,,,2025-02-27 09:37:00
1080,3495,1124,2025-06-04,865.0,delivered,,,2025-06-04 22:40:00
1081,3498,368,2025-01-31,577.0,delivered,,,2025-01-31 12:01:00
1082,3499,896,2025-06-23,2186.0,delivered,,,2025-06-23 12:00:00
1083,3500,156,2025-03-02,1157.0,delivered,,,2025-03-02 17:09:00
1084,3501,119,2025-04-21,31.0,delivered,,,2025-04-21 13:30:00
1085,3503,694,2025-04-27,311.0,delivered,,,2025-04-27 21:30:00
1086,3509,1125,2025-03-19,143.0,delivered,,,2025-03-20 00:19:00
1087,3510,317,2025-02-23,192.0,delivered,,,2025-02-23 20:42:00
1088,3511,463,2025-02-20,414.0,cancelled,substitute_rejected,customer,
1089,3521,313,2025-03-31,1328.0,delivered,,,2025-03-31 08:46:00
1090,3523,1154,2025-01-06,960.0,delivered,,,2025-01-06 16:26:00
1091,3525,635,2025-01-07,62.0,delivered,,,2025-01-07 17:48:00
1092,3526,531,2025-03-14,1244.0,delivered,,,2025-03-14 21:50:00
1093,3530,116,2025-01-12,1729.0,delivered,,,2025-01-12 17:42:00
1094,3535,134,2025-03-13,665.0,delivered,,,2025-03-13 19:55:00
1095,3536,463,2025-04-24,1154.0,delivered,,,2025-04-24 10:11:00
1096,3539,97,2025-02-20,345.0,delivered,,,2025-02-20 22:44:00
1097,3541,889,2025-03-19,122.0,cancelled,late_delivery,customer,
1098,3544,229,2025-01-03,664.0,delivered,,,2025-01-03 11:09:00
1099,3548,175,2025-05-12,1558.0,delivered,,,2025-05-13 00:55:00
1100,3549,1076,2025-02-02,535.0,delivered,,,2025-02-02 22:07:00
1101,3553,584,2025-02-25,1114.0,delivered,,,2025-02-25 18:17:00
1102,3556,1015,2025-04-11,1437.0,delivered,,,2025-04-11 14:21:00
1103,3557,295,2025-03-05,530.0,delivered,,,2025-03-05 16:19:00
1104,3560,918,2025-01-18,156.0,delivered,,,2025-01-18 15:57:00
1105,3562,971,2025-06-20,296.0,delivered,,,2025-06-20 19:28:00
1106,3568,740,2025-06-16,303.0,delivered,,,2025-06-17 00:48:00
1107,3570,617,2025-01-22,416.0,delivered,,,2025-01-22 20:19:00
1108,3571,810,2025-04-14,1218.0,delivered,,,2025-04-14 15:53:00
1109,3575,381,2025-01-06,844.0,delivered,,,2025-01-06 13:02:00
1110,3580,111,2025-05-17,1132.0,delivered,,,2025-05-17 23:36:00
1111,3584,1130,2025-04-07,1482.0,delivered,,,2025-04-07 12:56:00
1112,3587,254,2025-02-23,641.0,delivered,,,2025-02-23 14:42:00
1113,3594,433,2025-02-03,700.0,delivered,,,2025-02-03 12:20:00
1114,3598,920,2025-05-07,696.0,delivered,,,2025-05-07 11:59:00
1115,3603,807,2025-05-07,548.0,delivered,,,2025-05-07 12:28:00
1116,3605,1099,2025-04-23,291.0,delivered,,,2025-04-23 18:59:00
1117,3610,338,2025-03-05,94.0,delivered,,,2025-03-05 13:57:00
1118,3611,918,2025-04-04,621.0,delivered,,,2025-04-04 20:34:00
1119,3612,171,2025-04-22,61.0,delivered,,,2025-04-22 08:39:00
1120,3613,113,2025-01-07,59.0,delivered,,,2025-01-07 07:49:00
1121,3616,1007,2025-01-28,311.0,delivered,,,2025-01-28 11:55:00
1122,3618,603,2025-05-01,0,cancelled,substitute_rejected,customer,
1123,3624,1032,2025-06-10,1514.0,delivered,,,2025-06-10 22:59:00
1124,3630,118,2025-04-20,235.0,delivered,,,2025-04-20 20:31:00
1125,3632,1152,2025-02-27,240.0,delivered,,,2025-02-28 00:35:00
1126,3634,825,2025-04-11,59.0,delivered,,,2025-04-11 17:23:00
1127,3636,546,2025-06-12,76.0,delivered,,,2025-06-12 22:10:00
1128,3639,365,2025-05-06,393.0,delivered,,,2025-05-06 13:16:00
1129,3645,1143,2025-04-10,1034.0,delivered,,,2025-04-10 10:54:00
1130,3652,680,2025-06-08,608.0,delivered,,,2025-06-08 14:35:00
1131,3653,498,2025-01-09,0,cancelled,substitute_rejected,customer,
1132,3654,563,2025-03-27,388.0,delivered,,,2025-03-27 08:03:00
1133,3655,1175,2025-02-04,586.0,delivered,,,2025-02-04 09:05:00
1134,3657,906,2025-03-09,227.0,delivered,,,2025-03-09 11:42:00
1135,3658,143,2025-01-22,726.0,delivered,,,2025-01-22 14:17:00
1136,3664,661,2025-02-27,1986.0,delivered,,,2025-02-27 11:06:00
1137,3674,233,2025-04-15,240.0,delivered,,,2025-04-15 19:32:00
1138,3682,157,2025-05-29,421.0,delivered,,,2025-05-29 11:11:00
1139,3684,641,2025-02-27,461.0,delivered,,,2025-02-27 14:13:00
1140,3687,923,2025-03-28,962.0,delivered,,,2025-03-28 14:54:00
1141,3688,248,2025-06-11,296.0,delivered,,,2025-06-11 09:44:00
1142,3696,554,2025-01-28,555.0,delivered,,,2025-01-28 20:48:00
1143,3697,1122,2025-05-12,1043.0,delivered,,,2025-05-12 22:21:00
1144,3700,103,2025-05-29,1283.0,delivered,,,2025-05-29 13:12:00
1145,3704,253,2025-05-27,999.0,delivered,,,2025-05-27 23:11:00
1146,3706,434,2025-01-20,175.0,cancelled,substitute_rejected,customer,
1147,3707,1039,2025-02-20,561.0,delivered,,,2025-02-20 09:34:00
1148,3708,980,2025-03-14,676.0,delivered,,,2025-03-14 14:44:00
1149,3710,73,2025-06-05,1441.0,delivered,,,2025-06-05 11:52:00
1150,3711,284,2025-05-07,549.0,delivered,,,2025-05-07 23:21:00
1151,3713,14,2025-02-14,238.0,delivered,,,2025-02-14 18:00:00
1152,3714,51,2025-01-19,0,cancelled,substitute_rejected,customer,
1153,3726,251,2025-03-01,1463.0,delivered,,,2025-03-01 12:44:00
1154,3727,899,2025-03-06,933.0,delivered,,,2025-03-06 11:02:00
1155,3728,203,2025-03-23,1033.0,delivered,,,2025-03-23 09:17:00
1156,3731,868,2025-01-13,44.0,delivered,,,2025-01-13 23:37:00
1157,3735,412,2025-02-17,575.0,delivered,,,2025-02-17 19:35:00
1158,3739,732,2025-01-31,259.0,cancelled,items_unavailable,seller,
1159,3740,1020,2025-04-27,423.0,delivered,,,2025-04-27 17:29:00
1160,3744,1150,2025-01-10,1479.0,delivered,,,2025-01-10 10:04:00
1161,3749,339,2025-04-15,61.0,delivered,,,2025-04-15 15:08:00
1162,3752,143,2025-01-09,379.0,delivered,,,2025-01-09 11:38:00
1163,3755,36,2025-03-15,759.0,delivered,,,2025-03-15 18:34:00
1164,3760,560,2025-04-14,380.0,delivered,,,2025-04-14 21:29:00
1165,3762,273,2025-01-04,594.0,delivered,,,2025-01-04 07:26:00
1166,3765,763,2025-03-12,720.0,delivered,,,2025-03-12 08:30:00
1167,3768,249,2025-01-19,1739.0,cancelled,changed_mind,customer,
1168,3770,153,2025-02-17,1247.0,delivered,,,2025-02-17 16:25:00
1169,3772,58,2025-02-21,255.0,cancelled,substitute_rejected,customer,
1170,3777,391,2025-03-08,159.0,delivered,,,2025-03-08 13:16:00
1171,3780,441,2025-02-27,0,cancelled,substitute_rejected,customer,
1172,3786,1158,2025-06-12,1007.0,delivered,,,2025-06-12 22:51:00
1173,3787,16,2025-04-05,1033.0,delivered,,,2025-04-05 23:28:00
1174,3790,365,2025-05-28,667.0,delivered,,,2025-05-28 10:42:00
1175,3792,969,2025-04-07,124.0,delivered,,,2025-04-07 14:08:00
1176,3793,529,2025-02-27,410.0,delivered,,,2025-02-27 10:06:00
1177,3800,860,2025-01-23,313.0,delivered,,,2025-01-24 00:02:00
1178,3801,719,2025-02-09,465.0,delivered,,,2025-02-09 16:28:00
1179,3807,307,2025-01-20,969.0,delivered,,,2025-01-20 09:40:00
1180,3810,680,2025-01-02,1313.0,delivered,,,2025-01-02 15:23:00
1181,3812,572,2025-05-18,911.0,delivered,,,2025-05-19 00:03:00
1182,3813,932,2025-05-29,450.0,cancelled,items_unavailable,seller,
1183,3816,556,2025-05-05,1694.0,delivered,,,2025-05-05 07:09:00
1184,3817,979,2025-05-25,0,cancelled,substitute_rejected,customer,
1185,3818,1038,2025-03-03,143.0,delivered,,,2025-03-03 10:42:00
1186,3820,590,2025-01-14,686.0,delivered,,,2025-01-14 08:02:00
1187,3823,1150,2025-04-29,311.0,delivered,,,2025-04-29 11:24:00
1188,3824,556,2025-06-26,372.0,delivered,,,2025-06-26 19:56:00
1189,3825,288,2025-04-22,608.0,delivered,,,2025-04-22 15:57:00
1190,3826,295,2025-04-11,336.0,delivered,,,2025-04-11 10:25:00
1191,3828,877,2025-03-18,909.0,delivered,,,2025-03-18 17:46:00
1192,3842,893,2025-05-23,476.0,delivered,,,2025-05-23 22:32:00
1193,3844,1136,2025-03-19,869.0,delivered,,,2025-03-19 21:35:00
1194,3845,665,2025-02-18,708.0,delivered,,,2025-02-18 13:06:00
1195,3846,627,2025-05-13,2653.0,delivered,,,2025-05-13 16:23:00
1196,3850,97,2025-06-07,217.0,delivered,,,2025-06-07 08:40:00
1197,3854,95,2025-05-14,602.0,delivered,,,2025-05-14 17:16:00
1198,3860,680,2025-02-10,175.0,delivered,,,2025-02-10 15:07:00
1199,3863,856,2025-06-25,286.0,delivered,,,2025-06-25 21:33:00
1200,3867,776,2025-03-15,1868.0,delivered,,,2025-03-15 15:36:00
1201,3868,59,2025-02-08,1800.0,delivered,,,2025-02-08 14:50:00
1202,3870,826,2025-05-06,334.0,delivered,,,2025-05-06 14:29:00
1203,3874,304,2025-04-03,413.0,delivered,,,2025-04-03 17:38:00
1204,3875,996,2025-02-18,2210.0,delivered,,,2025-02-18 20:07:00
1205,3879,1190,2025-01-24,643.0,delivered,,,2025-01-24 07:55:00
1206,3883,259,2025-03-22,664.0,delivered,,,2025-03-22 19:22:00
1207,3888,835,2025-06-15,1196.0,delivered,,,2025-06-16 00:14:00
1208,3889,394,2025-01-06,393.0,delivered,,,2025-01-06 11:47:00
1209,3900,647,2025-01-04,187.0,cancelled,substitute_rejected,customer,
1210,3902,1102,2025-06-24,581.0,cancelled,payment_failed,system,
1211,3903,760,2025-03-20,905.0,delivered,,,2025-03-20 20:41:00
1212,3904,179,2025-03-28,664.0,delivered,,,2025-03-28 20:55:00
1213,3910,178,2025-06-23,1774.0,delivered,,,2025-06-23 19:11:00
1214,3913,645,2025-03-09,354.0,delivered,,,2025-03-09 23:35:00
1215,3915,701,2025-02-21,549.0,delivered,,,2025-02-21 07:51:00
1216,3918,554,2025-04-20,606.0,delivered,,,2025-04-20 12:21:00
1217,3920,671,2025-01-31,1638.0,delivered,,,2025-01-31 08:52:00
1218,3928,476,2025-05-15,952.0,delivered,,,2025-05-16 00:03:00
1219,3929,1047,2025-01-31,306.0,delivered,,,2025-02-01 00:04:00
1220,3941,994,2025-04-18,1644.0,delivered,,,2025-04-18 07:44:00
1221,3945,1161,2025-02-24,44.0,delivered,,,2025-02-24 19:07:00
1222,3951,304,2025-01-08,92.0,delivered,,,2025-01-08 08:00:00
1223,3961,264,2025-03-01,354.0,delivered,,,2025-03-01 19:42:00
1224,3966,394,2025-02-21,791.0,delivered,,,2025-02-21 20:53:00
1225,3967,784,2025-03-22,1429.0,delivered,,,2025-03-22 16:54:00
1226,3968,247,2025-06-01,1284.0,cancelled,substitute_rejected,customer,
1227,3970,1171,2025-01-29,230.0,delivered,,,2025-01-30 00:42:00
1228,3979,372,2025-06-28,608.0,delivered,,,2025-06-28 12:37:00
1229,3980,707,2025-03-01,115.0,delivered,,,2025-03-01 20:27:00
1230,3981,501,2025-05-15,207.0,delivered,,,2025-05-15 23:33:00
1231,3983,704,2025-02-12,130.0,delivered,,,2025-02-12 23:13:00
1232,3984,65,2025-02-01,550.0,delivered,,,2025-02-01 15:51:00
1233,3988,1037,2025-04-06,618.0,cancelled,changed_mind,customer,
1234,3991,879,2025-05-14,928.0,delivered,,,2025-05-14 17:03:00
1235,3993,624,2025-03-28,147.0,delivered,,,2025-03-28 13:13:00
1236,3996,120,2025-04-26,1340.0,delivered,,,2025-04-26 22:07:00
1237,4004,663,2025-01-08,894.0,delivered,,,2025-01-08 08:05:00
1238,4012,553,2025-02-23,671.0,delivered,,,2025-02-23 15:31:00
1239,4015,877,2025-01-21,592.0,delivered,,,2025-01-21 11:17:00
1240,4016,1110,2025-06-12,1176.0,delivered,,,2025-06-12 09:33:00
1241,4018,776,2025-06-01,204.0,delivered,,,2025-06-01 08:20:00
1242,4025,656,2025-05-26,341.0,delivered,,,2025-05-27 00:23:00
1243,4027,812,2025-06-25,62.0,delivered,,,2025-06-25 20:52:00
1244,4028,931,2025-06-01,61.0,delivered,,,2025-06-01 14:14:00
1245,4031,570,2025-01-15,37.0,delivered,,,2025-01-15 22:14:00
1246,4034,445,2025-04-25,375.0,delivered,,,2025-04-25 17:18:00
1247,4035,574,2025-06-03,495.0,delivered,,,2025-06-03 19:59:00
1248,4036,565,2025-06-02,143.0,delivered,,,2025-06-02 16:48:00
1249,4040,464,2025-06-11,108.0,delivered,,,2025-06-11 18:16:00
1250,4041,285,2025-06-17,610.0,delivered,,,2025-06-17 11:33:00
1251,4043,680,2025-01-23,953.0,delivered,,,2025-01-23 06:53:00
1252,4046,228,2025-04-09,405.0,cancelled,payment_failed,system,
1253,4048,548,2025-01-06,773.0,delivered,,,2025-01-06 18:15:00
1254,4049,1089,2025-06-13,87.0,delivered,,,2025-06-13 09:53:00
1255,4054,894,2025-04-09,308.0,delivered,,,2025-04-09 14:33:00
1256,4055,13,2025-04-24,205.0,cancelled,address_issue,seller,
1257,4057,732,2025-03-02,933.0,delivered,,,2025-03-02 16:46:00
1258,4061,83,2025-05-02,335.0,delivered,,,2025-05-02 21:39:00
1259,4067,267,2025-02-19,772.0,delivered,,,2025-02-19 11:54:00
1260,4071,56,2025-03-11,1236.0,delivered,,,2025-03-11 18:43:00
1261,4073,920,2025-04-09,664.0,delivered,,,2025-04-09 20:19:00
1262,4075,79,2025-04-17,2086.0,delivered,,,2025-04-17 14:06:00
1263,4076,830,2025-04-17,45.0,cancelled,late_delivery,customer,
1264,4079,924,2025-06-27,1729.0,cancelled,late_delivery,customer,
1265,4081,1106,2025-04-07,482.0,delivered,,,2025-04-07 15:36:00
1266,4084,618,2025-04-30,2805.0,delivered,,,2025-04-30 23:02:00
1267,4087,357,2025-03-22,369.0,delivered,,,2025-03-22 14:35:00
1268,4092,1010,2025-02-04,549.0,delivered,,,2025-02-04 21:26:00
1269,4093,1161,2025-01-07,870.0,delivered,,,2025-01-07 17:15:00
1270,4094,823,2025-05-02,1027.0,delivered,,,2025-05-02 10:14:00
1271,4098,193,2025-01-01,780.0,delivered,,,2025-01-01 14:22:00
1272,4099,1120,2025-04-09,1931.0,delivered,,,2025-04-09 12:56:00
1273,4104,361,2025-06-08,600.0,delivered,,,2025-06-08 11:06:00
1274,4111,533,2025-05-26,153.0,delivered,,,2025-05-26 12:39:00
1275,4114,995,2025-06-15,576.0,delivered,,,2025-06-15 12:03:00
1276,4117,596,2025-02-22,527.0,delivered,,,2025-02-22 12:39:00
1277,4126,307,2025-04-21,91.0,cancelled,changed_mind,customer,
1278,4127,774,2025-03-05,720.0,delivered,,,2025-03-05 22:35:00
1279,4130,137,2025-01-17,153.0,delivered,,,2025-01-17 11:45:00
1280,4131,332,2025-04-26,282.0,delivered,,,2025-04-26 21:36:00
1281,4133,1016,2025-01-31,1328.0,cancelled,changed_mind,customer,
1282,4139,89,2025-01-11,556.0,delivered,,,2025-01-11 07:46:00
1283,4140,35,2025-04-17,792.0,delivered,,,2025-04-17 15:39:00
1284,4142,1113,2025-03-19,956.0,delivered,,,2025-03-20 00:19:00
1285,4145,107,2025-05-10,2353.0,cancelled,substitute_rejected,customer,
1286,4147,89,2025-01-01,306.0,delivered,,,2025-01-01 12:02:00
1287,4148,187,2025-01-14,90.0,delivered,,,2025-01-14 17:36:00
1288,4153,1002,2025-04-16,911.0,delivered,,,2025-04-16 11:57:00
1289,4158,15,2025-05-21,525.0,delivered,,,2025-05-21 07:42:00
1290,4162,136,2025-05-25,631.0,delivered,,,2025-05-25 20:10:00
1291,4166,516,2025-01-17,299.0,delivered,,,2025-01-17 17:53:00
1292,4169,1189,2025-04-21,2343.0,delivered,,,2025-04-21 14:47:00
1293,4170,776,2025-03-05,810.0,delivered,,,2025-03-05 22:23:00
1294,4171,557,2025-03-06,1319.0,delivered,,,2025-03-06 12:41:00
1295,4174,86,2025-04-05,344.0,delivered,,,2025-04-05 09:49:00
1296,4175,736,2025-02-26,616.0,delivered,,,2025-02-26 23:31:00
1297,4179,1085,2025-02-26,187.0,delivered,,,2025-02-26 15:10:00
1298,4182,424,2025-01-08,724.0,delivered,,,2025-01-08 12:03:00
1299,4183,76,2025-05-23,1328.0,delivered,,,2025-05-23 08:25:00
1300,4185,1154,2025-04-03,523.0,delivered,,,2025-04-03 16:11:00
1301,4187,26,2025-05-02,76.0,delivered,,,2025-05-02 19:02:00
1302,4190,416,2025-05-28,939.0,delivered,,,2025-05-28 15:19:00
1303,4191,1111,2025-02-08,311.0,delivered,,,2025-02-08 19:09:00
1304,4193,727,2025-02-28,115.0,delivered,,,2025-02-28 10:13:00
1305,4195,788,2025-06-08,2519.0,delivered,,,2025-06-08 23:08:00
1306,4199,125,2025-05-21,240.0,delivered,,,2025-05-21 09:59:00
1307,4200,1069,2025-04-17,877.0,delivered,,,2025-04-17 10:54:00
1308,4202,980,2025-05-22,548.0,delivered,,,2025-05-22 13:28:00
1309,4204,106,2025-02-17,0,cancelled,substitute_rejected,customer,
1310,4205,503,2025-04-06,2317.0,cancelled,payment_failed,system,
1311,4207,682,2025-06-09,303.0,delivered,,,2025-06-09 10:56:00
1312,4209,322,2025-03-31,508.0,delivered,,,2025-03-31 11:40:00
1313,4214,207,2025-06-06,1414.0,cancelled,address_issue,seller,
1314,4217,513,2025-03-16,1194.0,delivered,,,2025-03-16 13:59:00
1315,4218,273,2025-01-11,675.0,delivered,,,2025-01-11 18:09:00
1316,4222,747,2025-02-07,518.0,delivered,,,2025-02-07 14:09:00
1317,4223,75,2025-03-24,297.0,delivered,,,2025-03-24 17:49:00
1318,4224,20,2025-06-05,870.0,delivered,,,2025-06-05 13:35:00
1319,4226,584,2025-05-10,220.0,delivered,,,2025-05-10 15:49:00
1320,4234,959,2025-05-29,738.0,delivered,,,2025-05-29 21:53:00
1321,4238,435,2025-01-13,944.0,delivered,,,2025-01-13 22:59:00
1322,4242,608,2025-05-30,664.0,delivered,,,2025-05-30 22:14:00
1323,4244,14,2025-04-14,1328.0,cancelled,changed_mind,customer,
1324,4248,276,2025-06-17,765.0,delivered,,,2025-06-17 18:37:00
1325,4254,408,2025-05-05,374.0,cancelled,substitute_rejected,customer,
1326,4255,62,2025-03-12,442.0,delivered,,,2025-03-12 15:53:00
1327,4256,1094,2025-01-16,664.0,delivered,,,2025-01-16 12:26:00
1328,4260,604,2025-02-24,943.0,delivered,,,2025-02-25 01:24:00
1329,4264,1138,2025-01-25,372.0,delivered,,,2025-01-25 22:27:00
1330,4268,757,2025-04-10,786.0,delivered,,,2025-04-10 13:12:00
1331,4269,515,2025-04-05,156.0,delivered,,,2025-04-05 16:53:00
1332,4271,663,2025-03-19,236.0,delivered,,,2025-03-19 22:33:00
1333,4280,636,2025-02-01,1774.0,delivered,,,2025-02-01 10:29:00
1334,4283,1098,2025-02-05,269.0,delivered,,,2025-02-05 08:17:00
1335,4285,920,2025-03-25,165.0,delivered,,,2025-03-25 20:52:00
1336,4288,1193,2025-04-08,599.0,delivered,,,2025-04-09 01:07:00
1337,4290,1068,2025-01-30,530.0,delivered,,,2025-01-30 09:44:00
1338,4293,344,2025-01-25,2478.0,delivered,,,2025-01-26 01:21:00
1339,4294,439,2025-02-13,298.0,delivered,,,2025-02-13 08:10:00
1340,4308,128,2025-01-14,2080.0,delivered,,,2025-01-14 08:57:00
1341,4311,501,2025-06-24,284.0,cancelled,address_issue,seller,
1342,4314,683,2025-05-08,329.0,delivered,,,2025-05-08 11:59:00
1343,4316,226,2025-02-22,480.0,delivered,,,2025-02-22 13:19:00
1344,4322,589,2025-01-18,577.0,cancelled,items_unavailable,seller,
1345,4323,791,2025-01-19,208.0,delivered,,,2025-01-20 00:31:00
1346,4326,117,2025-01-09,0,cancelled,items_unavailable,system,
1347,4327,975,2025-03-05,610.0,cancelled,substitute_rejected,customer,
1348,4329,373,2025-04-15,70.0,delivered,,,2025-04-15 23:01:00
1349,4330,889,2025-06-07,60.0,delivered,,,2025-06-07 17:04:00
1350,4334,292,2025-01-08,510.0,delivered,,,2025-01-08 17:55:00
1351,4339,10,2025-04-17,0,cancelled,items_unavailable,system,
1352,4344,543,2025-05-23,1778.0,delivered,,,2025-05-23 22:45:00
1353,4345,693,2025-05-04,0,cancelled,items_unavailable,system,
1354,4346,1118,2025-02-24,247.0,delivered,,,2025-02-24 13:09:00
1355,4354,317,2025-03-18,232.0,delivered,,,2025-03-18 13:55:00
1356,4355,737,2025-03-25,1002.0,delivered,,,2025-03-25 20:41:00
1357,4356,845,2025-03-11,518.0,delivered,,,2025-03-11 19:35:00
1358,4358,973,2025-01-08,294.0,delivered,,,2025-01-08 18:06:00
1359,4360,410,2025-04-13,438.0,delivered,,,2025-04-13 14:13:00
1360,4361,746,2025-05-21,1731.0,delivered,,,2025-05-21 23:04:00
1361,4364,150,2025-02-08,198.0,delivered,,,2025-02-08 08:30:00
1362,4369,920,2025-06-15,329.0,delivered,,,2025-06-15 19:13:00
1363,4370,309,2025-04-01,941.0,delivered,,,2025-04-01 17:42:00
1364,4371,313,2025-05-29,339.0,delivered,,,2025-05-29 15:22:00
1365,4372,752,2025-06-22,187.0,delivered,,,2025-06-22 19:16:00
1366,4374,381,2025-04-22,74.0,delivered,,,2025-04-22 07:05:00
1367,4377,382,2025-03-31,314.0,delivered,,,2025-03-31 17:40:00
1368,4378,172,2025-02-20,156.0,delivered,,,2025-02-20 07:13:00
1369,4379,25,2025-01-27,1034.0,delivered,,,2025-01-27 10:35:00
1370,4380,408,2025-01-22,1793.0,delivered,,,2025-01-22 13:31:00
1371,4381,845,2025-03-03,259.0,cancelled,address_issue,seller,
1372,4384,456,2025-05-24,0,cancelled,items_unavailable,system,
1373,4387,15,2025-06-13,480.0,delivered,,,2025-06-13 10:13:00
1374,4396,536,2025-01-09,318.0,delivered,,,2025-01-09 14:00:00
1375,4405,370,2025-02-06,1635.0,delivered,,,2025-02-06 20:26:00
1376,4409,571,2025-02-06,1256.0,delivered,,,2025-02-06 15:04:00
1377,4416,937,2025-02-08,115.0,delivered,,,2025-02-08 10:13:00
1378,4419,720,2025-06-05,422.0,delivered,,,2025-06-05 22:31:00
1379,4424,971,2025-03-03,518.0,delivered,,,2025-03-03 08:59:00
1380,4427,1080,2025-03-22,960.0,delivered,,,2025-03-23 01:18:00
1381,4428,1155,2025-02-23,0,cancelled,items_unavailable,system,
1382,4431,527,2025-06-10,263.0,cancelled,payment_failed,system,
1383,4433,1120,2025-02-01,2238.0,delivered,,,2025-02-01 14:00:00
1384,4438,130,2025-05-14,728.0,delivered,,,2025-05-14 16:12:00
1385,4442,155,2025-04-14,1045.0,delivered,,,2025-04-14 17:53:00
1386,4446,487,2025-05-27,518.0,delivered,,,2025-05-27 18:17:00
1387,4448,344,2025-05-13,599.0,delivered,,,2025-05-13 21:38:00
1388,4452,342,2025-04-11,845.0,delivered,,,2025-04-11 09:46:00
1389,4457,577,2025-02-27,530.0,delivered,,,2025-02-27 10:39:00
1390,4459,390,2025-02-26,207.0,delivered,,,2025-02-26 07:39:00
1391,4460,653,2025-02-27,393.0,delivered,,,2025-02-27 11:10:00
1392,4464,818,2025-04-02,411.0,delivered,,,2025-04-02 22:59:00
1393,4465,1072,2025-01-19,156.0,delivered,,,2025-01-19 11:23:00
1394,4468,1049,2025-04-06,1344.0,delivered,,,2025-04-06 15:06:00
1395,4469,25,2025-02-17,451.0,delivered,,,2025-02-17 13:53:00
1396,4470,427,2025-01-25,1063.0,delivered,,,2025-01-25 15:14:00
1397,4475,1078,2025-06-15,369.0,delivered,,,2025-06-15 10:39:00
1398,4476,439,2025-05-04,183.0,delivered,,,2025-05-04 18:12:00
1399,4478,624,2025-01-22,1171.0,delivered,,,2025-01-22 13:04:00
1400,4482,59,2025-05-18,207.0,delivered,,,2025-05-18 09:29:00
1401,4483,277,2025-02-11,207.0,delivered,,,2025-02-11 22:55:00
1402,4484,109,2025-04-11,296.0,delivered,,,2025-04-11 10:32:00
1403,4491,864,2025-03-02,356.0,delivered,,,2025-03-02 10:44:00
1404,4499,958,2025-04-07,1500.0,delivered,,,2025-04-07 11:39:00
1405,4500,766,2025-05-23,62.0,delivered,,,2025-05-23 14:08:00
1406,4502,14,2025-02-05,318.0,delivered,,,2025-02-05 17:41:00
1407,4504,961,2025-05-11,738.0,delivered,,,2025-05-11 07:57:00
1408,4505,305,2025-01-30,725.0,delivered,,,2025-01-30 19:33:00
1409,4514,693,2025-06-21,310.0,delivered,,,2025-06-21 21:49:00
1410,4515,494,2025-06-06,674.0,delivered,,,2025-06-06 20:32:00
1411,4517,305,2025-03-25,426.0,delivered,,,2025-03-25 22:23:00
1412,4519,440,2025-04-13,548.0,delivered,,,2025-04-13 11:20:00
1413,4524,163,2025-03-31,927.0,delivered,,,2025-03-31 20:51:00
1414,4529,442,2025-03-19,259.0,delivered,,,2025-03-19 18:14:00
1415,4530,1084,2025-05-17,320.0,delivered,,,2025-05-17 14:32:00
1416,4537,754,2025-03-26,667.0,delivered,,,2025-03-26 19:32:00
1417,4538,275,2025-02-09,515.0,delivered,,,2025-02-09 12:44:00
1418,4539,408,2025-02-04,122.0,delivered,,,2025-02-04 16:17:00
1419,4543,754,2025-05-24,207.0,delivered,,,2025-05-24 12:12:00
1420,4545,638,2025-03-26,207.0,delivered,,,2025-03-26 21:01:00
1421,4549,825,2025-05-14,978.0,delivered,,,2025-05-14 13:10:00
1422,4552,345,2025-06-14,883.0,delivered,,,2025-06-14 08:34:00
1423,4553,277,2025-04-27,617.0,cancelled,late_delivery,customer,
1424,4556,251,2025-01-29,153.0,delivered,,,2025-01-29 23:32:00
1425,4558,292,2025-03-08,108.0,delivered,,,2025-03-08 17:11:00
1426,4561,602,2025-02-14,265.0,delivered,,,2025-02-14 11:27:00
1427,4562,459,2025-06-20,1308.0,delivered,,,2025-06-20 12:54:00
1428,4573,412,2025-05-25,423.0,delivered,,,2025-05-25 20:24:00
1429,4575,899,2025-02-17,469.0,delivered,,,2025-02-17 10:54:00
1430,4583,53,2025-02-20,2160.0,delivered,,,2025-02-20 12:50:00
1431,4584,285,2025-04-14,993.0,delivered,,,2025-04-14 15:03:00
1432,4586,404,2025-01-05,310.0,delivered,,,2025-01-05 19:58:00
1433,4587,774,2025-04-04,2047.0,delivered,,,2025-04-04 21:09:00
1434,4589,857,2025-01-06,236.0,delivered,,,2025-01-06 16:22:00
1435,4593,823,2025-03-30,902.0,delivered,,,2025-03-30 19:18:00
1436,4597,371,2025-01-13,2585.0,delivered,,,2025-01-13 19:36:00
1437,4600,1188,2025-03-22,246.0,delivered,,,2025-03-22 16:35:00
1438,4602,965,2025-04-25,636.0,delivered,,,2025-04-25 19:44:00
1439,4606,528,2025-02-08,1069.0,delivered,,,2025-02-08 16:54:00
1440,4611,939,2025-05-26,1706.0,delivered,,,2025-05-26 14:56:00
1441,4619,583,2025-06-07,795.0,delivered,,,2025-06-07 21:55:00
1442,4620,141,2025-04-09,1218.0,delivered,,,2025-04-09 23:56:00
1443,4622,1133,2025-05-01,407.0,delivered,,,2025-05-01 21:23:00
1444,4625,1120,2025-05-19,360.0,delivered,,,2025-05-19 19:22:00
1445,4627,27,2025-04-14,345.0,delivered,,,2025-04-14 10:18:00
1446,4628,579,2025-03-30,50.0,delivered,,,2025-03-30 09:10:00
1447,4630,52,2025-05-18,807.0,delivered,,,2025-05-18 21:05:00
1448,4631,11,2025-03-18,786.0,delivered,,,2025-03-19 00:42:00
1449,4632,198,2025-05-03,308.0,delivered,,,2025-05-03 09:10:00
1450,4634,241,2025-05-20,1899.0,delivered,,,2025-05-20 12:27:00
1451,4637,592,2025-05-03,311.0,delivered,,,2025-05-03 16:32:00
1452,4640,630,2025-02-20,622.0,delivered,,,2025-02-20 07:40:00
1453,4642,760,2025-05-19,664.0,delivered,,,2025-05-19 08:08:00
1454,4646,130,2025-04-14,87.0,delivered,,,2025-04-14 14:37:00
1455,4658,945,2025-05-10,265.0,delivered,,,2025-05-10 08:41:00
1456,4661,539,2025-06-21,296.0,delivered,,,2025-06-22 00:05:00
1457,4667,469,2025-01-14,586.0,delivered,,,2025-01-14 09:34:00
1458,4669,1092,2025-01-10,1246.0,delivered,,,2025-01-10 09:45:00
1459,4670,335,2025-06-13,332.0,delivered,,,2025-06-13 20:03:00
1460,4675,132,2025-01-30,45.0,delivered,,,2025-01-30 18:15:00
1461,4681,161,2025-04-10,852.0,delivered,,,2025-04-10 14:54:00
1462,4682,994,2025-02-24,511.0,delivered,,,2025-02-24 23:12:00
1463,4686,3,2025-06-18,744.0,delivered,,,2025-06-18 11:31:00
1464,4687,86,2025-03-19,296.0,delivered,,,2025-03-19 19:17:00
1465,4691,594,2025-03-26,672.0,delivered,,,2025-03-26 07:06:00
1466,4693,365,2025-01-09,150.0,delivered,,,2025-01-09 08:36:00
1467,4698,288,2025-05-12,1386.0,delivered,,,2025-05-12 15:48:00
1468,4701,593,2025-03-24,767.0,delivered,,,2025-03-24 21:58:00
1469,4708,1044,2025-04-27,159.0,delivered,,,2025-04-27 13:59:00
1470,4709,884,2025-01-28,304.0,delivered,,,2025-01-28 06:46:00
1471,4712,1003,2025-04-24,1426.0,delivered,,,2025-04-24 12:53:00
1472,4715,1019,2025-04-12,381.0,delivered,,,2025-04-12 16:15:00
1473,4716,23,2025-05-25,251.0,delivered,,,2025-05-25 13:17:00
1474,4719,1111,2025-02-25,1554.0,cancelled,late_delivery,customer,
1475,4721,262,2025-02-25,60.0,delivered,,,2025-02-25 08:23:00
1476,4723,738,2025-02-01,303.0,delivered,,,2025-02-01 22:59:00
1477,4725,994,2025-06-18,393.0,delivered,,,2025-06-19 00:04:00
1478,4726,1095,2025-01-26,215.0,delivered,,,2025-01-26 20:06:00
1479,4729,862,2025-02-22,1638.0,delivered,,,2025-02-22 11:41:00
1480,4732,437,2025-04-18,1005.0,delivered,,,2025-04-18 21:50:00
1481,4742,812,2025-05-02,2706.0,delivered,,,2025-05-03 01:00:00
1482,4745,769,2025-06-03,296.0,delivered,,,2025-06-03 07:45:00
1483,4746,3,2025-02-27,1321.0,delivered,,,2025-02-27 11:02:00
1484,4748,830,2025-06-01,50.0,delivered,,,2025-06-01 23:45:00
1485,4756,574,2025-04-01,102.0,delivered,,,2025-04-01 12:57:00
1486,4760,447,2025-01-29,746.0,delivered,,,2025-01-29 08:29:00
1487,4763,737,2025-02-05,745.0,delivered,,,2025-02-05 23:03:00
1488,4767,1186,2025-06-18,254.0,delivered,,,2025-06-18 17:52:00
1489,4770,613,2025-01-10,477.0,delivered,,,2025-01-10 22:56:00
1490,4773,399,2025-02-03,2211.0,delivered,,,2025-02-03 09:48:00
1491,4778,676,2025-03-25,387.0,delivered,,,2025-03-25 10:40:00
1492,4781,664,2025-05-26,116.0,delivered,,,2025-05-26 10:28:00
1493,4784,1079,2025-01-01,1992.0,delivered,,,2025-01-01 19:15:00
1494,4788,108,2025-03-24,2306.0,delivered,,,2025-03-24 18:33:00
1495,4789,656,2025-04-26,536.0,delivered,,,2025-04-26 19:53:00
1496,4790,731,2025-05-26,270.0,delivered,,,2025-05-26 10:29:00
1497,4796,348,2025-02-06,400.0,delivered,,,2025-02-06 07:56:00
1498,4798,246,2025-06-27,437.0,delivered,,,2025-06-28 00:32:00
1499,4802,410,2025-05-14,130.0,delivered,,,2025-05-14 21:04:00
1500,4806,744,2025-06-18,1263.0,delivered,,,2025-06-18 20:20:00
1501,4808,935,2025-05-11,496.0,delivered,,,2025-05-11 11:30:00
1502,4811,1144,2025-04-08,37.0,delivered,,,2025-04-08 11:51:00
1503,4812,1084,2025-02-06,927.0,delivered,,,2025-02-06 14:11:00
1504,4816,122,2025-05-14,311.0,delivered,,,2025-05-14 22:37:00
1505,4817,880,2025-02-25,517.0,delivered,,,2025-02-25 16:37:00
1506,4823,348,2025-01-07,1656.0,cancelled,late_delivery,customer,
1507,4824,544,2025-01-20,398.0,delivered,,,2025-01-20 09:47:00
1508,4825,241,2025-05-04,296.0,cancelled,late_delivery,customer,
1509,4826,35,2025-05-06,806.0,delivered,,,2025-05-06 21:31:00
1510,4829,14,2025-06-08,345.0,cancelled,late_delivery,customer,
1511,4831,343,2025-03-26,50.0,delivered,,,2025-03-26 22:05:00
1512,4832,1150,2025-02-07,621.0,delivered,,,2025-02-07 16:04:00
1513,4834,704,2025-02-15,1287.0,delivered,,,2025-02-15 17:38:00
1514,4835,192,2025-02-14,536.0,delivered,,,2025-02-14 23:52:00
1515,4838,838,2025-06-29,194.0,cancelled,late_delivery,customer,
1516,4841,1160,2025-01-07,460.0,cancelled,payment_failed,system,
1517,4846,17,2025-01-08,93.0,cancelled,address_issue,seller,
1518,4848,1055,2025-04-17,422.0,delivered,,,2025-04-17 23:48:00
1519,4849,67,2025-01-15,1744.0,delivered,,,2025-01-15 15:35:00
1520,4859,151,2025-04-02,1144.0,delivered,,,2025-04-02 18:17:00
1521,4863,536,2025-06-01,299.0,delivered,,,2025-06-01 19:58:00
1522,4866,263,2025-03-05,393.0,delivered,,,2025-03-05 18:29:00
1523,4870,476,2025-05-01,564.0,cancelled,late_delivery,customer,
1524,4871,364,2025-03-01,518.0,delivered,,,2025-03-01 12:34:00
1525,4876,1066,2025-01-21,143.0,delivered,,,2025-01-21 13:39:00
1526,4882,969,2025-01-29,3745.0,delivered,,,2025-01-29 11:12:00
1527,4884,265,2025-04-22,374.0,delivered,,,2025-04-22 11:12:00
1528,4885,1128,2025-04-05,549.0,delivered,,,2025-04-05 12:14:00
1529,4886,507,2025-02-09,295.0,delivered,,,2025-02-10 01:02:00
1530,4889,455,2025-04-28,540.0,delivered,,,2025-04-28 15:16:00
1531,4895,524,2025-03-02,220.0,delivered,,,2025-03-02 15:53:00
1532,4901,1184,2025-03-02,438.0,delivered,,,2025-03-02 07:27:00
1533,4906,557,2025-05-12,187.0,delivered,,,2025-05-12 21:45:00
1534,4910,278,2025-01-25,198.0,delivered,,,2025-01-25 19:19:00
1535,4911,937,2025-01-05,192.0,delivered,,,2025-01-05 17:56:00
1536,4913,740,2025-02-20,577.0,delivered,,,2025-02-20 08:43:00
1537,4916,884,2025-06-15,1176.0,delivered,,,2025-06-15 08:05:00
1538,4917,809,2025-06-27,290.0,delivered,,,2025-06-27 11:51:00
1539,4920,1188,2025-06-16,124.0,delivered,,,2025-06-16 09:18:00
1540,4922,607,2025-03-26,920.0,delivered,,,2025-03-26 12:21:00
1541,4923,1061,2025-04-26,0,cancelled,substitute_rejected,customer,
1542,4930,252,2025-01-06,87.0,delivered,,,2025-01-06 13:04:00
1543,4933,237,2025-04-08,93.0,delivered,,,2025-04-08 19:07:00
1544,4939,202,2025-06-24,1670.0,delivered,,,2025-06-24 21:37:00
1545,4940,442,2025-02-07,222.0,delivered,,,2025-02-07 09:38:00
1546,4941,192,2025-01-11,0,cancelled,items_unavailable,system,
1547,4945,124,2025-06-27,3548.0,delivered,,,2025-06-27 16:27:00
1548,4949,880,2025-01-27,786.0,delivered,,,2025-01-27 11:28:00
1549,4950,257,2025-03-21,376.0,delivered,,,2025-03-21 12:21:00
1550,4951,32,2025-02-15,143.0,delivered,,,2025-02-15 22:49:00
1551,4952,242,2025-03-13,160.0,delivered,,,2025-03-13 20:22:00
1552,4956,415,2025-02-16,327.0,delivered,,,2025-02-16 10:20:00
1553,4959,1032,2025-06-18,550.0,delivered,,,2025-06-18 17:25:00
1554,4964,753,2025-04-27,336.0,delivered,,,2025-04-27 19:57:00
1555,4974,1060,2025-03-02,60.0,delivered,,,2025-03-02 13:00:00
1556,4975,875,2025-05-01,1229.0,delivered,,,2025-05-01 19:15:00
1557,4980,1095,2025-02-12,1158.0,delivered,,,2025-02-12 19:35:00
1558,4984,1196,2025-01-12,717.0,delivered,,,2025-01-12 15:36:00
1559,4985,775,2025-01-12,270.0,delivered,,,2025-01-13 00:37:00
1560,4988,513,2025-02-04,207.0,delivered,,,2025-02-04 20:12:00
1561,4991,514,2025-03-20,303.0,delivered,,,2025-03-20 21:44:00
1562,4992,1038,2025-06-13,115.0,delivered,,,2025-06-13 20:32:00
1563,4994,1156,2025-01-19,660.0,delivered,,,2025-01-19 21:43:00
1564,4996,613,2025-06-26,606.0,delivered,,,2025-06-26 22:00:00
1565,5004,860,2025-05-23,220.0,delivered,,,2025-05-23 21:08:00
1566,5008,718,2025-06-25,318.0,delivered,,,2025-06-25 23:09:00
1567,5012,1008,2025-06-22,125.0,delivered,,,2025-06-22 12:27:00
1568,5014,385,2025-05-07,155.0,delivered,,,2025-05-07 20:52:00
1569,5016,1098,2025-01-23,293.0,delivered,,,2025-01-23 20:53:00
1570,5019,771,2025-05-03,700.0,delivered,,,2025-05-03 20:19:00
1571,5026,1105,2025-05-01,586.0,delivered,,,2025-05-01 14:40:00
1572,5030,374,2025-03-29,786.0,delivered,,,2025-03-29 08:25:00
1573,5032,193,2025-05-17,44.0,delivered,,,2025-05-17 12:37:00
1574,5039,306,2025-06-28,606.0,delivered,,,2025-06-28 08:15:00
1575,5041,929,2025-03-16,296.0,delivered,,,2025-03-16 09:06:00
1576,5042,515,2025-03-28,91.0,delivered,,,2025-03-28 18:48:00
1577,5047,418,2025-04-08,2921.0,cancelled,changed_mind,customer,
1578,5048,336,2025-06-07,571.0,delivered,,,2025-06-08 00:00:00
1579,5049,25,2025-05-01,156.0,delivered,,,2025-05-01 11:43:00
1580,5051,288,2025-06-20,2061.0,delivered,,,2025-06-20 12:54:00
1581,5054,470,2025-06-07,30.0,delivered,,,2025-06-07 19:22:00
1582,5059,147,2025-01-25,844.0,delivered,,,2025-01-25 23:19:00
1583,5060,178,2025-02-08,622.0,delivered,,,2025-02-09 00:53:00
1584,5061,419,2025-05-14,156.0,delivered,,,2025-05-14 13:56:00
1585,5062,318,2025-01-27,311.0,delivered,,,2025-01-27 15:47:00
1586,5064,344,2025-05-12,715.0,delivered,,,2025-05-12 09:52:00
1587,5065,1180,2025-05-06,414.0,cancelled,substitute_rejected,customer,
1588,5069,787,2025-03-15,246.0,delivered,,,2025-03-16 00:54:00
1589,5072,1127,2025-05-20,616.0,delivered,,,2025-05-20 11:28:00
1590,5076,1129,2025-02-08,2082.0,delivered,,,2025-02-08 16:51:00
1591,5086,632,2025-06-08,311.0,delivered,,,2025-06-08 07:47:00
1592,5087,653,2025-02-06,121.0,delivered,,,2025-02-06 14:20:00
1593,5090,379,2025-06-16,156.0,delivered,,,2025-06-16 12:54:00
1594,5094,386,2025-06-11,1751.0,delivered,,,2025-06-11 08:30:00
1595,5095,893,2025-06-24,152.0,delivered,,,2025-06-24 09:58:00
1596,5098,924,2025-05-02,570.0,delivered,,,2025-05-02 16:40:00
1597,5100,735,2025-02-09,828.0,delivered,,,2025-02-10 01:08:00
1598,5103,11,2025-05-29,181.0,delivered,,,2025-05-29 21:07:00
1599,5107,199,2025-03-20,259.0,delivered,,,2025-03-20 08:36:00
1600,5112,726,2025-03-17,54.0,delivered,,,2025-03-17 09:07:00
1601,5113,100,2025-04-15,672.0,delivered,,,2025-04-15 09:55:00
1602,5118,1197,2025-06-06,1569.0,delivered,,,2025-06-06 10:12:00
1603,5120,346,2025-03-04,967.0,delivered,,,2025-03-04 15:06:00
1604,5126,891,2025-02-16,778.0,delivered,,,2025-02-16 10:50:00
1605,5127,78,2025-06-17,194.0,delivered,,,2025-06-17 18:49:00
1606,5138,839,2025-03-17,842.0,cancelled,late_delivery,customer,
1607,5140,66,2025-04-20,36.0,delivered,,,2025-04-20 21:46:00
1608,5141,384,2025-05-10,1592.0,delivered,,,2025-05-10 22:47:00
1609,5142,554,2025-03-03,809.0,delivered,,,2025-03-03 15:03:00
1610,5143,1086,2025-01-14,62.0,delivered,,,2025-01-14 10:16:00
1611,5146,664,2025-06-08,465.0,delivered,,,2025-06-08 12:21:00
1612,5149,949,2025-04-12,530.0,delivered,,,2025-04-12 19:48:00
1613,5154,130,2025-06-29,309.0,cancelled,late_delivery,customer,
1614,5155,610,2025-06-28,148.0,cancelled,payment_failed,system,
1615,5156,322,2025-04-22,398.0,delivered,,,2025-04-22 14:52:00
1616,5161,1022,2025-05-04,393.0,delivered,,,2025-05-04 23:26:00
1617,5162,416,2025-04-17,921.0,delivered,,,2025-04-17 15:12:00
1618,5166,245,2025-01-24,664.0,delivered,,,2025-01-24 08:08:00
1619,5167,1042,2025-04-13,310.0,delivered,,,2025-04-13 14:36:00
1620,5169,334,2025-06-13,633.0,delivered,,,2025-06-13 12:19:00
1621,5173,521,2025-03-29,120.0,delivered,,,2025-03-29 16:53:00
1622,5178,995,2025-06-07,414.0,delivered,,,2025-06-07 19:22:00
1623,5179,113,2025-04-11,58.0,delivered,,,2025-04-11 23:10:00
1624,5180,413,2025-01-29,1421.0,delivered,,,2025-01-29 10:55:00
1625,5184,313,2025-03-09,1024.0,delivered,,,2025-03-09 22:49:00
1626,5185,722,2025-05-02,587.0,delivered,,,2025-05-02 06:57:00
1627,5186,35,2025-06-27,310.0,delivered,,,2025-06-27 08:29:00
1628,5188,1067,2025-02-09,1277.0,delivered,,,2025-02-09 23:33:00
1629,5192,148,2025-03-31,562.0,delivered,,,2025-04-01 00:43:00
1630,5194,221,2025-03-06,311.0,delivered,,,2025-03-06 12:56:00
1631,5196,136,2025-02-01,59.0,delivered,,,2025-02-01 16:38:00
1632,5201,411,2025-05-04,90.0,delivered,,,2025-05-04 18:39:00
1633,5203,274,2025-03-29,661.0,delivered,,,2025-03-29 16:51:00
1634,5204,714,2025-04-30,835.0,delivered,,,2025-04-30 14:07:00
1635,5206,574,2025-04-05,288.0,delivered,,,2025-04-05 10:47:00
1636,5214,624,2025-03-30,923.0,delivered,,,2025-03-30 07:47:00
1637,5217,402,2025-04-27,622.0,delivered,,,2025-04-27 13:38:00
1638,5221,298,2025-04-08,393.0,cancelled,substitute_rejected,customer,
1639,5222,918,2025-05-14,592.0,cancelled,payment_failed,system,
1640,5223,157,2025-06-01,461.0,delivered,,,2025-06-01 13:05:00
1641,5224,829,2025-05-08,259.0,delivered,,,2025-05-08 17:33:00
1642,5225,10,2025-02-08,633.0,delivered,,,2025-02-08 14:17:00
1643,5226,948,2025-02-10,610.0,delivered,,,2025-02-10 11:13:00
1644,5229,474,2025-06-16,315.0,delivered,,,2025-06-16 12:50:00
1645,5244,476,2025-01-09,187.0,delivered,,,2025-01-09 20:06:00
1646,5251,174,2025-03-12,1555.0,delivered,,,2025-03-12 17:21:00
1647,5252,411,2025-03-25,240.0,delivered,,,2025-03-26 00:05:00
1648,5261,497,2025-04-19,970.0,cancelled,late_delivery,customer,
1649,5263,19,2025-06-10,796.0,delivered,,,2025-06-10 21:24:00
1650,5267,40,2025-03-16,1095.0,cancelled,changed_mind,customer,
1651,5268,481,2025-03-29,579.0,delivered,,,2025-03-30 00:50:00
1652,5271,707,2025-01-10,187.0,delivered,,,2025-01-10 23:12:00
1653,5272,679,2025-06-06,786.0,delivered,,,2025-06-06 20:09:00
1654,5278,1130,2025-04-07,1023.0,delivered,,,2025-04-07 11:14:00
1655,5283,615,2025-05-17,273.0,delivered,,,2025-05-17 18:56:00
1656,5289,1190,2025-01-26,737.0,delivered,,,2025-01-26 07:55:00
1657,5291,222,2025-03-22,228.0,delivered,,,2025-03-22 14:16:00
1658,5292,395,2025-04-06,1990.0,delivered,,,2025-04-06 14:08:00
1659,5293,665,2025-05-18,944.0,delivered,,,2025-05-18 10:08:00
1660,5295,869,2025-06-09,1023.0,delivered,,,2025-06-09 18:16:00
1661,5297,489,2025-02-16,2019.0,delivered,,,2025-02-16 08:07:00
1662,5304,709,2025-02-27,545.0,delivered,,,2025-02-28 00:00:00
1663,5311,997,2025-05-23,441.0,cancelled,substitute_rejected,customer,
1664,5312,505,2025-01-14,547.0,cancelled,payment_failed,system,
1665,5315,307,2025-06-10,548.0,delivered,,,2025-06-10 09:44:00
1666,5319,1051,2025-03-03,346.0,delivered,,,2025-03-03 18:13:00
1667,5320,718,2025-06-02,1049.0,delivered,,,2025-06-02 21:04:00
1668,5327,1057,2025-01-27,876.0,delivered,,,2025-01-27 13:57:00
1669,5332,1161,2025-01-11,478.0,delivered,,,2025-01-11 08:51:00
1670,5337,212,2025-06-28,1602.0,cancelled,changed_mind,customer,
1671,5339,109,2025-03-13,235.0,delivered,,,2025-03-13 21:28:00
1672,5340,1064,2025-04-30,477.0,delivered,,,2025-04-30 15:30:00
1673,5345,972,2025-01-15,0,cancelled,items_unavailable,system,
1674,5351,425,2025-03-28,1049.0,delivered,,,2025-03-28 09:39:00
1675,5354,1172,2025-03-24,2286.0,delivered,,,2025-03-24 21:02:00
1676,5355,531,2025-02-24,207.0,delivered,,,2025-02-24 11:29:00
1677,5360,508,2025-01-07,296.0,delivered,,,2025-01-08 00:28:00
1678,5365,954,2025-03-01,236.0,delivered,,,2025-03-01 08:13:00
1679,5366,538,2025-03-25,923.0,delivered,,,2025-03-25 07:20:00
1680,5367,521,2025-04-07,422.0,delivered,,,2025-04-07 12:45:00
1681,5370,792,2025-06-07,761.0,delivered,,,2025-06-07 12:33:00
1682,5374,904,2025-06-23,115.0,delivered,,,2025-06-23 09:44:00
1683,5380,570,2025-04-06,999.0,delivered,,,2025-04-06 20:35:00
1684,5382,1134,2025-01-01,558.0,delivered,,,2025-01-01 23:12:00
1685,5383,584,2025-06-22,606.0,cancelled,substitute_rejected,customer,
1686,5384,452,2025-03-15,399.0,delivered,,,2025-03-15 20:44:00
1687,5386,1008,2025-03-31,31.0,delivered,,,2025-03-31 07:45:00
1688,5387,1156,2025-01-18,930.0,delivered,,,2025-01-18 08:07:00
1689,5388,1122,2025-02-13,161.0,delivered,,,2025-02-13 20:40:00
1690,5398,302,2025-01-10,664.0,delivered,,,2025-01-10 21:53:00
1691,5401,1148,2025-05-09,309.0,cancelled,payment_failed,system,
1692,5403,434,2025-04-27,987.0,cancelled,late_delivery,customer,
1693,5408,1001,2025-06-05,1224.0,delivered,,,2025-06-05 23:16:00
1694,5409,1171,2025-06-03,76.0,delivered,,,2025-06-04 00:39:00
1695,5410,649,2025-05-18,381.0,delivered,,,2025-05-18 14:11:00
1696,5412,492,2025-05-01,1485.0,cancelled,late_delivery,customer,
1697,5413,482,2025-03-20,892.0,delivered,,,2025-03-21 00:48:00
1698,5415,1097,2025-05-06,143.0,delivered,,,2025-05-07 01:29:00
1699,5421,704,2025-02-28,1101.0,delivered,,,2025-02-28 21:26:00
1700,5422,1089,2025-06-14,240.0,delivered,,,2025-06-14 16:00:00
1701,5423,736,2025-01-14,599.0,delivered,,,2025-01-14 15:43:00
1702,5427,182,2025-03-06,721.0,delivered,,,2025-03-06 21:04:00
1703,5433,19,2025-05-29,312.0,cancelled,changed_mind,customer,
1704,5434,315,2025-04-12,74.0,delivered,,,2025-04-12 17:42:00
1705,5437,77,2025-03-27,1122.0,delivered,,,2025-03-27 20:37:00
1706,5438,125,2025-03-27,667.0,cancelled,changed_mind,customer,
1707,5444,634,2025-06-16,393.0,delivered,,,2025-06-16 09:55:00
1708,5445,1164,2025-01-14,122.0,delivered,,,2025-01-14 14:11:00
1709,5447,218,2025-02-08,705.0,delivered,,,2025-02-08 08:39:00
1710,5448,151,2025-05-14,2055.0,cancelled,address_issue,seller,
1711,5457,873,2025-05-18,303.0,delivered,,,2025-05-18 17:25:00
1712,5461,1011,2025-05-28,93.0,delivered,,,2025-05-28 10:15:00
1713,5464,1104,2025-04-25,1285.0,delivered,,,2025-04-25 12:25:00
1714,5467,1045,2025-03-04,0,cancelled,items_unavailable,system,
1715,5468,671,2025-03-16,94.0,delivered,,,2025-03-16 15:14:00
1716,5469,801,2025-02-10,398.0,cancelled,substitute_rejected,customer,
1717,5474,1137,2025-03-08,990.0,delivered,,,2025-03-08 09:11:00
1718,5478,537,2025-01-11,3054.0,delivered,,,2025-01-11 23:23:00
1719,5485,1096,2025-05-28,1026.0,cancelled,changed_mind,customer,
1720,5493,1110,2025-05-26,270.0,delivered,,,2025-05-26 21:25:00
1721,5496,404,2025-03-15,479.0,delivered,,,2025-03-15 09:26:00
1722,5497,40,2025-06-03,423.0,delivered,,,2025-06-03 08:13:00
1723,5498,1091,2025-03-29,608.0,delivered,,,2025-03-29 17:43:00
1724,5504,861,2025-06-27,858.0,delivered,,,2025-06-27 19:57:00
1725,5511,431,2025-04-18,577.0,delivered,,,2025-04-18 22:35:00
1726,5515,91,2025-04-02,596.0,delivered,,,2025-04-02 22:41:00
1727,5521,1096,2025-02-17,238.0,cancelled,late_delivery,customer,
1728,5523,827,2025-02-05,337.0,delivered,,,2025-02-05 23:29:00
1729,5524,899,2025-05-27,508.0,delivered,,,2025-05-27 21:47:00
1730,5525,537,2025-02-23,1505.0,delivered,,,2025-02-23 20:06:00
1731,5526,1148,2025-02-22,124.0,delivered,,,2025-02-22 12:32:00
1732,5528,559,2025-06-16,664.0,delivered,,,2025-06-16 08:08:00
1733,5532,750,2025-02-13,97.0,delivered,,,2025-02-13 23:58:00
1734,5534,188,2025-03-21,3759.0,delivered,,,2025-03-21 14:20:00
1735,5535,1090,2025-04-14,391.0,delivered,,,2025-04-14 23:39:00
1736,5536,8,2025-04-06,61.0,delivered,,,2025-04-06 10:59:00
1737,5537,1139,2025-04-03,279.0,delivered,,,2025-04-03 17:42:00
1738,5540,980,2025-05-07,36.0,delivered,,,2025-05-07 11:15:00
1739,5541,657,2025-03-25,1269.0,cancelled,address_issue,seller,
1740,5543,603,2025-03-02,664.0,delivered,,,2025-03-02 21:39:00
1741,5550,434,2025-01-16,0,cancelled,items_unavailable,system,
1742,5551,424,2025-02-26,744.0,delivered,,,2025-02-27 00:32:00
1743,5553,253,2025-01-01,265.0,delivered,,,2025-01-01 20:33:00
1744,5555,901,2025-05-06,362.0,delivered,,,2025-05-06 13:08:00
1745,5561,585,2025-01-24,366.0,delivered,,,2025-01-24 19:57:00
1746,5564,364,2025-03-11,716.0,delivered,,,2025-03-11 07:36:00
1747,5569,174,2025-06-11,62.0,delivered,,,2025-06-11 15:01:00
1748,5570,1088,2025-03-04,664.0,delivered,,,2025-03-04 15:58:00
1749,5572,456,2025-02-02,44.0,delivered,,,2025-02-02 12:50:00
1750,5573,1008,2025-04-01,187.0,delivered,,,2025-04-01 09:32:00
1751,5574,989,2025-02-28,1057.0,delivered,,,2025-02-28 07:07:00
1752,5576,156,2025-03-14,1307.0,delivered,,,2025-03-14 13:36:00
1753,5578,477,2025-04-21,664.0,delivered,,,2025-04-21 10:33:00
1754,5579,318,2025-03-17,1678.0,cancelled,changed_mind,customer,
1755,5582,92,2025-02-23,701.0,delivered,,,2025-02-23 10:13:00
1756,5585,303,2025-03-21,1596.0,delivered,,,2025-03-21 12:21:00
1757,5588,731,2025-05-26,200.0,delivered,,,2025-05-26 12:32:00
1758,5589,1186,2025-05-20,240.0,delivered,,,2025-05-20 21:12:00
1759,5593,233,2025-06-25,1462.0,delivered,,,2025-06-25 11:03:00
1760,5599,463,2025-06-25,159.0,delivered,,,2025-06-25 17:40:00
1761,5601,168,2025-05-24,891.0,delivered,,,2025-05-24 16:12:00
1762,5605,1139,2025-03-24,1276.0,delivered,,,2025-03-25 00:33:00
1763,5612,263,2025-01-25,1804.0,delivered,,,2025-01-25 19:52:00
1764,5616,1141,2025-03-22,0,cancelled,items_unavailable,system,
1765,5617,562,2025-05-06,502.0,cancelled,address_issue,seller,
1766,5623,176,2025-03-15,1144.0,cancelled,substitute_rejected,customer,
1767,5624,243,2025-04-04,363.0,delivered,,,2025-04-04 15:47:00
1768,5626,1124,2025-04-16,238.0,delivered,,,2025-04-16 15:34:00
1769,5627,856,2025-06-19,296.0,delivered,,,2025-06-19 08:42:00
1770,5630,1150,2025-06-06,549.0,delivered,,,2025-06-06 21:34:00
1771,5633,633,2025-05-06,618.0,delivered,,,2025-05-06 07:54:00
1772,5637,1175,2025-06-21,1031.0,delivered,,,2025-06-21 20:27:00
1773,5638,339,2025-04-03,232.0,delivered,,,2025-04-03 18:38:00
1774,5640,816,2025-06-14,186.0,cancelled,address_issue,seller,
1775,5641,375,2025-01-01,647.0,delivered,,,2025-01-01 22:08:00
1776,5642,467,2025-05-07,327.0,delivered,,,2025-05-07 17:46:00
1777,5643,574,2025-02-27,116.0,delivered,,,2025-02-27 18:24:00
1778,5645,3,2025-06-15,482.0,cancelled,substitute_rejected,customer,
1779,5649,283,2025-06-21,1314.0,delivered,,,2025-06-21 13:27:00
1780,5652,810,2025-02-26,664.0,cancelled,items_unavailable,seller,
1781,5657,1121,2025-06-01,58.0,delivered,,,2025-06-01 08:17:00
1782,5659,781,2025-06-03,807.0,delivered,,,2025-06-03 07:55:00
1783,5661,584,2025-02-16,685.0,delivered,,,2025-02-16 16:14:00
1784,5662,348,2025-03-10,318.0,delivered,,,2025-03-10 23:41:00
1785,5664,740,2025-02-10,49.0,delivered,,,2025-02-10 16:01:00
1786,5669,39,2025-06-20,240.0,delivered,,,2025-06-20 09:09:00
1787,5673,1061,2025-05-09,1088.0,delivered,,,2025-05-09 18:08:00
1788,5675,898,2025-06-18,482.0,delivered,,,2025-06-18 20:12:00
1789,5676,193,2025-03-09,1227.0,delivered,,,2025-03-09 20:02:00
1790,5680,418,2025-04-19,667.0,delivered,,,2025-04-19 22:01:00
1791,5685,1047,2025-03-07,216.0,delivered,,,2025-03-07 18:35:00
1792,5686,742,2025-05-05,125.0,delivered,,,2025-05-05 11:41:00
1793,5693,12,2025-06-04,1677.0,delivered,,,2025-06-04 07:45:00
1794,5702,711,2025-02-01,684.0,cancelled,address_issue,seller,
1795,5704,748,2025-03-02,230.0,delivered,,,2025-03-02 07:58:00
1796,5710,695,2025-02-23,296.0,delivered,,,2025-02-23 14:36:00
1797,5717,671,2025-01-02,388.0,delivered,,,2025-01-02 22:46:00
1798,5718,752,2025-04-19,161.0,delivered,,,2025-04-19 11:34:00
1799,5719,76,2025-05-29,1527.0,delivered,,,2025-05-29 10:19:00
1800,5720,1046,2025-06-21,44.0,delivered,,,2025-06-21 07:05:00
1801,5725,748,2025-06-10,811.0,delivered,,,2025-06-10 10:49:00
1802,5727,877,2025-04-29,240.0,delivered,,,2025-04-29 15:11:00
1803,5729,151,2025-01-02,1432.0,delivered,,,2025-01-02 16:17:00
1804,5732,179,2025-06-24,1311.0,delivered,,,2025-06-24 19:10:00
1805,5742,933,2025-01-14,313.0,delivered,,,2025-01-15 01:12:00
1806,5743,450,2025-04-16,576.0,delivered,,,2025-04-16 15:14:00
1807,5745,1165,2025-01-10,194.0,delivered,,,2025-01-10 17:53:00
1808,5748,899,2025-04-15,1456.0,delivered,,,2025-04-15 11:26:00
1809,5753,59,2025-01-08,232.0,delivered,,,2025-01-08 19:10:00
1810,5759,215,2025-05-22,532.0,delivered,,,2025-05-22 14:08:00
1811,5761,30,2025-04-06,508.0,delivered,,,2025-04-06 14:44:00
1812,5764,720,2025-06-28,544.0,delivered,,,2025-06-28 23:28:00
1813,5766,681,2025-04-21,767.0,cancelled,changed_mind,customer,
1814,5768,1186,2025-06-18,673.0,delivered,,,2025-06-18 16:33:00
1815,5769,889,2025-01-18,182.0,delivered,,,2025-01-18 15:10:00
1816,5776,228,2025-03-20,1172.0,cancelled,changed_mind,customer,
1817,5778,202,2025-04-26,187.0,delivered,,,2025-04-27 00:36:00
1818,5779,317,2025-03-31,259.0,cancelled,substitute_rejected,customer,
1819,5780,968,2025-04-13,175.0,cancelled,substitute_rejected,customer,
1820,5783,628,2025-04-12,185.0,delivered,,,2025-04-12 12:32:00
1821,5785,273,2025-02-17,1124.0,delivered,,,2025-02-18 00:05:00
1822,5786,1002,2025-03-03,0,cancelled,items_unavailable,system,
1823,5792,393,2025-04-19,860.0,delivered,,,2025-04-19 19:08:00
1824,5794,258,2025-03-07,1824.0,delivered,,,2025-03-08 00:07:00
1825,5796,531,2025-04-11,633.0,delivered,,,2025-04-12 00:52:00
1826,5798,951,2025-06-13,203.0,delivered,,,2025-06-13 13:54:00
1827,5799,103,2025-03-04,254.0,delivered,,,2025-03-04 11:28:00
1828,5800,545,2025-02-06,928.0,cancelled,changed_mind,customer,
1829,5801,1180,2025-04-17,1163.0,delivered,,,2025-04-17 15:55:00
1830,5809,992,2025-06-09,1132.0,delivered,,,2025-06-09 11:10:00
1831,5814,951,2025-05-09,610.0,delivered,,,2025-05-09 15:05:00
1832,5815,321,2025-04-16,230.0,delivered,,,2025-04-16 21:17:00
1833,5816,458,2025-03-12,809.0,delivered,,,2025-03-13 00:57:00
1834,5824,11,2025-03-17,1011.0,delivered,,,2025-03-17 18:38:00
1835,5825,978,2025-04-13,115.0,delivered,,,2025-04-13 14:33:00
1836,5827,499,2025-03-05,102.0,delivered,,,2025-03-05 14:05:00
1837,5830,548,2025-03-24,1198.0,delivered,,,2025-03-24 15:51:00
1838,5832,646,2025-05-03,1097.0,delivered,,,2025-05-03 15:40:00
1839,5833,829,2025-05-16,666.0,delivered,,,2025-05-16 13:03:00
1840,5834,539,2025-02-23,1049.0,delivered,,,2025-02-23 16:36:00
1841,5839,242,2025-03-29,115.0,delivered,,,2025-03-29 23:06:00
1842,5842,1029,2025-01-11,1309.0,delivered,,,2025-01-11 19:09:00
1843,5844,747,2025-03-02,169.0,delivered,,,2025-03-02 07:33:00
1844,5850,156,2025-06-24,532.0,delivered,,,2025-06-24 09:00:00
1845,5852,920,2025-06-10,3836.0,delivered,,,2025-06-10 20:50:00
1846,5857,58,2025-03-18,1165.0,cancelled,substitute_rejected,customer,
1847,5865,656,2025-04-18,76.0,delivered,,,2025-04-18 09:35:00
1848,5872,245,2025-05-11,310.0,delivered,,,2025-05-11 07:25:00
1849,5873,977,2025-02-24,207.0,delivered,,,2025-02-24 18:55:00
1850,5877,996,2025-04-21,120.0,delivered,,,2025-04-21 21:45:00
1851,5878,14,2025-02-11,972.0,cancelled,address_issue,seller,
1852,5882,653,2025-06-20,456.0,delivered,,,2025-06-20 06:55:00
1853,5883,218,2025-05-06,869.0,delivered,,,2025-05-06 13:08:00
1854,5887,783,2025-05-09,303.0,cancelled,changed_mind,customer,
1855,5894,584,2025-02-18,3036.0,delivered,,,2025-02-18 12:36:00
1856,5898,1007,2025-02-27,248.0,cancelled,late_delivery,customer,
1857,5899,1052,2025-04-14,752.0,delivered,,,2025-04-14 22:02:00
1858,5904,381,2025-06-17,303.0,delivered,,,2025-06-17 09:44:00
1859,5906,75,2025-04-21,798.0,delivered,,,2025-04-21 09:48:00
1860,5907,1163,2025-05-31,621.0,cancelled,late_delivery,customer,
1861,5908,927,2025-05-03,413.0,delivered,,,2025-05-03 16:05:00
1862,5913,792,2025-03-27,472.0,delivered,,,2025-03-27 14:02:00
1863,5915,929,2025-01-02,1336.0,delivered,,,2025-01-02 07:42:00
1864,5918,771,2025-05-13,94.0,delivered,,,2025-05-13 09:34:00
1865,5920,278,2025-04-14,341.0,delivered,,,2025-04-14 13:43:00
1866,5924,240,2025-06-06,2265.0,delivered,,,2025-06-06 23:20:00
1867,5931,92,2025-05-22,0,cancelled,substitute_rejected,customer,
1868,5935,1134,2025-01-09,651.0,delivered,,,2025-01-09 19:09:00
1869,5937,558,2025-05-11,2290.0,cancelled,substitute_rejected,customer,
1870,5942,556,2025-01-15,505.0,delivered,,,2025-01-15 15:49:00
1871,5944,59,2025-01-06,880.0,cancelled,changed_mind,customer,
1872,5945,449,2025-05-15,125.0,delivered,,,2025-05-15 21:22:00
1873,5947,244,2025-03-04,592.0,delivered,,,2025-03-04 09:36:00
1874,5949,222,2025-03-03,0,cancelled,substitute_rejected,customer,
1875,5950,873,2025-06-26,453.0,delivered,,,2025-06-26 10:50:00
1876,5951,935,2025-01-04,308.0,cancelled,late_delivery,customer,
1877,5956,157,2025-04-13,1048.0,delivered,,,2025-04-13 15:15:00
1878,5959,1053,2025-05-07,1178.0,delivered,,,2025-05-07 20:53:00
1879,5963,620,2025-05-11,207.0,delivered,,,2025-05-11 16:37:00
1880,5965,446,2025-06-13,1389.0,cancelled,late_delivery,customer,
1881,5969,459,2025-06-01,2958.0,delivered,,,2025-06-02 00:42:00
1882,5971,573,2025-06-26,236.0,delivered,,,2025-06-26 15:11:00
1883,5974,1148,2025-01-30,125.0,delivered,,,2025-01-30 22:03:00
1884,5977,337,2025-03-09,37.0,delivered,,,2025-03-09 21:52:00
1885,5978,433,2025-06-20,90.0,delivered,,,2025-06-20 17:19:00
1886,5981,571,2025-06-22,50.0,delivered,,,2025-06-22 18:54:00
1887,5982,803,2025-06-07,199.0,delivered,,,2025-06-07 18:03:00
1888,5983,284,2025-01-31,797.0,delivered,,,2025-01-31 14:33:00
1889,5986,676,2025-03-24,874.0,delivered,,,2025-03-24 13:15:00
1890,5987,6,2025-02-01,115.0,delivered,,,2025-02-02 00:54:00
1891,5989,643,2025-02-26,1062.0,delivered,,,2025-02-26 22:27:00
1892,5991,1148,2025-01-17,667.0,delivered,,,2025-01-17 18:15:00
1893,5994,346,2025-03-13,889.0,delivered,,,2025-03-13 16:31:00
1894,5996,471,2025-01-10,695.0,delivered,,,2025-01-10 21:52:00
1895,5998,81,2025-02-09,800.0,delivered,,,2025-02-09 12:33:00
1896,6005,1185,2025-03-23,313.0,delivered,,,2025-03-23 19:03:00
1897,6011,1063,2025-01-09,480.0,delivered,,,2025-01-09 10:44:00
1898,6017,31,2025-02-28,131.0,delivered,,,2025-02-28 19:44:00
1899,6023,229,2025-02-10,103.0,delivered,,,2025-02-11 00:03:00
1900,6025,248,2025-02-14,0,cancelled,items_unavailable,system,
1901,6029,653,2025-03-30,932.0,delivered,,,2025-03-30 23:12:00
1902,6031,306,2025-01-15,288.0,delivered,,,2025-01-15 19:45:00
1903,6033,1052,2025-03-01,70.0,delivered,,,2025-03-01 06:57:00
1904,6034,218,2025-06-05,360.0,delivered,,,2025-06-06 01:09:00
1905,6036,363,2025-03-17,1038.0,delivered,,,2025-03-17 23:54:00
1906,6039,587,2025-01-30,555.0,delivered,,,2025-01-30 17:28:00
1907,6044,739,2025-05-15,2038.0,delivered,,,2025-05-15 09:26:00
1908,6053,484,2025-06-14,436.0,delivered,,,2025-06-14 11:29:00
1909,6059,297,2025-05-24,230.0,delivered,,,2025-05-24 10:41:00
1910,6060,805,2025-04-30,379.0,delivered,,,2025-04-30 10:17:00
1911,6063,636,2025-06-19,308.0,delivered,,,2025-06-20 00:33:00
1912,6067,1020,2025-05-31,1227.0,delivered,,,2025-05-31 17:40:00
1913,6069,560,2025-06-13,918.0,delivered,,,2025-06-13 13:41:00
1914,6072,242,2025-05-05,270.0,delivered,,,2025-05-05 18:41:00
1915,6074,1028,2025-03-26,670.0,delivered,,,2025-03-26 10:53:00
1916,6075,793,2025-04-04,327.0,delivered,,,2025-04-04 22:23:00
1917,6076,1102,2025-02-24,658.0,delivered,,,2025-02-24 09:20:00
1918,6077,10,2025-03-03,1101.0,cancelled,substitute_rejected,customer,
1919,6085,704,2025-04-07,115.0,delivered,,,2025-04-07 16:42:00
1920,6086,218,2025-05-12,284.0,delivered,,,2025-05-12 12:22:00
1921,6087,482,2025-04-25,760.0,delivered,,,2025-04-25 20:37:00
1922,6090,305,2025-03-16,429.0,delivered,,,2025-03-16 08:44:00
1923,6097,383,2025-06-02,616.0,delivered,,,2025-06-02 23:07:00
1924,6100,120,2025-05-21,398.0,cancelled,changed_mind,customer,
1925,6103,450,2025-05-30,1914.0,delivered,,,2025-05-30 21:25:00
1926,6107,339,2025-05-13,177.0,cancelled,changed_mind,customer,
1927,6109,331,2025-03-06,422.0,delivered,,,2025-03-06 16:49:00
1928,6114,174,2025-01-03,153.0,delivered,,,2025-01-03 10:48:00
1929,6118,989,2025-03-06,586.0,cancelled,substitute_rejected,customer,
1930,6122,1130,2025-05-29,456.0,delivered,,,2025-05-29 22:39:00
1931,6125,344,2025-01-17,1221.0,delivered,,,2025-01-17 23:08:00
1932,6128,322,2025-06-03,1451.0,cancelled,payment_failed,system,
1933,6130,461,2025-05-22,468.0,delivered,,,2025-05-22 12:51:00
1934,6131,357,2025-06-15,310.0,delivered,,,2025-06-15 11:16:00
1935,6134,992,2025-06-03,115.0,delivered,,,2025-06-03 10:10:00
1936,6138,627,2025-02-27,167.0,delivered,,,2025-02-27 13:46:00
1937,6140,1124,2025-06-27,1834.0,delivered,,,2025-06-27 22:32:00
1938,6142,101,2025-02-12,155.0,delivered,,,2025-02-12 07:34:00
1939,6143,622,2025-01-20,472.0,delivered,,,2025-01-20 16:23:00
1940,6146,132,2025-03-24,268.0,delivered,,,2025-03-24 22:36:00
1941,6148,27,2025-04-01,629.0,delivered,,,2025-04-01 09:24:00
1942,6151,689,2025-03-12,97.0,delivered,,,2025-03-12 10:41:00
1943,6157,336,2025-03-28,2277.0,delivered,,,2025-03-28 07:50:00
1944,6163,974,2025-05-30,999.0,delivered,,,2025-05-30 16:38:00
1945,6165,471,2025-05-05,842.0,delivered,,,2025-05-05 15:27:00
1946,6169,1019,2025-02-12,395.0,cancelled,late_delivery,customer,
1947,6170,9,2025-05-05,326.0,delivered,,,2025-05-05 08:56:00
1948,6172,97,2025-02-27,946.0,cancelled,payment_failed,system,
1949,6173,45,2025-05-27,90.0,delivered,,,2025-05-27 06:54:00
1950,6174,100,2025-04-19,91.0,delivered,,,2025-04-20 00:05:00
1951,6180,1143,2025-06-12,714.0,delivered,,,2025-06-12 22:10:00
1952,6183,511,2025-02-12,393.0,delivered,,,2025-02-12 18:31:00
1953,6187,931,2025-05-15,0,cancelled,items_unavailable,system,
1954,6189,355,2025-01-27,404.0,delivered,,,2025-01-27 19:36:00
1955,6193,969,2025-06-13,303.0,delivered,,,2025-06-13 19:04:00
1956,6195,1091,2025-06-28,2878.0,delivered,,,2025-06-28 13:24:00
1957,6196,202,2025-03-16,115.0,delivered,,,2025-03-16 10:58:00
1958,6200,875,2025-01-10,341.0,delivered,,,2025-01-10 09:59:00
1959,6218,733,2025-04-30,310.0,delivered,,,2025-05-01 01:22:00
1960,6219,1118,2025-01-04,663.0,delivered,,,2025-01-04 23:47:00
1961,6220,568,2025-05-25,347.0,delivered,,,2025-05-25 11:54:00
1962,6221,642,2025-02-04,1615.0,delivered,,,2025-02-04 15:33:00
1963,6224,544,2025-05-21,102.0,delivered,,,2025-05-22 01:12:00
1964,6225,991,2025-02-12,240.0,delivered,,,2025-02-12 14:07:00
1965,6226,655,2025-05-20,1582.0,delivered,,,2025-05-20 08:54:00
1966,6227,151,2025-01-23,753.0,delivered,,,2025-01-23 20:34:00
1967,6232,424,2025-06-18,386.0,delivered,,,2025-06-18 23:26:00
1968,6234,685,2025-02-06,1992.0,delivered,,,2025-02-06 14:44:00
1969,6237,169,2025-01-02,664.0,delivered,,,2025-01-02 18:27:00
1970,6238,193,2025-05-20,532.0,cancelled,payment_failed,system,
1971,6241,389,2025-04-14,1124.0,delivered,,,2025-04-14 16:13:00
1972,6242,825,2025-04-12,382.0,delivered,,,2025-04-12 11:02:00
1973,6245,1072,2025-03-29,606.0,delivered,,,2025-03-29 06:48:00
1974,6255,65,2025-04-24,116.0,delivered,,,2025-04-24 10:32:00
1975,6256,174,2025-06-18,1251.0,delivered,,,2025-06-18 12:40:00
1976,6257,273,2025-05-21,543.0,delivered,,,2025-05-21 17:10:00
1977,6258,58,2025-02-12,428.0,delivered,,,2025-02-12 21:57:00
1978,6261,155,2025-06-09,581.0,delivered,,,2025-06-09 18:12:00
1979,6263,927,2025-02-05,1115.0,delivered,,,2025-02-05 23:44:00
1980,6265,592,2025-04-11,448.0,delivered,,,2025-04-11 16:39:00
1981,6266,812,2025-04-12,675.0,delivered,,,2025-04-12 08:45:00
1982,6269,154,2025-02-17,1453.0,cancelled,items_unavailable,seller,
1983,6288,1015,2025-02-16,442.0,delivered,,,2025-02-16 09:57:00
1984,6289,571,2025-01-18,50.0,delivered,,,2025-01-18 09:07:00
1985,6293,1115,2025-03-05,296.0,delivered,,,2025-03-05 12:40:00
1986,6309,435,2025-04-01,908.0,delivered,,,2025-04-01 13:56:00
1987,6323,207,2025-01-21,1159.0,delivered,,,2025-01-21 12:56:00
1988,6324,1194,2025-01-31,927.0,delivered,,,2025-01-31 21:48:00
1989,6330,777,2025-05-27,468.0,cancelled,items_unavailable,seller,
1990,6331,1166,2025-01-12,563.0,delivered,,,2025-01-12 20:48:00
1991,6332,116,2025-01-25,1761.0,cancelled,substitute_rejected,customer,
1992,6334,180,2025-05-14,1768.0,delivered,,,2025-05-14 11:47:00
1993,6342,642,2025-02-20,746.0,delivered,,,2025-02-20 21:49:00
1994,6343,1046,2025-04-17,808.0,delivered,,,2025-04-17 22:33:00
1995,6347,880,2025-03-03,551.0,delivered,,,2025-03-03 21:04:00
1996,6348,41,2025-05-13,902.0,delivered,,,2025-05-13 07:59:00
1997,6353,544,2025-02-25,350.0,delivered,,,2025-02-25 12:18:00
1998,6354,589,2025-02-07,448.0,delivered,,,2025-02-07 07:49:00
1999,6355,1148,2025-02-22,115.0,delivered,,,2025-02-22 18:35:00
2000,6357,476,2025-02-08,0,cancelled,items_unavailable,system,
2001,6361,338,2025-03-04,1078.0,delivered,,,2025-03-04 22:56:00
2002,6362,495,2025-02-23,964.0,delivered,,,2025-02-23 16:10:00
2003,6384,930,2025-02-23,1474.0,delivered,,,2025-02-23 09:51:00
2004,6385,21,2025-05-02,1887.0,delivered,,,2025-05-02 08:49:00
2005,6386,734,2025-04-03,236.0,delivered,,,2025-04-04 00:44:00
2006,6390,1031,2025-02-04,389.0,cancelled,late_delivery,customer,
2007,6398,304,2025-04-21,37.0,delivered,,,2025-04-21 22:37:00
2008,6401,94,2025-05-21,291.0,delivered,,,2025-05-21 21:55:00
2009,6402,657,2025-02-16,708.0,delivered,,,2025-02-16 12:46:00
2010,6405,1094,2025-05-25,443.0,delivered,,,2025-05-25 12:09:00
2011,6406,1185,2025-06-28,1252.0,delivered,,,2025-06-28 17:46:00
2012,6410,868,2025-06-28,259.0,delivered,,,2025-06-29 00:38:00
2013,6411,315,2025-01-31,1302.0,delivered,,,2025-01-31 15:02:00
2014,6416,862,2025-06-13,610.0,delivered,,,2025-06-13 11:28:00
2015,6417,788,2025-02-25,781.0,delivered,,,2025-02-25 17:19:00
2016,6419,71,2025-04-19,1450.0,delivered,,,2025-04-19 06:42:00
2017,6421,191,2025-06-07,143.0,cancelled,late_delivery,customer,
2018,6422,488,2025-06-08,0,cancelled,substitute_rejected,customer,
2019,6427,939,2025-05-08,679.0,delivered,,,2025-05-09 00:23:00
2020,6428,391,2025-01-28,236.0,delivered,,,2025-01-28 20:01:00
2021,6432,1016,2025-05-28,909.0,delivered,,,2025-05-29 00:52:00
2022,6439,754,2025-01-17,393.0,cancelled,late_delivery,customer,
2023,6441,222,2025-03-04,1658.0,delivered,,,2025-03-05 00:42:00
2024,6442,450,2025-02-27,115.0,cancelled,substitute_rejected,customer,
2025,6447,66,2025-01-13,235.0,delivered,,,2025-01-13 19:59:00
2026,6452,270,2025-02-16,233.0,delivered,,,2025-02-16 18:17:00
2027,6454,787,2025-03-14,185.0,cancelled,payment_failed,system,
2028,6455,292,2025-05-25,972.0,delivered,,,2025-05-25 11:26:00
2029,6456,583,2025-05-07,1346.0,delivered,,,2025-05-07 20:34:00
2030,6461,625,2025-05-23,352.0,delivered,,,2025-05-23 20:41:00
2031,6462,721,2025-06-17,635.0,cancelled,substitute_rejected,customer,
2032,6463,1069,2025-03-13,87.0,delivered,,,2025-03-13 22:54:00
2033,6464,260,2025-05-19,918.0,cancelled,items_unavailable,seller,
2034,6468,249,2025-05-10,1594.0,delivered,,,2025-05-10 16:58:00
2035,6477,892,2025-01-14,31.0,delivered,,,2025-01-14 14:04:00
2036,6482,716,2025-03-23,1405.0,delivered,,,2025-03-23 20:06:00
2037,6487,800,2025-03-21,158.0,delivered,,,2025-03-21 17:24:00
2038,6488,166,2025-06-29,207.0,delivered,,,2025-06-29 17:55:00
2039,6489,733,2025-03-30,207.0,delivered,,,2025-03-31 01:24:00
2040,6491,539,2025-05-23,775.0,delivered,,,2025-05-23 15:49:00
2041,6493,353,2025-03-12,474.0,delivered,,,2025-03-12 10:29:00
2042,6494,780,2025-03-16,230.0,delivered,,,2025-03-16 17:02:00
2043,6495,411,2025-05-18,182.0,delivered,,,2025-05-18 07:17:00
2044,6497,1185,2025-03-02,220.0,delivered,,,2025-03-02 16:33:00
2045,6500,247,2025-01-30,883.0,delivered,,,2025-01-30 10:22:00
2046,6502,866,2025-05-16,50.0,delivered,,,2025-05-16 22:25:00
2047,6503,508,2025-02-13,1297.0,delivered,,,2025-02-13 18:57:00
2048,6510,1013,2025-06-18,2308.0,delivered,,,2025-06-18 11:39:00
2049,6517,444,2025-04-20,259.0,delivered,,,2025-04-20 16:14:00
2050,6523,759,2025-03-28,1179.0,delivered,,,2025-03-28 07:08:00
2051,6526,41,2025-03-02,381.0,delivered,,,2025-03-03 00:18:00
2052,6531,1092,2025-03-20,388.0,delivered,,,2025-03-20 20:57:00
2053,6535,1041,2025-02-09,674.0,delivered,,,2025-02-09 18:05:00
2054,6539,130,2025-04-25,202.0,cancelled,items_unavailable,seller,
2055,6548,463,2025-02-11,206.0,delivered,,,2025-02-11 10:28:00
2056,6549,695,2025-06-29,457.0,delivered,,,2025-06-29 19:07:00
2057,6556,638,2025-06-04,1923.0,delivered,,,2025-06-04 11:49:00
2058,6557,1014,2025-02-03,122.0,delivered,,,2025-02-03 10:21:00
2059,6563,1105,2025-05-07,240.0,delivered,,,2025-05-07 15:52:00
2060,6567,1184,2025-01-21,2054.0,delivered,,,2025-01-21 17:51:00
2061,6568,543,2025-03-10,311.0,delivered,,,2025-03-10 11:51:00
2062,6569,580,2025-02-02,204.0,delivered,,,2025-02-02 18:11:00
2063,6570,1168,2025-05-13,1065.0,delivered,,,2025-05-13 18:32:00
2064,6574,149,2025-04-25,620.0,delivered,,,2025-04-26 00:16:00
2065,6580,83,2025-02-21,286.0,delivered,,,2025-02-21 22:00:00
2066,6581,511,2025-05-12,664.0,delivered,,,2025-05-12 16:54:00
2067,6583,616,2025-02-25,518.0,delivered,,,2025-02-25 16:10:00
2068,6587,916,2025-02-28,1144.0,delivered,,,2025-02-28 14:50:00
2069,6589,516,2025-05-04,187.0,delivered,,,2025-05-04 18:48:00
2070,6608,411,2025-03-14,2512.0,delivered,,,2025-03-14 11:40:00
2071,6609,177,2025-01-21,311.0,cancelled,substitute_rejected,customer,
2072,6611,994,2025-04-03,1084.0,delivered,,,2025-04-03 08:08:00
2073,6612,1127,2025-04-17,3164.0,delivered,,,2025-04-17 07:13:00
2074,6620,395,2025-04-11,453.0,delivered,,,2025-04-11 06:47:00
2075,6625,825,2025-06-25,311.0,delivered,,,2025-06-25 07:35:00
2076,6626,51,2025-01-16,297.0,delivered,,,2025-01-16 16:30:00
2077,6627,1026,2025-03-21,313.0,delivered,,,2025-03-21 15:39:00
2078,6629,155,2025-01-05,308.0,delivered,,,2025-01-05 07:01:00
2079,6632,90,2025-02-07,406.0,delivered,,,2025-02-07 11:34:00
2080,6635,334,2025-04-24,1228.0,delivered,,,2025-04-24 13:56:00
2081,6637,256,2025-03-08,799.0,delivered,,,2025-03-08 17:52:00
2082,6648,219,2025-05-18,664.0,delivered,,,2025-05-18 10:40:00
2083,6663,934,2025-05-07,514.0,delivered,,,2025-05-07 17:33:00
2084,6666,907,2025-05-28,50.0,delivered,,,2025-05-28 16:37:00
2085,6669,238,2025-05-18,130.0,delivered,,,2025-05-18 08:08:00
2086,6675,1117,2025-06-15,311.0,delivered,,,2025-06-15 20:13:00
2087,6677,260,2025-03-25,93.0,delivered,,,2025-03-25 14:21:00
2088,6678,52,2025-06-20,296.0,delivered,,,2025-06-20 13:42:00
2089,6680,321,2025-05-16,423.0,delivered,,,2025-05-16 21:48:00
2090,6682,40,2025-02-25,1126.0,delivered,,,2025-02-25 09:30:00
2091,6683,328,2025-01-06,321.0,delivered,,,2025-01-06 22:32:00
2092,6684,531,2025-01-23,0,cancelled,items_unavailable,system,
2093,6687,1083,2025-05-01,721.0,delivered,,,2025-05-02 00:01:00
2094,6688,826,2025-05-02,120.0,delivered,,,2025-05-02 20:45:00
2095,6693,1023,2025-04-13,256.0,delivered,,,2025-04-13 23:12:00
2096,6696,567,2025-06-07,147.0,delivered,,,2025-06-07 14:48:00
2097,6697,718,2025-06-15,646.0,delivered,,,2025-06-15 16:10:00
2098,6701,308,2025-02-17,935.0,delivered,,,2025-02-17 11:16:00
2099,6702,837,2025-02-09,328.0,delivered,,,2025-02-09 20:42:00
2100,6704,471,2025-06-23,259.0,delivered,,,2025-06-23 17:58:00
2101,6706,559,2025-06-06,1574.0,delivered,,,2025-06-06 19:02:00
2102,6707,116,2025-04-23,494.0,delivered,,,2025-04-23 21:15:00
2103,6712,936,2025-02-06,187.0,delivered,,,2025-02-06 11:16:00
2104,6713,363,2025-01-25,296.0,cancelled,items_unavailable,seller,
2105,6718,147,2025-04-30,76.0,delivered,,,2025-04-30 22:09:00
2106,6720,708,2025-03-02,367.0,delivered,,,2025-03-02 16:31:00
2107,6721,45,2025-03-08,2788.0,delivered,,,2025-03-08 09:24:00
2108,6727,339,2025-01-04,311.0,delivered,,,2025-01-04 08:19:00
2109,6728,1185,2025-01-13,0,cancelled,items_unavailable,system,
2110,6734,60,2025-02-10,615.0,delivered,,,2025-02-10 23:51:00
2111,6737,465,2025-03-10,897.0,delivered,,,2025-03-10 09:16:00
2112,6741,141,2025-04-09,180.0,delivered,,,2025-04-09 17:57:00
2113,6742,791,2025-03-22,1428.0,delivered,,,2025-03-22 20:19:00
2114,6745,183,2025-05-28,282.0,delivered,,,2025-05-28 06:58:00
2115,6746,286,2025-05-04,737.0,delivered,,,2025-05-04 21:26:00
2116,6754,441,2025-05-04,1097.0,delivered,,,2025-05-04 08:46:00
2117,6756,726,2025-06-09,1473.0,delivered,,,2025-06-09 10:55:00
2118,6757,756,2025-02-13,0,cancelled,items_unavailable,system,
2119,6763,512,2025-06-07,207.0,delivered,,,2025-06-07 09:23:00
2120,6766,1194,2025-01-31,311.0,delivered,,,2025-01-31 15:20:00
2121,6767,364,2025-04-09,633.0,delivered,,,2025-04-09 08:44:00
2122,6769,892,2025-03-04,420.0,delivered,,,2025-03-04 13:14:00
2123,6770,290,2025-04-15,746.0,delivered,,,2025-04-15 19:02:00
2124,6771,122,2025-02-11,538.0,delivered,,,2025-02-11 18:12:00
2125,6774,986,2025-04-30,512.0,delivered,,,2025-04-30 11:38:00
2126,6779,934,2025-02-09,311.0,delivered,,,2025-02-09 17:07:00
2127,6781,751,2025-02-27,1065.0,delivered,,,2025-02-27 08:18:00
2128,6782,183,2025-05-02,709.0,delivered,,,2025-05-02 21:32:00
2129,6783,1145,2025-05-10,471.0,delivered,,,2025-05-10 21:01:00
2130,6784,145,2025-06-16,561.0,delivered,,,2025-06-16 10:50:00
2131,6788,855,2025-01-13,1009.0,delivered,,,2025-01-13 22:12:00
2132,6791,1099,2025-02-01,667.0,delivered,,,2025-02-01 09:15:00
2133,6792,113,2025-04-09,751.0,delivered,,,2025-04-09 17:05:00
2134,6793,669,2025-01-20,543.0,delivered,,,2025-01-20 07:48:00
2135,6797,391,2025-02-03,499.0,delivered,,,2025-02-03 15:57:00
2136,6798,1073,2025-02-16,256.0,delivered,,,2025-02-16 08:18:00
2137,6799,437,2025-04-12,862.0,delivered,,,2025-04-12 09:22:00
2138,6819,183,2025-02-27,460.0,delivered,,,2025-02-27 23:39:00
2139,6821,136,2025-04-16,418.0,cancelled,payment_failed,system,
2140,6822,586,2025-03-05,608.0,delivered,,,2025-03-05 14:26:00
2141,6823,916,2025-04-09,203.0,delivered,,,2025-04-09 08:29:00
2142,6824,941,2025-05-02,878.0,delivered,,,2025-05-02 11:40:00
2143,6826,608,2025-05-05,1441.0,cancelled,substitute_rejected,customer,
2144,6829,310,2025-06-25,255.0,delivered,,,2025-06-25 23:22:00
2145,6832,579,2025-06-08,37.0,delivered,,,2025-06-08 13:06:00
2146,6840,826,2025-01-25,155.0,delivered,,,2025-01-25 09:27:00
2147,6843,753,2025-06-04,897.0,delivered,,,2025-06-04 16:33:00
2148,6845,65,2025-01-13,1083.0,delivered,,,2025-01-13 21:30:00
2149,6848,671,2025-02-24,0,cancelled,items_unavailable,system,
2150,6849,363,2025-02-14,472.0,delivered,,,2025-02-14 08:03:00
2151,6855,463,2025-03-06,408.0,cancelled,changed_mind,customer,
2152,6856,865,2025-03-04,476.0,delivered,,,2025-03-05 01:06:00
2153,6857,126,2025-03-27,973.0,delivered,,,2025-03-27 09:01:00
2154,6859,335,2025-04-15,804.0,cancelled,late_delivery,customer,
2155,6861,805,2025-02-19,115.0,delivered,,,2025-02-19 10:58:00
2156,6865,882,2025-04-14,480.0,delivered,,,2025-04-14 11:08:00
2157,6866,246,2025-02-07,313.0,delivered,,,2025-02-07 21:08:00
2158,6869,539,2025-01-18,686.0,delivered,,,2025-01-18 08:53:00
2159,6873,997,2025-02-28,88.0,delivered,,,2025-02-28 15:13:00
2160,6875,434,2025-01-29,1430.0,delivered,,,2025-01-29 13:55:00
2161,6879,867,2025-03-13,36.0,delivered,,,2025-03-13 19:43:00
2162,6881,229,2025-02-22,0,cancelled,substitute_rejected,customer,
2163,6882,396,2025-01-05,1832.0,delivered,,,2025-01-05 10:12:00
2164,6892,136,2025-05-02,261.0,cancelled,changed_mind,customer,
2165,6894,378,2025-06-01,542.0,delivered,,,2025-06-01 10:40:00
2166,6897,1193,2025-06-02,0,cancelled,substitute_rejected,customer,
2167,6904,1116,2025-05-09,2480.0,delivered,,,2025-05-10 00:02:00
2168,6909,894,2025-03-08,1308.0,delivered,,,2025-03-08 16:29:00
2169,6919,229,2025-04-04,1383.0,delivered,,,2025-04-04 13:17:00
2170,6920,1171,2025-04-05,1030.0,delivered,,,2025-04-05 08:40:00
2171,6926,399,2025-01-13,115.0,delivered,,,2025-01-13 11:47:00
2172,6933,1000,2025-01-27,0,cancelled,substitute_rejected,customer,
2173,6934,1151,2025-04-25,161.0,delivered,,,2025-04-25 20:18:00
2174,6935,393,2025-06-06,36.0,delivered,,,2025-06-06 10:53:00
2175,6938,842,2025-03-29,606.0,delivered,,,2025-03-29 22:20:00
2176,6944,421,2025-01-13,3046.0,delivered,,,2025-01-13 08:19:00
2177,6947,35,2025-03-14,676.0,delivered,,,2025-03-14 08:34:00
2178,6948,764,2025-04-11,972.0,delivered,,,2025-04-11 15:06:00
2179,6950,858,2025-01-17,552.0,delivered,,,2025-01-17 15:42:00
2180,6952,89,2025-03-04,1075.0,delivered,,,2025-03-04 07:23:00
2181,6953,115,2025-05-08,286.0,delivered,,,2025-05-08 14:49:00
2182,6954,1014,2025-05-16,423.0,cancelled,address_issue,seller,
2183,6955,293,2025-02-26,476.0,delivered,,,2025-02-26 15:01:00
2184,6957,551,2025-04-27,1884.0,delivered,,,2025-04-27 09:28:00
2185,6962,1090,2025-04-30,1035.0,delivered,,,2025-04-30 08:24:00
2186,6964,222,2025-02-07,2020.0,delivered,,,2025-02-07 23:03:00
2187,6966,172,2025-01-26,310.0,delivered,,,2025-01-26 11:30:00
2188,6970,962,2025-01-23,303.0,delivered,,,2025-01-23 18:45:00
2189,6972,16,2025-01-10,736.0,delivered,,,2025-01-11 00:42:00
2190,6982,189,2025-05-29,2221.0,delivered,,,2025-05-29 13:30:00
2191,6983,586,2025-01-03,460.0,delivered,,,2025-01-03 09:34:00
2192,6989,116,2025-06-26,1530.0,delivered,,,2025-06-26 16:18:00
2193,6991,974,2025-02-01,1239.0,delivered,,,2025-02-01 09:41:00
2194,6994,1158,2025-06-29,275.0,delivered,,,2025-06-29 22:04:00
2195,7003,140,2025-01-04,664.0,delivered,,,2025-01-04 14:38:00
2196,7004,974,2025-04-14,259.0,cancelled,changed_mind,customer,
2197,7005,487,2025-02-19,667.0,delivered,,,2025-02-19 10:41:00
2198,7009,458,2025-03-19,981.0,delivered,,,2025-03-19 08:22:00
2199,7011,726,2025-05-28,2478.0,delivered,,,2025-05-28 10:11:00
2200,7012,1011,2025-04-24,723.0,delivered,,,2025-04-24 12:14:00
2201,7013,903,2025-03-21,376.0,delivered,,,2025-03-21 07:26:00
2202,7016,397,2025-02-23,200.0,delivered,,,2025-02-23 20:07:00
2203,7018,885,2025-02-20,187.0,delivered,,,2025-02-20 21:36:00
2204,7019,817,2025-06-05,837.0,delivered,,,2025-06-05 23:37:00
2205,7020,160,2025-06-17,0,cancelled,items_unavailable,system,
2206,7023,847,2025-03-30,1303.0,delivered,,,2025-03-30 07:13:00
2207,7025,59,2025-05-14,216.0,delivered,,,2025-05-14 19:18:00
2208,7027,1185,2025-04-02,721.0,delivered,,,2025-04-02 16:17:00
2209,7028,950,2025-06-05,460.0,delivered,,,2025-06-06 00:03:00
2210,7040,752,2025-05-12,641.0,delivered,,,2025-05-13 00:08:00
2211,7044,760,2025-04-01,192.0,delivered,,,2025-04-01 10:58:00
2212,7051,603,2025-03-27,236.0,cancelled,late_delivery,customer,
2213,7058,945,2025-02-28,130.0,delivered,,,2025-02-28 14:12:00
2214,7072,34,2025-01-28,44.0,delivered,,,2025-01-28 22:59:00
2215,7073,230,2025-02-22,115.0,delivered,,,2025-02-23 01:08:00
2216,7075,24,2025-02-25,388.0,delivered,,,2025-02-25 11:01:00
2217,7077,482,2025-06-24,591.0,delivered,,,2025-06-24 13:10:00
2218,7079,1078,2025-03-01,563.0,delivered,,,2025-03-01 20:00:00
2219,7080,320,2025-06-29,31.0,delivered,,,2025-06-29 15:55:00
2220,7083,997,2025-01-05,847.0,delivered,,,2025-01-05 23:52:00
2221,7086,1180,2025-04-13,394.0,delivered,,,2025-04-13 09:01:00
2222,7088,1197,2025-06-27,672.0,delivered,,,2025-06-28 00:43:00
2223,7092,959,2025-01-18,654.0,delivered,,,2025-01-18 23:58:00
2224,7094,1001,2025-06-06,777.0,cancelled,changed_mind,customer,
2225,7096,916,2025-01-27,431.0,delivered,,,2025-01-27 19:43:00
2226,7102,526,2025-01-21,762.0,delivered,,,2025-01-21 09:57:00
2227,7104,977,2025-05-11,376.0,delivered,,,2025-05-11 07:32:00
2228,7106,1193,2025-04-03,1154.0,delivered,,,2025-04-03 11:20:00
2229,7107,845,2025-03-24,0,cancelled,items_unavailable,system,
2230,7108,411,2025-05-17,518.0,delivered,,,2025-05-17 10:50:00
2231,7109,81,2025-04-15,386.0,delivered,,,2025-04-15 14:39:00
2232,7110,774,2025-04-08,1252.0,delivered,,,2025-04-08 07:50:00
2233,7111,164,2025-01-01,186.0,delivered,,,2025-01-01 21:59:00
2234,7117,610,2025-03-04,809.0,delivered,,,2025-03-04 09:57:00
2235,7120,712,2025-03-20,1631.0,delivered,,,2025-03-21 00:30:00
2236,7125,442,2025-01-20,310.0,delivered,,,2025-01-20 21:44:00
2237,7128,507,2025-05-17,532.0,delivered,,,2025-05-17 23:48:00
2238,7130,583,2025-03-04,224.0,delivered,,,2025-03-04 10:57:00
2239,7131,32,2025-06-15,183.0,delivered,,,2025-06-15 11:11:00
2240,7133,1153,2025-06-08,429.0,delivered,,,2025-06-08 14:05:00
2241,7134,1095,2025-01-23,1328.0,delivered,,,2025-01-23 19:59:00
2242,7135,353,2025-03-13,398.0,delivered,,,2025-03-13 16:18:00
2243,7137,988,2025-04-03,1106.0,delivered,,,2025-04-03 15:43:00
2244,7138,262,2025-03-12,61.0,delivered,,,2025-03-12 17:22:00
2245,7140,1018,2025-06-04,37.0,cancelled,items_unavailable,seller,
2246,7143,227,2025-04-15,159.0,cancelled,address_issue,seller,
2247,7147,857,2025-05-20,445.0,delivered,,,2025-05-20 20:14:00
2248,7160,506,2025-02-16,2312.0,delivered,,,2025-02-16 21:51:00
2249,7162,588,2025-05-13,74.0,delivered,,,2025-05-13 16:00:00
2250,7166,893,2025-02-02,375.0,delivered,,,2025-02-02 11:33:00
2251,7167,164,2025-03-05,517.0,delivered,,,2025-03-05 18:22:00
2252,7173,747,2025-04-14,786.0,delivered,,,2025-04-14 23:34:00
2253,7177,1160,2025-03-19,185.0,delivered,,,2025-03-20 00:07:00
2254,7183,467,2025-03-19,802.0,delivered,,,2025-03-19 12:00:00
2255,7184,1139,2025-01-22,130.0,delivered,,,2025-01-22 21:58:00
2256,7185,704,2025-01-15,118.0,delivered,,,2025-01-15 22:03:00
2257,7186,888,2025-01-19,76.0,cancelled,late_delivery,customer,
2258,7191,166,2025-01-09,143.0,delivered,,,2025-01-09 08:55:00
2259,7192,174,2025-04-12,356.0,delivered,,,2025-04-12 10:35:00
2260,7193,1060,2025-02-03,298.0,delivered,,,2025-02-03 14:57:00
2261,7195,1054,2025-04-05,999.0,delivered,,,2025-04-05 21:04:00
2262,7197,1014,2025-04-20,730.0,cancelled,changed_mind,customer,
2263,7198,1193,2025-06-12,221.0,delivered,,,2025-06-13 00:41:00
2264,7203,497,2025-04-24,510.0,delivered,,,2025-04-24 22:12:00
2265,7204,66,2025-06-01,313.0,delivered,,,2025-06-01 08:20:00
2266,7213,267,2025-03-25,154.0,delivered,,,2025-03-25 07:22:00
2267,7215,673,2025-06-20,1707.0,delivered,,,2025-06-20 17:20:00
2268,7217,395,2025-02-06,1807.0,cancelled,changed_mind,customer,
2269,7218,277,2025-05-23,211.0,cancelled,payment_failed,system,
2270,7222,268,2025-05-11,62.0,delivered,,,2025-05-11 18:23:00
2271,7229,226,2025-03-16,1063.0,delivered,,,2025-03-16 13:38:00
2272,7245,683,2025-02-17,703.0,delivered,,,2025-02-17 22:17:00
2273,7249,987,2025-05-26,203.0,delivered,,,2025-05-26 19:54:00
2274,7250,1074,2025-03-25,1288.0,delivered,,,2025-03-25 13:23:00
2275,7251,127,2025-06-15,800.0,delivered,,,2025-06-15 16:17:00
2276,7253,729,2025-05-12,400.0,delivered,,,2025-05-12 09:10:00
2277,7255,439,2025-05-01,296.0,delivered,,,2025-05-02 00:29:00
2278,7257,14,2025-01-03,851.0,delivered,,,2025-01-03 10:45:00
2279,7260,599,2025-06-18,1731.0,delivered,,,2025-06-18 08:38:00
2280,7262,622,2025-01-17,559.0,delivered,,,2025-01-17 12:29:00
2281,7263,379,2025-03-09,490.0,delivered,,,2025-03-09 21:13:00
2282,7267,218,2025-05-15,45.0,delivered,,,2025-05-15 09:27:00
2283,7268,153,2025-03-05,682.0,delivered,,,2025-03-06 00:27:00
2284,7273,146,2025-06-28,424.0,cancelled,late_delivery,customer,
2285,7275,153,2025-02-03,1904.0,delivered,,,2025-02-03 12:03:00
2286,7276,515,2025-05-11,283.0,delivered,,,2025-05-11 14:34:00
2287,7277,613,2025-05-11,996.0,delivered,,,2025-05-12 00:07:00
2288,7279,10,2025-06-18,472.0,cancelled,changed_mind,customer,
2289,7280,851,2025-04-17,662.0,delivered,,,2025-04-17 12:41:00
2290,7284,930,2025-03-14,392.0,cancelled,changed_mind,customer,
2291,7285,388,2025-02-13,1555.0,delivered,,,2025-02-13 10:44:00
2292,7289,144,2025-06-08,561.0,delivered,,,2025-06-08 19:55:00
2293,7292,1051,2025-01-01,1079.0,delivered,,,2025-01-01 20:08:00
2294,7295,1120,2025-05-21,786.0,delivered,,,2025-05-21 10:49:00
2295,7296,462,2025-03-31,83.0,delivered,,,2025-03-31 10:00:00
2296,7297,1138,2025-03-09,576.0,delivered,,,2025-03-10 00:41:00
2297,7304,42,2025-02-21,0,cancelled,items_unavailable,system,
2298,7306,987,2025-03-27,430.0,delivered,,,2025-03-27 14:30:00
2299,7307,726,2025-01-29,717.0,cancelled,address_issue,seller,
2300,7309,1009,2025-01-16,470.0,delivered,,,2025-01-16 20:30:00
2301,7310,567,2025-05-04,275.0,delivered,,,2025-05-04 13:55:00
2302,7313,899,2025-04-24,636.0,delivered,,,2025-04-24 22:21:00
2303,7314,69,2025-05-16,1437.0,delivered,,,2025-05-16 11:28:00
2304,7316,1184,2025-01-24,310.0,cancelled,late_delivery,customer,
2305,7321,197,2025-04-24,182.0,delivered,,,2025-04-24 16:59:00
2306,7327,500,2025-06-11,1088.0,delivered,,,2025-06-11 08:39:00
2307,7329,81,2025-03-24,1870.0,delivered,,,2025-03-25 00:12:00
2308,7330,794,2025-01-20,636.0,delivered,,,2025-01-20 07:26:00
2309,7335,548,2025-03-23,906.0,delivered,,,2025-03-23 18:05:00
2310,7337,510,2025-06-07,286.0,delivered,,,2025-06-07 08:14:00
2311,7341,778,2025-02-16,240.0,delivered,,,2025-02-16 07:52:00
2312,7342,869,2025-02-15,634.0,delivered,,,2025-02-15 19:39:00
2313,7348,804,2025-05-18,418.0,delivered,,,2025-05-18 17:05:00
2314,7349,284,2025-02-18,459.0,delivered,,,2025-02-18 11:23:00
2315,7350,153,2025-04-25,245.0,cancelled,late_delivery,customer,
2316,7352,432,2025-05-20,439.0,delivered,,,2025-05-21 00:53:00
2317,7357,740,2025-02-06,414.0,delivered,,,2025-02-06 19:17:00
2318,7360,1200,2025-04-07,275.0,delivered,,,2025-04-07 20:18:00
2319,7363,308,2025-02-15,300.0,delivered,,,2025-02-15 17:27:00
2320,7367,586,2025-04-27,156.0,delivered,,,2025-04-27 17:17:00
2321,7368,850,2025-05-05,223.0,cancelled,substitute_rejected,customer,
2322,7379,101,2025-03-20,1144.0,delivered,,,2025-03-20 10:40:00
2323,7381,353,2025-06-01,230.0,delivered,,,2025-06-01 13:58:00
2324,7383,389,2025-01-07,512.0,delivered,,,2025-01-07 09:30:00
2325,7384,547,2025-06-04,49.0,delivered,,,2025-06-04 15:34:00
2326,7386,1028,2025-01-19,510.0,cancelled,changed_mind,customer,
2327,7387,892,2025-03-12,124.0,delivered,,,2025-03-12 09:10:00
2328,7388,918,2025-04-28,376.0,delivered,,,2025-04-28 13:06:00
2329,7389,200,2025-03-10,102.0,delivered,,,2025-03-11 00:42:00
2330,7392,515,2025-05-30,342.0,delivered,,,2025-05-30 18:43:00
2331,7393,141,2025-01-07,933.0,cancelled,payment_failed,system,
2332,7394,381,2025-06-13,1992.0,delivered,,,2025-06-13 21:42:00
2333,7395,160,2025-04-11,458.0,delivered,,,2025-04-11 15:21:00
2334,7397,646,2025-01-02,179.0,delivered,,,2025-01-02 22:43:00
2335,7398,824,2025-04-07,303.0,delivered,,,2025-04-07 19:08:00
2336,7402,854,2025-01-21,1581.0,delivered,,,2025-01-21 17:10:00
2337,7403,267,2025-04-14,115.0,cancelled,changed_mind,customer,
2338,7404,885,2025-01-23,1334.0,delivered,,,2025-01-23 13:35:00
2339,7406,103,2025-06-16,656.0,cancelled,substitute_rejected,customer,
2340,7412,947,2025-05-12,881.0,delivered,,,2025-05-12 06:47:00
2341,7415,913,2025-03-24,654.0,delivered,,,2025-03-24 12:01:00
2342,7416,713,2025-02-04,1097.0,cancelled,late_delivery,customer,
2343,7421,1179,2025-04-24,571.0,delivered,,,2025-04-24 19:01:00
2344,7423,503,2025-03-15,887.0,delivered,,,2025-03-15 10:06:00
2345,7424,234,2025-01-14,737.0,delivered,,,2025-01-14 07:27:00
2346,7426,685,2025-06-16,394.0,delivered,,,2025-06-16 18:38:00
2347,7427,830,2025-02-10,1798.0,delivered,,,2025-02-10 07:05:00
2348,7429,467,2025-06-22,288.0,delivered,,,2025-06-22 21:18:00
2349,7433,661,2025-04-23,2601.0,delivered,,,2025-04-23 12:40:00
2350,7434,1148,2025-01-15,303.0,delivered,,,2025-01-15 13:10:00
2351,7435,437,2025-01-18,313.0,delivered,,,2025-01-18 13:07:00
2352,7438,1047,2025-02-12,1794.0,delivered,,,2025-02-12 08:04:00
2353,7439,672,2025-01-09,1571.0,delivered,,,2025-01-09 12:50:00
2354,7441,989,2025-04-13,547.0,delivered,,,2025-04-13 19:12:00
2355,7449,103,2025-03-24,93.0,delivered,,,2025-03-24 10:06:00
2356,7451,989,2025-02-23,438.0,delivered,,,2025-02-23 20:44:00
2357,7452,324,2025-01-19,613.0,cancelled,items_unavailable,seller,
2358,7455,504,2025-02-25,58.0,delivered,,,2025-02-25 15:41:00
2359,7465,407,2025-01-25,72.0,cancelled,items_unavailable,seller,
2360,7473,240,2025-02-10,265.0,delivered,,,2025-02-10 07:35:00
2361,7478,239,2025-03-24,790.0,cancelled,substitute_rejected,customer,
2362,7480,1180,2025-03-23,1349.0,delivered,,,2025-03-23 12:46:00
2363,7484,338,2025-02-23,1079.0,delivered,,,2025-02-23 13:29:00
2364,7488,525,2025-03-25,1298.0,delivered,,,2025-03-25 18:22:00
2365,7491,889,2025-05-24,122.0,delivered,,,2025-05-24 23:11:00
2366,7496,131,2025-05-08,260.0,delivered,,,2025-05-08 19:53:00
2367,7503,526,2025-04-10,2466.0,delivered,,,2025-04-10 11:30:00
2368,7505,889,2025-01-26,654.0,delivered,,,2025-01-26 15:44:00
2369,7509,506,2025-02-10,1143.0,delivered,,,2025-02-10 21:43:00
2370,7511,24,2025-05-09,240.0,delivered,,,2025-05-09 17:28:00
2371,7515,1197,2025-04-06,1574.0,delivered,,,2025-04-06 16:59:00
2372,7518,958,2025-06-15,879.0,delivered,,,2025-06-15 13:08:00
2373,7522,133,2025-03-20,664.0,delivered,,,2025-03-20 18:22:00
2374,7523,40,2025-04-28,560.0,delivered,,,2025-04-28 22:15:00
2375,7524,259,2025-04-25,296.0,delivered,,,2025-04-25 14:55:00
2376,7525,531,2025-05-04,1576.0,delivered,,,2025-05-04 15:30:00
2377,7528,578,2025-05-27,341.0,delivered,,,2025-05-27 10:00:00
2378,7534,1112,2025-01-15,93.0,delivered,,,2025-01-15 17:44:00
2379,7538,266,2025-02-06,443.0,delivered,,,2025-02-06 12:37:00
2380,7539,994,2025-02-27,567.0,delivered,,,2025-02-28 00:04:00
2381,7541,424,2025-02-18,1239.0,delivered,,,2025-02-18 11:54:00
2382,7546,407,2025-03-05,706.0,delivered,,,2025-03-05 11:34:00
2383,7547,357,2025-05-04,327.0,delivered,,,2025-05-05 00:33:00
2384,7548,985,2025-06-01,114.0,delivered,,,2025-06-01 12:24:00
2385,7549,861,2025-04-01,2528.0,delivered,,,2025-04-01 11:16:00
2386,7561,1141,2025-05-23,218.0,cancelled,address_issue,seller,
2387,7565,283,2025-01-15,691.0,delivered,,,2025-01-15 22:39:00
2388,7567,517,2025-05-21,230.0,delivered,,,2025-05-21 15:35:00
2389,7570,160,2025-05-01,1058.0,delivered,,,2025-05-01 17:58:00
2390,7581,108,2025-04-09,864.0,delivered,,,2025-04-09 11:15:00
2391,7583,1050,2025-04-28,1809.0,delivered,,,2025-04-28 19:18:00
2392,7586,1064,2025-01-01,649.0,delivered,,,2025-01-01 12:49:00
2393,7594,761,2025-01-05,4346.0,delivered,,,2025-01-05 23:22:00
2394,7600,240,2025-01-27,486.0,delivered,,,2025-01-27 09:16:00
2395,7604,110,2025-03-29,143.0,delivered,,,2025-03-29 10:27:00
2396,7606,934,2025-02-25,1198.0,delivered,,,2025-02-25 22:37:00
2397,7610,150,2025-01-07,1018.0,delivered,,,2025-01-07 09:22:00
2398,7611,480,2025-01-16,161.0,delivered,,,2025-01-16 14:06:00
2399,7614,843,2025-01-10,376.0,cancelled,address_issue,seller,
2400,7615,582,2025-02-17,240.0,delivered,,,2025-02-17 14:23:00
2401,7618,237,2025-05-27,207.0,delivered,,,2025-05-27 10:50:00
2402,7623,493,2025-05-22,281.0,delivered,,,2025-05-22 09:33:00
2403,7631,429,2025-04-16,1149.0,delivered,,,2025-04-16 12:39:00
2404,7632,337,2025-02-17,108.0,delivered,,,2025-02-17 17:42:00
2405,7633,107,2025-02-08,44.0,delivered,,,2025-02-08 22:39:00
2406,7634,985,2025-04-14,585.0,delivered,,,2025-04-14 11:55:00
2407,7635,553,2025-03-19,664.0,delivered,,,2025-03-19 08:44:00
2408,7636,111,2025-01-06,112.0,delivered,,,2025-01-06 20:23:00
2409,7638,519,2025-04-07,667.0,delivered,,,2025-04-07 21:50:00
2410,7642,343,2025-01-04,303.0,delivered,,,2025-01-04 16:04:00
2411,7644,916,2025-06-25,877.0,delivered,,,2025-06-25 19:46:00
2412,7647,1132,2025-06-26,550.0,cancelled,payment_failed,system,
2413,7651,1079,2025-03-05,242.0,delivered,,,2025-03-05 10:11:00
2414,7653,764,2025-03-08,916.0,delivered,,,2025-03-08 14:56:00
2415,7656,1102,2025-02-19,622.0,delivered,,,2025-02-19 16:35:00
2416,7660,871,2025-01-24,1146.0,delivered,,,2025-01-24 20:17:00
2417,7661,494,2025-04-18,230.0,delivered,,,2025-04-18 22:59:00
2418,7662,199,2025-03-01,532.0,delivered,,,2025-03-01 17:11:00
2419,7663,1034,2025-01-03,409.0,delivered,,,2025-01-03 18:22:00
2420,7665,200,2025-05-06,664.0,delivered,,,2025-05-06 18:25:00
2421,7669,96,2025-01-27,677.0,delivered,,,2025-01-27 20:32:00
2422,7671,1074,2025-03-12,641.0,delivered,,,2025-03-12 23:04:00
2423,7673,979,2025-03-15,610.0,delivered,,,2025-03-15 16:39:00
2424,7675,406,2025-06-19,742.0,delivered,,,2025-06-19 08:35:00
2425,7679,291,2025-03-18,518.0,delivered,,,2025-03-18 23:29:00
2426,7686,736,2025-05-02,1920.0,cancelled,substitute_rejected,customer,
2427,7688,56,2025-01-17,600.0,delivered,,,2025-01-17 12:22:00
2428,7689,995,2025-03-04,1312.0,delivered,,,2025-03-04 21:14:00
2429,7690,916,2025-02-26,1159.0,delivered,,,2025-02-26 17:48:00
2430,7693,49,2025-02-24,240.0,cancelled,items_unavailable,seller,
2431,7694,880,2025-05-27,336.0,delivered,,,2025-05-27 21:12:00
2432,7698,378,2025-05-14,936.0,delivered,,,2025-05-14 19:17:00
2433,7700,543,2025-05-20,918.0,delivered,,,2025-05-20 23:10:00
2434,7701,109,2025-04-10,379.0,delivered,,,2025-04-10 15:21:00
2435,7702,1084,2025-03-14,207.0,delivered,,,2025-03-14 14:43:00
2436,7705,569,2025-02-26,547.0,cancelled,payment_failed,system,
2437,7708,560,2025-04-07,631.0,delivered,,,2025-04-07 21:36:00
2438,7710,346,2025-04-09,840.0,delivered,,,2025-04-09 13:45:00
2439,7715,422,2025-02-20,524.0,cancelled,address_issue,seller,
2440,7718,879,2025-06-06,520.0,delivered,,,2025-06-06 07:07:00
2441,7722,1189,2025-06-03,344.0,delivered,,,2025-06-03 20:06:00
2442,7725,560,2025-04-11,115.0,delivered,,,2025-04-11 14:09:00
2443,7728,1198,2025-03-24,255.0,delivered,,,2025-03-24 15:05:00
2444,7729,702,2025-04-21,1098.0,delivered,,,2025-04-21 19:33:00
2445,7733,814,2025-03-05,954.0,delivered,,,2025-03-06 00:21:00
2446,7734,878,2025-04-24,303.0,delivered,,,2025-04-24 08:57:00
2447,7743,705,2025-06-12,664.0,delivered,,,2025-06-12 11:28:00
2448,7745,188,2025-03-18,2187.0,delivered,,,2025-03-18 08:46:00
2449,7746,237,2025-05-14,770.0,delivered,,,2025-05-14 13:47:00
2450,7747,1161,2025-01-12,1741.0,delivered,,,2025-01-12 18:58:00
2451,7748,691,2025-02-21,1822.0,delivered,,,2025-02-21 08:16:00
2452,7749,490,2025-02-03,327.0,delivered,,,2025-02-03 20:38:00
2453,7750,438,2025-04-29,165.0,cancelled,changed_mind,customer,
2454,7755,176,2025-02-25,420.0,delivered,,,2025-02-25 18:50:00
2455,7760,999,2025-04-05,236.0,delivered,,,2025-04-05 08:57:00
2456,7761,69,2025-05-15,754.0,delivered,,,2025-05-15 23:28:00
2457,7762,1124,2025-06-21,570.0,delivered,,,2025-06-21 08:10:00
2458,7769,514,2025-02-05,885.0,delivered,,,2025-02-05 11:37:00
2459,7771,786,2025-03-30,1069.0,delivered,,,2025-03-30 11:31:00
2460,7772,504,2025-01-21,1043.0,delivered,,,2025-01-21 11:28:00
2461,7773,192,2025-06-29,324.0,delivered,,,2025-06-29 15:09:00
2462,7774,800,2025-01-30,174.0,delivered,,,2025-01-30 07:06:00
2463,7775,456,2025-01-26,799.0,cancelled,address_issue,seller,
2464,7780,276,2025-03-13,691.0,delivered,,,2025-03-13 11:07:00
2465,7782,212,2025-04-27,440.0,delivered,,,2025-04-27 16:57:00
2466,7784,747,2025-06-11,207.0,delivered,,,2025-06-11 07:37:00
2467,7785,806,2025-03-16,558.0,delivered,,,2025-03-16 10:40:00
2468,7789,79,2025-04-02,823.0,delivered,,,2025-04-02 10:12:00
2469,7794,1115,2025-01-25,311.0,delivered,,,2025-01-25 17:05:00
2470,7795,283,2025-01-27,752.0,delivered,,,2025-01-27 16:04:00
2471,7797,521,2025-03-28,2001.0,delivered,,,2025-03-28 17:14:00
2472,7798,574,2025-04-16,1400.0,delivered,,,2025-04-16 20:59:00
2473,7804,449,2025-04-06,259.0,delivered,,,2025-04-07 00:05:00
2474,7807,1108,2025-06-07,777.0,delivered,,,2025-06-07 17:39:00
2475,7809,233,2025-05-01,286.0,delivered,,,2025-05-01 11:38:00
2476,7810,376,2025-04-30,665.0,delivered,,,2025-04-30 10:52:00
2477,7812,97,2025-03-22,210.0,delivered,,,2025-03-22 23:58:00
2478,7814,875,2025-03-15,725.0,delivered,,,2025-03-15 23:32:00
2479,7818,1126,2025-01-28,475.0,delivered,,,2025-01-28 20:19:00
2480,7820,771,2025-04-01,187.0,delivered,,,2025-04-01 14:57:00
2481,7824,856,2025-03-11,2440.0,delivered,,,2025-03-11 15:12:00
2482,7825,1149,2025-01-27,376.0,delivered,,,2025-01-27 18:04:00
2483,7827,949,2025-04-24,1480.0,delivered,,,2025-04-24 18:25:00
2484,7832,548,2025-02-11,97.0,delivered,,,2025-02-11 21:55:00
2485,7833,398,2025-06-28,72.0,delivered,,,2025-06-28 09:35:00
2486,7836,609,2025-02-17,192.0,delivered,,,2025-02-17 22:50:00
2487,7837,576,2025-03-07,1477.0,delivered,,,2025-03-07 12:57:00
2488,7840,1034,2025-02-28,916.0,delivered,,,2025-02-28 07:22:00
2489,7845,184,2025-02-25,1359.0,delivered,,,2025-02-25 15:47:00
2490,7849,1050,2025-03-08,416.0,delivered,,,2025-03-08 11:38:00
2491,7853,1056,2025-03-28,90.0,delivered,,,2025-03-28 19:36:00
2492,7857,700,2025-02-03,45.0,delivered,,,2025-02-03 08:06:00
2493,7863,197,2025-06-26,282.0,delivered,,,2025-06-26 13:24:00
2494,7867,452,2025-03-19,2297.0,delivered,,,2025-03-19 11:23:00
2495,7873,673,2025-04-17,296.0,delivered,,,2025-04-17 23:13:00
2496,7875,141,2025-06-14,549.0,delivered,,,2025-06-14 13:00:00
2497,7876,804,2025-04-19,259.0,delivered,,,2025-04-19 23:14:00
2498,7878,488,2025-04-13,49.0,delivered,,,2025-04-13 11:06:00
2499,7882,1127,2025-01-18,214.0,cancelled,items_unavailable,seller,
2500,7884,662,2025-06-18,657.0,delivered,,,2025-06-18 10:00:00
2501,7893,1111,2025-05-12,115.0,delivered,,,2025-05-12 08:14:00
2502,7897,51,2025-03-08,1204.0,delivered,,,2025-03-08 20:20:00
2503,7899,827,2025-06-20,615.0,delivered,,,2025-06-20 16:38:00
2504,7904,1024,2025-05-02,664.0,delivered,,,2025-05-02 07:45:00
2505,7905,1153,2025-01-24,998.0,cancelled,substitute_rejected,customer,
2506,7907,791,2025-01-28,347.0,delivered,,,2025-01-28 09:28:00
2507,7914,619,2025-06-27,296.0,cancelled,late_delivery,customer,
2508,7915,398,2025-04-30,1684.0,cancelled,address_issue,seller,
2509,7916,398,2025-04-08,1839.0,delivered,,,2025-04-08 16:22:00
2510,7917,678,2025-02-02,810.0,delivered,,,2025-02-02 22:24:00
2511,7922,997,2025-06-12,667.0,delivered,,,2025-06-12 16:55:00
2512,7923,346,2025-06-17,508.0,delivered,,,2025-06-17 17:27:00
2513,7926,305,2025-02-10,600.0,delivered,,,2025-02-10 17:08:00
2514,7927,776,2025-05-19,664.0,delivered,,,2025-05-19 16:15:00
2515,7940,586,2025-01-05,215.0,delivered,,,2025-01-05 21:13:00
2516,7943,631,2025-01-12,1015.0,delivered,,,2025-01-12 08:38:00
2517,7944,987,2025-02-13,221.0,delivered,,,2025-02-13 22:09:00
2518,7945,305,2025-03-20,1375.0,delivered,,,2025-03-20 09:17:00
2519,7946,462,2025-01-15,440.0,delivered,,,2025-01-15 22:22:00
2520,7948,785,2025-03-23,478.0,delivered,,,2025-03-23 19:14:00
2521,7951,1138,2025-01-28,1058.0,delivered,,,2025-01-28 17:02:00
2522,7953,865,2025-05-25,76.0,cancelled,late_delivery,customer,
2523,7954,13,2025-04-15,1110.0,delivered,,,2025-04-15 16:12:00
2524,7955,311,2025-01-14,229.0,delivered,,,2025-01-14 13:01:00
2525,7958,341,2025-04-28,532.0,delivered,,,2025-04-28 19:51:00
2526,7960,446,2025-01-25,379.0,delivered,,,2025-01-26 00:49:00
2527,7970,210,2025-01-03,1774.0,delivered,,,2025-01-03 17:17:00
2528,7974,518,2025-05-20,664.0,delivered,,,2025-05-20 11:47:00
2529,7975,996,2025-01-23,221.0,delivered,,,2025-01-23 16:20:00
2530,7977,579,2025-01-12,50.0,delivered,,,2025-01-12 14:44:00
2531,7982,1170,2025-03-16,3520.0,cancelled,changed_mind,customer,
2532,7983,263,2025-03-22,1043.0,delivered,,,2025-03-22 19:55:00
2533,7984,415,2025-02-19,1058.0,delivered,,,2025-02-19 12:21:00
2534,7985,1012,2025-06-09,336.0,cancelled,items_unavailable,seller,
2535,7986,1056,2025-01-07,310.0,delivered,,,2025-01-07 18:57:00
2536,7987,521,2025-02-13,108.0,delivered,,,2025-02-13 18:10:00
2537,7988,598,2025-02-15,303.0,delivered,,,2025-02-15 11:05:00
2538,7993,1082,2025-01-20,156.0,delivered,,,2025-01-20 19:47:00
2539,7994,911,2025-04-05,728.0,delivered,,,2025-04-05 19:09:00
2540,7995,845,2025-02-15,816.0,delivered,,,2025-02-15 19:18:00
2541,7997,658,2025-02-19,502.0,delivered,,,2025-02-20 00:11:00
2542,8003,211,2025-02-19,312.0,cancelled,changed_mind,customer,
2543,8005,1026,2025-05-11,588.0,delivered,,,2025-05-11 18:07:00
2544,8006,753,2025-04-08,45.0,delivered,,,2025-04-08 18:26:00
2545,8009,239,2025-02-04,224.0,delivered,,,2025-02-04 13:03:00
2546,8011,320,2025-04-01,422.0,delivered,,,2025-04-01 19:48:00
2547,8016,408,2025-02-26,527.0,delivered,,,2025-02-26 09:23:00
2548,8018,1094,2025-03-18,115.0,delivered,,,2025-03-18 22:15:00
2549,8024,1158,2025-02-23,853.0,delivered,,,2025-02-23 08:44:00
2550,8028,847,2025-05-02,0,cancelled,items_unavailable,system,
2551,8029,1146,2025-05-04,1935.0,delivered,,,2025-05-04 23:15:00
2552,8030,575,2025-02-09,311.0,delivered,,,2025-02-09 11:23:00
2553,8031,900,2025-04-27,235.0,delivered,,,2025-04-27 19:17:00
2554,8033,699,2025-01-10,813.0,delivered,,,2025-01-10 12:19:00
2555,8037,219,2025-02-04,413.0,delivered,,,2025-02-04 18:30:00
2556,8046,889,2025-06-09,547.0,delivered,,,2025-06-09 08:30:00
2557,8049,1067,2025-04-02,600.0,delivered,,,2025-04-02 08:43:00
2558,8052,980,2025-02-25,2661.0,delivered,,,2025-02-25 14:29:00
2559,8059,114,2025-03-16,827.0,delivered,,,2025-03-16 09:34:00
2560,8060,509,2025-03-15,0,cancelled,items_unavailable,system,
2561,8065,607,2025-04-04,224.0,delivered,,,2025-04-04 17:30:00
2562,8066,737,2025-02-20,1646.0,delivered,,,2025-02-20 10:23:00
2563,8067,179,2025-03-26,982.0,delivered,,,2025-03-26 20:37:00
2564,8068,852,2025-01-23,303.0,delivered,,,2025-01-23 15:40:00
2565,8072,69,2025-02-01,395.0,delivered,,,2025-02-01 17:03:00
2566,8076,440,2025-05-13,460.0,delivered,,,2025-05-13 20:20:00
2567,8081,832,2025-04-30,484.0,delivered,,,2025-04-30 23:17:00
2568,8090,1161,2025-02-09,1563.0,delivered,,,2025-02-09 16:59:00
2569,8095,1120,2025-02-04,1314.0,delivered,,,2025-02-04 10:09:00
2570,8097,786,2025-05-06,236.0,delivered,,,2025-05-06 10:39:00
2571,8099,663,2025-01-20,803.0,delivered,,,2025-01-20 23:19:00
2572,8100,714,2025-05-17,87.0,cancelled,substitute_rejected,customer,
2573,8102,1087,2025-01-16,111.0,delivered,,,2025-01-16 08:27:00
2574,8109,193,2025-03-31,36.0,delivered,,,2025-03-31 14:21:00
2575,8111,19,2025-03-25,342.0,delivered,,,2025-03-25 19:25:00
2576,8116,864,2025-02-19,2256.0,delivered,,,2025-02-19 17:06:00
2577,8117,982,2025-05-01,201.0,delivered,,,2025-05-01 17:43:00
2578,8126,976,2025-04-24,1535.0,delivered,,,2025-04-24 07:05:00
2579,8128,967,2025-05-10,155.0,delivered,,,2025-05-10 22:06:00
2580,8135,255,2025-01-08,116.0,delivered,,,2025-01-08 13:13:00
2581,8137,963,2025-05-29,708.0,delivered,,,2025-05-29 11:10:00
2582,8144,1168,2025-01-31,37.0,delivered,,,2025-01-31 13:44:00
2583,8150,579,2025-05-25,0,cancelled,substitute_rejected,customer,
2584,8151,786,2025-04-01,396.0,delivered,,,2025-04-01 14:15:00
2585,8156,457,2025-03-22,477.0,delivered,,,2025-03-22 11:55:00
2586,8157,189,2025-04-24,236.0,delivered,,,2025-04-24 09:21:00
2587,8159,518,2025-03-08,102.0,delivered,,,2025-03-08 19:21:00
2588,8162,1099,2025-02-10,1657.0,delivered,,,2025-02-10 07:12:00
2589,8170,551,2025-04-27,1376.0,cancelled,changed_mind,customer,
2590,8177,260,2025-03-16,94.0,delivered,,,2025-03-16 18:00:00
2591,8180,1040,2025-01-02,829.0,delivered,,,2025-01-02 13:55:00
2592,8181,335,2025-02-01,561.0,delivered,,,2025-02-01 15:02:00
2593,8183,580,2025-03-06,747.0,delivered,,,2025-03-06 08:16:00
2594,8187,1153,2025-04-09,1189.0,delivered,,,2025-04-09 13:54:00
2595,8190,1184,2025-01-16,272.0,cancelled,substitute_rejected,customer,
2596,8191,717,2025-06-27,310.0,delivered,,,2025-06-27 23:36:00
2597,8196,1059,2025-04-29,270.0,delivered,,,2025-04-29 21:24:00
2598,8197,440,2025-01-15,620.0,delivered,,,2025-01-15 08:47:00
2599,8200,547,2025-01-08,1617.0,delivered,,,2025-01-08 17:52:00
2600,8205,851,2025-06-01,238.0,delivered,,,2025-06-01 14:01:00
2601,8213,592,2025-05-30,144.0,delivered,,,2025-05-31 00:46:00
2602,8214,300,2025-06-13,1577.0,cancelled,items_unavailable,seller,
2603,8217,965,2025-04-08,2491.0,delivered,,,2025-04-09 01:01:00
2604,8218,211,2025-03-28,0,cancelled,items_unavailable,system,
2605,8219,477,2025-02-22,1224.0,delivered,,,2025-02-22 17:31:00
2606,8222,266,2025-03-24,87.0,delivered,,,2025-03-24 23:47:00
2607,8244,278,2025-03-15,575.0,delivered,,,2025-03-15 16:13:00
2608,8247,590,2025-02-04,1043.0,delivered,,,2025-02-04 16:19:00
2609,8248,709,2025-05-09,472.0,delivered,,,2025-05-09 16:02:00
2610,8250,139,2025-06-22,1179.0,delivered,,,2025-06-22 19:30:00
2611,8255,195,2025-03-05,130.0,delivered,,,2025-03-05 20:56:00
2612,8257,859,2025-02-27,259.0,delivered,,,2025-02-27 12:16:00
2613,8258,862,2025-01-23,1388.0,delivered,,,2025-01-23 22:25:00
2614,8262,741,2025-06-03,609.0,delivered,,,2025-06-03 13:04:00
2615,8264,955,2025-01-23,1407.0,delivered,,,2025-01-23 19:26:00
2616,8267,726,2025-05-21,1000.0,delivered,,,2025-05-21 14:23:00
2617,8268,646,2025-05-08,548.0,delivered,,,2025-05-08 23:38:00
2618,8270,1019,2025-03-31,955.0,delivered,,,2025-03-31 14:30:00
2619,8271,519,2025-01-30,664.0,delivered,,,2025-01-30 07:18:00
2620,8272,237,2025-01-13,143.0,delivered,,,2025-01-13 09:48:00
2621,8273,998,2025-04-17,59.0,delivered,,,2025-04-17 16:21:00
2622,8274,647,2025-05-03,879.0,delivered,,,2025-05-03 14:19:00
2623,8276,174,2025-03-03,1047.0,delivered,,,2025-03-03 17:36:00
2624,8277,355,2025-03-17,832.0,delivered,,,2025-03-17 15:24:00
2625,8278,887,2025-01-26,91.0,delivered,,,2025-01-26 14:24:00
2626,8285,681,2025-01-25,770.0,delivered,,,2025-01-25 09:42:00
2627,8288,551,2025-05-15,308.0,delivered,,,2025-05-15 23:54:00
2628,8289,1059,2025-06-18,387.0,delivered,,,2025-06-18 22:06:00
2629,8290,350,2025-01-08,203.0,delivered,,,2025-01-08 10:12:00
2630,8297,183,2025-03-24,591.0,delivered,,,2025-03-24 18:21:00
2631,8298,463,2025-03-21,238.0,delivered,,,2025-03-22 01:11:00
2632,8299,457,2025-01-10,791.0,delivered,,,2025-01-10 17:03:00
2633,8301,780,2025-03-19,182.0,delivered,,,2025-03-19 20:23:00
2634,8303,988,2025-04-03,750.0,delivered,,,2025-04-03 19:32:00
2635,8304,204,2025-06-26,207.0,delivered,,,2025-06-26 20:43:00
2636,8305,633,2025-04-27,483.0,delivered,,,2025-04-27 08:00:00
2637,8308,747,2025-06-25,275.0,delivered,,,2025-06-25 13:13:00
2638,8311,923,2025-03-08,296.0,delivered,,,2025-03-08 09:15:00
2639,8316,1166,2025-06-25,706.0,delivered,,,2025-06-25 23:01:00
2640,8320,550,2025-04-04,235.0,delivered,,,2025-04-04 17:59:00
2641,8322,276,2025-02-05,480.0,delivered,,,2025-02-05 16:59:00
2642,8323,417,2025-01-13,207.0,cancelled,substitute_rejected,customer,
2643,8324,571,2025-05-01,370.0,cancelled,late_delivery,customer,
2644,8325,849,2025-04-03,826.0,cancelled,changed_mind,customer,
2645,8336,683,2025-02-13,115.0,delivered,,,2025-02-13 10:31:00
2646,8342,1017,2025-01-30,1531.0,delivered,,,2025-01-30 16:05:00
2647,8345,482,2025-05-27,667.0,delivered,,,2025-05-27 10:55:00
2648,8346,825,2025-03-22,468.0,cancelled,late_delivery,customer,
2649,8348,334,2025-04-29,1968.0,delivered,,,2025-04-29 15:19:00
2650,8349,289,2025-05-19,605.0,delivered,,,2025-05-19 11:52:00
2651,8350,1013,2025-01-14,770.0,delivered,,,2025-01-14 23:19:00
2652,8351,165,2025-06-05,465.0,delivered,,,2025-06-05 19:15:00
2653,8352,550,2025-06-05,826.0,delivered,,,2025-06-05 16:43:00
2654,8353,20,2025-02-13,230.0,delivered,,,2025-02-14 01:05:00
2655,8354,641,2025-01-14,465.0,delivered,,,2025-01-14 17:41:00
2656,8355,1050,2025-01-24,37.0,delivered,,,2025-01-24 17:55:00
2657,8358,43,2025-04-14,647.0,delivered,,,2025-04-14 11:17:00
2658,8361,116,2025-06-07,796.0,delivered,,,2025-06-07 21:50:00
2659,8363,806,2025-05-19,236.0,delivered,,,2025-05-19 18:50:00
2660,8364,75,2025-06-14,216.0,delivered,,,2025-06-14 13:31:00
2661,8367,142,2025-06-05,31.0,delivered,,,2025-06-05 15:07:00
2662,8371,669,2025-01-18,45.0,delivered,,,2025-01-18 09:48:00
2663,8372,135,2025-04-13,236.0,delivered,,,2025-04-13 15:06:00
2664,8374,644,2025-04-15,1194.0,delivered,,,2025-04-15 15:07:00
2665,8375,742,2025-06-20,669.0,delivered,,,2025-06-20 19:21:00
2666,8376,424,2025-04-01,580.0,delivered,,,2025-04-01 07:42:00
2667,8377,105,2025-02-10,31.0,cancelled,address_issue,seller,
2668,8378,726,2025-05-15,766.0,cancelled,payment_failed,system,
2669,8379,1167,2025-06-20,236.0,delivered,,,2025-06-20 21:33:00
2670,8380,260,2025-04-21,633.0,delivered,,,2025-04-21 09:26:00
2671,8381,10,2025-06-18,606.0,delivered,,,2025-06-18 16:03:00
2672,8383,543,2025-06-11,206.0,delivered,,,2025-06-11 15:10:00
2673,8385,643,2025-02-25,127.0,delivered,,,2025-02-26 00:32:00
2674,8388,449,2025-04-18,664.0,delivered,,,2025-04-18 11:35:00
2675,8396,708,2025-03-27,423.0,delivered,,,2025-03-27 13:32:00
2676,8398,541,2025-05-02,664.0,delivered,,,2025-05-02 17:31:00
2677,8405,48,2025-06-25,493.0,delivered,,,2025-06-25 14:09:00
2678,8406,1041,2025-03-05,720.0,delivered,,,2025-03-05 20:39:00
2679,8410,66,2025-02-28,468.0,delivered,,,2025-02-28 19:44:00
2680,8412,752,2025-01-22,606.0,delivered,,,2025-01-22 19:34:00
2681,8415,586,2025-06-24,666.0,delivered,,,2025-06-24 23:35:00
2682,8418,371,2025-03-07,0,cancelled,items_unavailable,system,
2683,8422,975,2025-02-16,303.0,delivered,,,2025-02-16 15:13:00
2684,8424,941,2025-04-13,2415.0,delivered,,,2025-04-13 07:21:00
2685,8425,740,2025-03-23,83.0,delivered,,,2025-03-23 09:57:00
2686,8429,343,2025-05-18,448.0,delivered,,,2025-05-18 09:45:00
2687,8437,286,2025-02-12,909.0,delivered,,,2025-02-12 11:39:00
2688,8439,726,2025-04-19,155.0,delivered,,,2025-04-19 14:01:00
2689,8443,591,2025-05-21,776.0,delivered,,,2025-05-21 22:04:00
2690,8444,754,2025-02-24,527.0,delivered,,,2025-02-24 09:19:00
2691,8447,1171,2025-05-17,273.0,delivered,,,2025-05-17 10:36:00
2692,8448,961,2025-03-17,1112.0,delivered,,,2025-03-17 10:29:00
2693,8452,141,2025-01-12,586.0,delivered,,,2025-01-12 18:03:00
2694,8453,128,2025-05-19,238.0,delivered,,,2025-05-19 12:39:00
2695,8457,261,2025-06-20,298.0,delivered,,,2025-06-20 21:34:00
2696,8459,470,2025-05-13,777.0,delivered,,,2025-05-13 10:29:00
2697,8462,586,2025-02-06,2274.0,delivered,,,2025-02-06 11:39:00
2698,8463,297,2025-06-01,518.0,delivered,,,2025-06-01 23:00:00
2699,8465,299,2025-02-14,118.0,delivered,,,2025-02-14 10:01:00
2700,8466,995,2025-06-12,309.0,delivered,,,2025-06-12 14:00:00
2701,8469,633,2025-04-22,561.0,delivered,,,2025-04-22 14:32:00
2702,8470,1121,2025-05-29,583.0,delivered,,,2025-05-29 22:18:00
2703,8472,790,2025-06-01,1682.0,delivered,,,2025-06-01 20:50:00
2704,8476,372,2025-06-25,2238.0,delivered,,,2025-06-25 22:53:00
2705,8477,1016,2025-02-08,0,cancelled,substitute_rejected,customer,
2706,8482,266,2025-04-23,710.0,delivered,,,2025-04-23 13:45:00
2707,8484,646,2025-01-18,270.0,cancelled,late_delivery,customer,
2708,8485,219,2025-03-27,663.0,delivered,,,2025-03-27 21:16:00
2709,8488,21,2025-04-13,1654.0,delivered,,,2025-04-13 20:36:00
2710,8493,1013,2025-05-06,259.0,delivered,,,2025-05-06 07:54:00
2711,8498,491,2025-05-22,230.0,delivered,,,2025-05-22 18:22:00
2712,8501,166,2025-02-25,1198.0,delivered,,,2025-02-25 11:34:00
2713,8502,207,2025-03-27,639.0,delivered,,,2025-03-27 23:41:00
2714,8510,145,2025-04-15,622.0,delivered,,,2025-04-15 14:19:00
2715,8513,1131,2025-02-04,186.0,delivered,,,2025-02-04 07:49:00
2716,8515,714,2025-05-12,76.0,delivered,,,2025-05-12 08:13:00
2717,8517,610,2025-01-08,664.0,delivered,,,2025-01-08 17:14:00
2718,8519,682,2025-01-14,147.0,delivered,,,2025-01-14 16:15:00
2719,8523,209,2025-06-16,288.0,delivered,,,2025-06-16 23:34:00
2720,8524,743,2025-01-09,0,cancelled,substitute_rejected,customer,
2721,8528,722,2025-05-10,2143.0,delivered,,,2025-05-11 00:50:00
2722,8529,1084,2025-04-06,114.0,delivered,,,2025-04-06 20:46:00
2723,8530,605,2025-02-20,192.0,delivered,,,2025-02-20 08:18:00
2724,8531,900,2025-04-18,643.0,cancelled,payment_failed,system,
2725,8532,830,2025-06-21,919.0,delivered,,,2025-06-21 22:10:00
2726,8535,1147,2025-05-06,240.0,delivered,,,2025-05-06 23:57:00
2727,8557,72,2025-03-24,338.0,delivered,,,2025-03-24 20:53:00
2728,8558,853,2025-04-22,1012.0,delivered,,,2025-04-22 14:35:00
2729,8563,796,2025-03-16,1270.0,delivered,,,2025-03-16 08:07:00
2730,8569,694,2025-06-16,420.0,delivered,,,2025-06-16 11:25:00
2731,8571,1193,2025-05-10,2174.0,delivered,,,2025-05-10 16:39:00
2732,8574,848,2025-05-13,74.0,delivered,,,2025-05-13 20:43:00
2733,8575,546,2025-06-25,345.0,delivered,,,2025-06-25 13:33:00
2734,8576,1054,2025-05-08,161.0,delivered,,,2025-05-08 11:16:00
2735,8584,501,2025-01-22,1235.0,delivered,,,2025-01-22 23:55:00
2736,8587,477,2025-04-21,115.0,cancelled,payment_failed,system,
2737,8593,1123,2025-03-14,0,cancelled,items_unavailable,system,
2738,8594,1184,2025-04-30,0,cancelled,items_unavailable,system,
2739,8596,41,2025-01-07,3122.0,delivered,,,2025-01-07 23:03:00
2740,8603,751,2025-01-22,490.0,cancelled,changed_mind,customer,
2741,8614,69,2025-01-01,852.0,delivered,,,2025-01-01 20:52:00
2742,8618,840,2025-04-04,203.0,delivered,,,2025-04-04 08:03:00
2743,8622,902,2025-06-18,174.0,cancelled,items_unavailable,seller,
2744,8628,811,2025-01-11,1683.0,delivered,,,2025-01-11 12:50:00
2745,8630,609,2025-06-20,935.0,delivered,,,2025-06-20 19:55:00
2746,8633,716,2025-05-13,130.0,cancelled,address_issue,seller,
2747,8635,714,2025-04-27,378.0,delivered,,,2025-04-27 12:42:00
2748,8637,1050,2025-01-05,595.0,delivered,,,2025-01-06 00:22:00
2749,8639,353,2025-06-15,1061.0,delivered,,,2025-06-15 12:35:00
2750,8641,771,2025-04-11,310.0,delivered,,,2025-04-11 09:30:00
2751,8644,86,2025-05-27,784.0,delivered,,,2025-05-27 11:55:00
2752,8648,1195,2025-03-27,852.0,delivered,,,2025-03-27 09:41:00
2753,8650,459,2025-05-10,851.0,delivered,,,2025-05-11 00:05:00
2754,8655,236,2025-06-26,930.0,delivered,,,2025-06-26 14:05:00
2755,8658,832,2025-04-06,552.0,delivered,,,2025-04-06 10:28:00
2756,8659,746,2025-05-01,549.0,delivered,,,2025-05-01 14:05:00
2757,8660,171,2025-06-27,393.0,delivered,,,2025-06-27 10:34:00
2758,8661,278,2025-06-11,592.0,delivered,,,2025-06-11 08:03:00
2759,8672,870,2025-02-15,1197.0,delivered,,,2025-02-15 18:14:00
2760,8673,111,2025-01-07,115.0,delivered,,,2025-01-07 13:28:00
2761,8674,889,2025-01-20,480.0,delivered,,,2025-01-20 13:13:00
2762,8678,891,2025-03-22,358.0,delivered,,,2025-03-22 18:43:00
2763,8686,126,2025-05-08,303.0,delivered,,,2025-05-08 13:49:00
2764,8687,1098,2025-05-16,61.0,delivered,,,2025-05-16 18:44:00
2765,8691,1153,2025-05-28,0,cancelled,items_unavailable,system,
2766,8695,9,2025-02-25,513.0,delivered,,,2025-02-25 14:42:00
2767,8697,332,2025-03-16,1422.0,delivered,,,2025-03-16 21:47:00
2768,8700,285,2025-01-08,80.0,delivered,,,2025-01-08 12:47:00
2769,8704,579,2025-04-28,1473.0,delivered,,,2025-04-28 11:30:00
2770,8713,989,2025-02-23,393.0,delivered,,,2025-02-23 16:30:00
2771,8717,346,2025-04-04,0,cancelled,items_unavailable,system,
2772,8718,569,2025-02-26,1104.0,delivered,,,2025-02-26 18:42:00
2773,8720,51,2025-01-30,654.0,delivered,,,2025-01-30 21:40:00
2774,8726,914,2025-04-01,1635.0,delivered,,,2025-04-01 12:49:00
2775,8735,782,2025-01-23,210.0,delivered,,,2025-01-23 08:47:00
2776,8739,118,2025-02-03,102.0,delivered,,,2025-02-03 13:14:00
2777,8743,901,2025-04-08,161.0,delivered,,,2025-04-08 21:37:00
2778,8747,558,2025-04-02,161.0,delivered,,,2025-04-02 22:16:00
2779,8750,975,2025-01-19,1042.0,delivered,,,2025-01-19 15:36:00
2780,8753,816,2025-05-18,441.0,delivered,,,2025-05-18 09:49:00
2781,8754,678,2025-02-15,259.0,delivered,,,2025-02-15 19:03:00
2782,8757,301,2025-02-06,1318.0,delivered,,,2025-02-06 22:37:00
2783,8762,353,2025-05-03,230.0,delivered,,,2025-05-03 14:03:00
2784,8777,142,2025-01-25,1039.0,delivered,,,2025-01-25 18:18:00
2785,8778,458,2025-05-16,310.0,delivered,,,2025-05-16 07:02:00
2786,8783,984,2025-03-20,259.0,delivered,,,2025-03-20 07:30:00
2787,8788,629,2025-03-28,379.0,cancelled,address_issue,seller,
2788,8792,1101,2025-05-19,216.0,delivered,,,2025-05-20 00:39:00
2789,8793,861,2025-06-21,325.0,delivered,,,2025-06-21 10:59:00
2790,8797,94,2025-04-28,518.0,delivered,,,2025-04-28 20:37:00
2791,8800,440,2025-03-17,453.0,delivered,,,2025-03-17 15:27:00
2792,8804,983,2025-04-06,540.0,delivered,,,2025-04-06 23:53:00
2793,8806,544,2025-01-20,796.0,delivered,,,2025-01-20 08:02:00
2794,8809,740,2025-04-18,2821.0,delivered,,,2025-04-18 12:34:00
2795,8815,567,2025-03-14,1337.0,delivered,,,2025-03-14 16:15:00
2796,8816,59,2025-05-09,1278.0,delivered,,,2025-05-09 16:49:00
2797,8827,157,2025-02-07,782.0,delivered,,,2025-02-07 10:03:00
2798,8828,506,2025-03-12,259.0,delivered,,,2025-03-12 21:09:00
2799,8835,1041,2025-06-08,662.0,cancelled,changed_mind,customer,
2800,8838,364,2025-01-20,182.0,delivered,,,2025-01-20 11:31:00
2801,8841,872,2025-03-21,211.0,delivered,,,2025-03-21 22:19:00
2802,8842,263,2025-01-14,259.0,delivered,,,2025-01-14 07:28:00
2803,8846,808,2025-04-27,633.0,delivered,,,2025-04-27 08:55:00
2804,8850,382,2025-05-09,303.0,delivered,,,2025-05-10 00:19:00
2805,8853,786,2025-04-26,2051.0,delivered,,,2025-04-26 09:04:00
2806,8859,911,2025-02-05,501.0,delivered,,,2025-02-05 13:39:00
2807,8861,1138,2025-06-24,200.0,cancelled,substitute_rejected,customer,
2808,8866,456,2025-05-21,402.0,delivered,,,2025-05-21 23:51:00
2809,8871,276,2025-05-26,240.0,delivered,,,2025-05-26 21:01:00
2810,8875,297,2025-06-07,373.0,delivered,,,2025-06-07 22:40:00
2811,8876,1142,2025-06-26,428.0,delivered,,,2025-06-26 13:39:00
2812,8882,1159,2025-06-22,2798.0,delivered,,,2025-06-22 19:15:00
2813,8884,252,2025-01-06,1608.0,delivered,,,2025-01-06 17:25:00
2814,8890,242,2025-03-21,811.0,delivered,,,2025-03-21 13:37:00
2815,8892,596,2025-01-18,143.0,delivered,,,2025-01-18 21:15:00
2816,8895,621,2025-06-15,926.0,delivered,,,2025-06-15 09:51:00
2817,8896,1002,2025-04-22,358.0,delivered,,,2025-04-22 14:09:00
2818,8897,234,2025-03-29,227.0,delivered,,,2025-03-29 16:59:00
2819,8899,17,2025-04-21,208.0,delivered,,,2025-04-21 20:01:00
2820,8902,1153,2025-01-24,3503.0,cancelled,changed_mind,customer,
2821,8903,674,2025-01-27,1717.0,delivered,,,2025-01-27 18:25:00
2822,8904,109,2025-06-14,1144.0,delivered,,,2025-06-14 12:31:00
2823,8913,395,2025-05-13,0,cancelled,items_unavailable,system,
2824,8914,770,2025-03-01,507.0,delivered,,,2025-03-01 14:50:00
2825,8921,654,2025-01-21,286.0,delivered,,,2025-01-21 14:50:00
2826,8928,1078,2025-01-15,1089.0,delivered,,,2025-01-15 08:11:00
2827,8930,48,2025-05-14,1498.0,delivered,,,2025-05-14 16:54:00
2828,8933,777,2025-03-11,758.0,delivered,,,2025-03-12 01:03:00
2829,8934,673,2025-05-21,309.0,delivered,,,2025-05-21 20:02:00
2830,8935,50,2025-05-07,115.0,delivered,,,2025-05-07 15:42:00
2831,8936,909,2025-05-04,186.0,delivered,,,2025-05-04 14:37:00
2832,8940,723,2025-01-19,460.0,delivered,,,2025-01-20 00:39:00
2833,8941,1082,2025-06-08,460.0,delivered,,,2025-06-08 10:45:00
2834,8945,726,2025-06-07,1017.0,delivered,,,2025-06-07 15:30:00
2835,8950,258,2025-02-05,1916.0,cancelled,address_issue,seller,
2836,8956,55,2025-06-10,224.0,delivered,,,2025-06-10 11:26:00
2837,8961,655,2025-02-10,1328.0,delivered,,,2025-02-10 12:23:00
2838,8967,507,2025-05-31,313.0,delivered,,,2025-06-01 00:04:00
2839,8968,179,2025-05-28,31.0,delivered,,,2025-05-29 00:59:00
2840,8973,720,2025-05-02,130.0,delivered,,,2025-05-02 16:05:00
2841,8990,325,2025-06-17,1828.0,delivered,,,2025-06-17 23:24:00
2842,8992,3,2025-02-24,532.0,delivered,,,2025-02-25 00:48:00
2843,8993,607,2025-06-10,143.0,delivered,,,2025-06-10 15:57:00
2844,8996,734,2025-06-28,136.0,delivered,,,2025-06-29 00:38:00
2845,8997,5,2025-03-28,236.0,delivered,,,2025-03-28 19:23:00
2846,8998,606,2025-04-09,949.0,delivered,,,2025-04-09 08:02:00
2847,9003,102,2025-01-01,30.0,delivered,,,2025-01-01 10:25:00
2848,9005,25,2025-03-13,834.0,delivered,,,2025-03-14 00:33:00
2849,9008,486,2025-03-24,592.0,delivered,,,2025-03-24 15:02:00
2850,9009,567,2025-01-20,327.0,delivered,,,2025-01-20 13:54:00
2851,9010,557,2025-02-28,1539.0,delivered,,,2025-02-28 10:30:00
2852,9011,467,2025-05-04,480.0,cancelled,changed_mind,customer,
2853,9012,508,2025-01-10,60.0,cancelled,substitute_rejected,customer,
2854,9018,400,2025-01-27,336.0,delivered,,,2025-01-27 07:51:00
2855,9019,885,2025-04-14,200.0,delivered,,,2025-04-14 10:53:00
2856,9023,385,2025-06-22,499.0,delivered,,,2025-06-22 18:54:00
2857,9025,836,2025-04-16,679.0,delivered,,,2025-04-16 17:47:00
2858,9030,881,2025-03-01,529.0,delivered,,,2025-03-01 08:49:00
2859,9032,1123,2025-04-22,240.0,delivered,,,2025-04-23 00:34:00
2860,9036,880,2025-02-27,806.0,delivered,,,2025-02-27 10:51:00
2861,9037,902,2025-04-04,664.0,delivered,,,2025-04-04 19:20:00
2862,9053,88,2025-04-28,548.0,delivered,,,2025-04-28 20:33:00
2863,9055,778,2025-03-13,709.0,delivered,,,2025-03-13 18:15:00
2864,9056,1050,2025-02-15,935.0,delivered,,,2025-02-15 13:08:00
2865,9061,666,2025-02-23,274.0,delivered,,,2025-02-23 12:59:00
2866,9064,418,2025-05-02,173.0,delivered,,,2025-05-02 17:05:00
2867,9068,565,2025-01-28,972.0,delivered,,,2025-01-28 12:15:00
2868,9070,218,2025-01-27,1113.0,delivered,,,2025-01-27 11:10:00
2869,9071,549,2025-06-17,311.0,delivered,,,2025-06-17 18:48:00
2870,9072,950,2025-02-20,238.0,delivered,,,2025-02-20 14:15:00
2871,9080,456,2025-04-01,2288.0,delivered,,,2025-04-01 21:10:00
2872,9086,808,2025-03-17,224.0,delivered,,,2025-03-17 10:52:00
2873,9087,1018,2025-06-06,525.0,delivered,,,2025-06-06 23:29:00
2874,9089,888,2025-01-13,529.0,delivered,,,2025-01-13 16:10:00
2875,9090,331,2025-03-01,654.0,delivered,,,2025-03-01 11:36:00
2876,9093,578,2025-01-28,663.0,delivered,,,2025-01-28 11:35:00
2877,9095,830,2025-02-22,1037.0,delivered,,,2025-02-22 07:53:00
2878,9097,1094,2025-03-20,336.0,delivered,,,2025-03-20 09:46:00
2879,9099,1048,2025-01-31,0,cancelled,items_unavailable,system,
2880,9103,515,2025-06-29,1582.0,delivered,,,2025-06-29 20:40:00
2881,9105,819,2025-01-12,393.0,delivered,,,2025-01-12 19:27:00
2882,9113,687,2025-05-17,374.0,delivered,,,2025-05-17 19:29:00
2883,9119,546,2025-01-21,425.0,delivered,,,2025-01-21 14:36:00
2884,9124,301,2025-05-12,697.0,delivered,,,2025-05-12 07:27:00
2885,9138,1061,2025-04-28,568.0,delivered,,,2025-04-28 07:39:00
2886,9140,382,2025-05-27,1511.0,delivered,,,2025-05-27 10:07:00
2887,9141,179,2025-04-24,1191.0,delivered,,,2025-04-24 20:09:00
2888,9144,628,2025-01-31,665.0,delivered,,,2025-01-31 09:11:00
2889,9145,488,2025-02-08,495.0,delivered,,,2025-02-08 20:27:00
2890,9146,395,2025-06-27,911.0,delivered,,,2025-06-27 23:37:00
2891,9148,71,2025-03-23,208.0,cancelled,changed_mind,customer,
2892,9151,655,2025-01-22,747.0,delivered,,,2025-01-22 15:59:00
2893,9154,1145,2025-04-19,1107.0,delivered,,,2025-04-19 21:52:00
2894,9155,383,2025-01-01,845.0,delivered,,,2025-01-01 12:49:00
2895,9164,1178,2025-03-23,1399.0,delivered,,,2025-03-23 23:54:00
2896,9169,704,2025-04-16,240.0,delivered,,,2025-04-16 23:01:00
2897,9172,451,2025-03-26,518.0,delivered,,,2025-03-26 21:19:00
2898,9173,751,2025-04-02,1545.0,delivered,,,2025-04-02 09:43:00
2899,9175,58,2025-01-22,165.0,delivered,,,2025-01-22 19:35:00
2900,9178,523,2025-06-24,336.0,delivered,,,2025-06-24 11:05:00
2901,9188,599,2025-06-26,116.0,delivered,,,2025-06-26 16:21:00
2902,9191,59,2025-06-14,388.0,delivered,,,2025-06-14 15:50:00
2903,9192,264,2025-05-25,240.0,delivered,,,2025-05-25 23:10:00
2904,9193,255,2025-03-28,209.0,delivered,,,2025-03-28 10:19:00
2905,9195,882,2025-06-02,924.0,cancelled,address_issue,seller,
2906,9196,447,2025-01-10,210.0,delivered,,,2025-01-10 22:28:00
2907,9197,1168,2025-06-26,455.0,delivered,,,2025-06-26 14:28:00
2908,9198,420,2025-03-30,88.0,delivered,,,2025-03-30 09:02:00
2909,9201,32,2025-04-16,240.0,delivered,,,2025-04-17 00:17:00
2910,9203,960,2025-05-06,624.0,delivered,,,2025-05-06 15:20:00
2911,9204,885,2025-04-30,393.0,delivered,,,2025-04-30 20:46:00
2912,9212,451,2025-02-16,59.0,delivered,,,2025-02-16 22:15:00
2913,9214,181,2025-06-16,311.0,delivered,,,2025-06-16 12:58:00
2914,9216,505,2025-03-11,579.0,delivered,,,2025-03-11 18:28:00
2915,9222,344,2025-01-29,115.0,delivered,,,2025-01-29 07:18:00
2916,9224,243,2025-01-24,286.0,delivered,,,2025-01-24 20:07:00
2917,9226,21,2025-02-04,381.0,cancelled,items_unavailable,seller,
2918,9234,1198,2025-01-20,615.0,delivered,,,2025-01-20 13:17:00
2919,9238,596,2025-05-12,610.0,delivered,,,2025-05-12 11:53:00
2920,9251,409,2025-06-28,735.0,delivered,,,2025-06-28 20:08:00
2921,9252,654,2025-04-26,720.0,delivered,,,2025-04-26 09:51:00
2922,9255,399,2025-05-24,695.0,delivered,,,2025-05-25 01:02:00
2923,9258,1088,2025-02-10,431.0,delivered,,,2025-02-10 16:09:00
2924,9260,469,2025-04-08,259.0,delivered,,,2025-04-08 14:56:00
2925,9262,1011,2025-03-07,36.0,delivered,,,2025-03-07 12:04:00
2926,9263,124,2025-03-31,1807.0,delivered,,,2025-03-31 14:55:00
2927,9266,588,2025-05-24,649.0,delivered,,,2025-05-24 11:52:00
2928,9267,885,2025-02-06,561.0,delivered,,,2025-02-06 20:04:00
2929,9268,1008,2025-03-23,475.0,delivered,,,2025-03-23 19:53:00
2930,9271,1009,2025-05-27,853.0,delivered,,,2025-05-27 09:39:00
2931,9285,333,2025-01-10,93.0,delivered,,,2025-01-10 13:13:00
2932,9294,1031,2025-05-16,586.0,cancelled,late_delivery,customer,
2933,9295,207,2025-02-08,186.0,cancelled,late_delivery,customer,
2934,9296,13,2025-04-01,606.0,delivered,,,2025-04-01 07:46:00
2935,9297,631,2025-06-21,147.0,delivered,,,2025-06-21 16:50:00
2936,9302,376,2025-01-27,737.0,cancelled,payment_failed,system,
2937,9306,1098,2025-03-15,317.0,cancelled,items_unavailable,seller,
2938,9312,868,2025-01-14,1402.0,delivered,,,2025-01-14 15:05:00
2939,9319,25,2025-01-27,576.0,delivered,,,2025-01-27 15:07:00
2940,9328,408,2025-03-22,664.0,delivered,,,2025-03-22 17:50:00
2941,9329,81,2025-05-12,737.0,delivered,,,2025-05-12 12:58:00
2942,9332,1087,2025-05-28,303.0,delivered,,,2025-05-28 09:22:00
2943,9334,7,2025-06-08,1154.0,delivered,,,2025-06-09 00:22:00
2944,9339,1063,2025-06-05,76.0,delivered,,,2025-06-05 12:28:00
2945,9343,284,2025-04-26,956.0,delivered,,,2025-04-27 00:18:00
2946,9344,924,2025-03-31,289.0,delivered,,,2025-03-31 10:10:00
2947,9347,371,2025-02-10,558.0,delivered,,,2025-02-10 19:25:00
2948,9348,1016,2025-04-12,390.0,delivered,,,2025-04-13 00:31:00
2949,9351,921,2025-05-20,224.0,delivered,,,2025-05-20 09:13:00
2950,9353,908,2025-06-10,54.0,delivered,,,2025-06-10 16:23:00
2951,9356,1004,2025-03-20,49.0,delivered,,,2025-03-20 15:56:00
2952,9357,778,2025-01-29,664.0,delivered,,,2025-01-29 10:25:00
2953,9358,322,2025-01-24,37.0,delivered,,,2025-01-24 20:38:00
2954,9362,220,2025-06-27,311.0,delivered,,,2025-06-27 12:52:00
2955,9364,141,2025-04-04,158.0,delivered,,,2025-04-04 20:38:00
2956,9365,934,2025-05-16,780.0,delivered,,,2025-05-16 12:35:00
2957,9370,1081,2025-04-21,684.0,delivered,,,2025-04-21 13:13:00
2958,9372,337,2025-03-11,303.0,delivered,,,2025-03-11 14:14:00
2959,9374,840,2025-01-16,125.0,delivered,,,2025-01-16 09:24:00
2960,9377,989,2025-04-23,114.0,delivered,,,2025-04-23 09:41:00
2961,9378,161,2025-06-18,2333.0,delivered,,,2025-06-18 13:35:00
2962,9383,454,2025-01-24,390.0,delivered,,,2025-01-24 22:13:00
2963,9386,501,2025-02-03,483.0,delivered,,,2025-02-03 06:43:00
2964,9390,969,2025-03-31,776.0,delivered,,,2025-03-31 16:40:00
2965,9391,314,2025-04-07,456.0,delivered,,,2025-04-07 10:02:00
2966,9393,719,2025-04-19,791.0,delivered,,,2025-04-19 17:50:00
2967,9395,285,2025-03-08,175.0,delivered,,,2025-03-09 00:25:00
2968,9403,198,2025-03-21,127.0,delivered,,,2025-03-21 19:36:00
2969,9407,836,2025-05-23,37.0,delivered,,,2025-05-23 19:54:00
2970,9409,27,2025-05-23,3237.0,delivered,,,2025-05-24 00:42:00
2971,9411,535,2025-04-19,344.0,delivered,,,2025-04-19 19:02:00
2972,9413,781,2025-04-17,203.0,delivered,,,2025-04-17 13:51:00
2973,9415,946,2025-05-18,601.0,delivered,,,2025-05-18 14:46:00
2974,9420,904,2025-05-07,250.0,delivered,,,2025-05-07 11:27:00
2975,9422,229,2025-04-21,1347.0,delivered,,,2025-04-21 22:13:00
2976,9424,766,2025-01-13,610.0,delivered,,,2025-01-13 23:36:00
2977,9429,1191,2025-01-04,927.0,delivered,,,2025-01-04 11:10:00
2978,9438,284,2025-02-22,275.0,delivered,,,2025-02-22 19:40:00
2979,9439,1005,2025-04-22,158.0,delivered,,,2025-04-22 18:30:00
2980,9441,736,2025-06-24,934.0,delivered,,,2025-06-24 07:36:00
2981,9449,930,2025-02-21,618.0,delivered,,,2025-02-21 12:07:00
2982,9458,41,2025-06-28,152.0,delivered,,,2025-06-28 11:42:00
2983,9465,689,2025-03-04,607.0,cancelled,address_issue,seller,
2984,9466,1086,2025-01-23,98.0,delivered,,,2025-01-23 19:44:00
2985,9471,513,2025-02-15,746.0,delivered,,,2025-02-15 11:18:00
2986,9472,80,2025-03-17,865.0,delivered,,,2025-03-17 09:49:00
2987,9475,1177,2025-01-31,130.0,cancelled,changed_mind,customer,
2988,9479,1151,2025-05-20,768.0,delivered,,,2025-05-20 11:15:00
2989,9483,117,2025-01-29,265.0,delivered,,,2025-01-29 07:36:00
2990,9484,770,2025-05-30,93.0,delivered,,,2025-05-30 11:41:00
2991,9487,646,2025-02-14,155.0,delivered,,,2025-02-14 07:11:00
2992,9490,174,2025-01-16,376.0,delivered,,,2025-01-16 11:47:00
2993,9491,603,2025-04-25,393.0,delivered,,,2025-04-25 20:42:00
2994,9492,420,2025-02-14,496.0,delivered,,,2025-02-15 00:52:00
2995,9493,894,2025-05-11,428.0,delivered,,,2025-05-11 16:11:00
2996,9494,359,2025-03-21,480.0,delivered,,,2025-03-21 10:25:00
2997,9496,55,2025-06-23,1477.0,delivered,,,2025-06-24 01:13:00
2998,9498,292,2025-02-13,115.0,delivered,,,2025-02-13 12:24:00
2999,9501,558,2025-04-04,372.0,delivered,,,2025-04-04 07:19:00
3000,9502,477,2025-05-25,1144.0,delivered,,,2025-05-25 18:04:00
3001,9503,940,2025-02-05,221.0,delivered,,,2025-02-05 09:30:00
3002,9504,861,2025-01-22,61.0,delivered,,,2025-01-22 13:10:00
3003,9508,1059,2025-04-09,236.0,delivered,,,2025-04-09 17:47:00
3004,9512,578,2025-06-12,2113.0,delivered,,,2025-06-13 01:19:00
3005,9517,294,2025-05-07,534.0,cancelled,address_issue,seller,
3006,9519,366,2025-04-02,1218.0,delivered,,,2025-04-02 14:08:00
3007,9524,1063,2025-03-17,37.0,cancelled,payment_failed,system,
3008,9525,1060,2025-03-07,1106.0,delivered,,,2025-03-07 22:09:00
3009,9529,860,2025-05-12,1992.0,delivered,,,2025-05-13 00:32:00
3010,9533,614,2025-02-01,1011.0,delivered,,,2025-02-01 13:40:00
3011,9534,847,2025-06-13,1266.0,cancelled,late_delivery,customer,
3012,9541,749,2025-03-23,475.0,delivered,,,2025-03-23 09:53:00
3013,9544,107,2025-06-07,0,cancelled,items_unavailable,system,
3014,9546,312,2025-02-20,722.0,delivered,,,2025-02-20 18:22:00
3015,9549,759,2025-06-08,74.0,delivered,,,2025-06-08 18:50:00
3016,9550,503,2025-02-03,275.0,delivered,,,2025-02-04 00:03:00
3017,9553,1013,2025-02-26,338.0,delivered,,,2025-02-26 16:32:00
3018,9556,118,2025-03-10,273.0,delivered,,,2025-03-10 15:42:00
3019,9560,326,2025-03-14,0,cancelled,substitute_rejected,customer,
3020,9561,832,2025-04-18,625.0,cancelled,late_delivery,customer,
3021,9563,621,2025-06-18,49.0,delivered,,,2025-06-18 11:14:00
3022,9566,967,2025-06-11,261.0,cancelled,changed_mind,customer,
3023,9572,172,2025-03-13,961.0,delivered,,,2025-03-13 08:40:00
3024,9575,526,2025-03-13,410.0,cancelled,substitute_rejected,customer,
3025,9576,553,2025-04-10,230.0,delivered,,,2025-04-10 20:38:00
3026,9578,1008,2025-02-23,647.0,delivered,,,2025-02-23 12:34:00
3027,9581,666,2025-01-14,207.0,delivered,,,2025-01-14 11:39:00
3028,9587,793,2025-06-26,460.0,delivered,,,2025-06-26 19:44:00
3029,9590,956,2025-01-06,219.0,delivered,,,2025-01-06 10:49:00
3030,9592,391,2025-05-15,460.0,delivered,,,2025-05-16 00:26:00
3031,9594,698,2025-06-05,62.0,delivered,,,2025-06-05 11:17:00
3032,9595,1157,2025-05-20,116.0,cancelled,late_delivery,customer,
3033,9596,486,2025-02-28,88.0,delivered,,,2025-02-28 16:15:00
3034,9598,541,2025-04-08,1350.0,delivered,,,2025-04-08 13:48:00
3035,9599,1098,2025-04-23,779.0,delivered,,,2025-04-23 11:12:00
3036,9604,346,2025-05-10,147.0,cancelled,changed_mind,customer,
3037,9607,875,2025-05-29,313.0,delivered,,,2025-05-29 13:30:00
3038,9608,926,2025-04-03,412.0,delivered,,,2025-04-03 23:48:00
3039,9610,84,2025-06-19,1346.0,delivered,,,2025-06-19 18:13:00
3040,9612,81,2025-04-11,0,cancelled,items_unavailable,system,
3041,9614,718,2025-03-22,664.0,delivered,,,2025-03-22 17:19:00
3042,9622,593,2025-02-07,411.0,delivered,,,2025-02-07 15:57:00
3043,9623,141,2025-04-30,460.0,delivered,,,2025-04-30 22:35:00
3044,9624,1147,2025-03-16,1545.0,delivered,,,2025-03-16 16:35:00
3045,9630,863,2025-06-24,1774.0,delivered,,,2025-06-24 22:07:00
3046,9631,682,2025-05-13,570.0,delivered,,,2025-05-13 22:21:00
3047,9633,1087,2025-05-02,1040.0,delivered,,,2025-05-02 18:52:00
3048,9634,669,2025-01-26,0,cancelled,substitute_rejected,customer,
3049,9639,205,2025-02-11,311.0,delivered,,,2025-02-11 22:53:00
3050,9642,880,2025-01-09,826.0,delivered,,,2025-01-09 11:11:00
3051,9649,678,2025-06-06,155.0,delivered,,,2025-06-06 07:02:00
3052,9653,292,2025-04-06,331.0,delivered,,,2025-04-06 22:46:00
3053,9654,825,2025-04-26,458.0,delivered,,,2025-04-26 15:57:00
3054,9655,730,2025-02-17,1327.0,delivered,,,2025-02-18 00:03:00
3055,9657,1174,2025-05-08,2001.0,delivered,,,2025-05-08 12:28:00
3056,9660,631,2025-04-22,518.0,delivered,,,2025-04-23 00:24:00
3057,9665,796,2025-05-04,296.0,delivered,,,2025-05-05 00:34:00
3058,9666,1154,2025-05-11,2157.0,delivered,,,2025-05-11 07:32:00
3059,9669,197,2025-03-11,616.0,delivered,,,2025-03-11 16:09:00
3060,9670,919,2025-05-23,297.0,delivered,,,2025-05-23 19:59:00
3061,9682,552,2025-05-31,834.0,delivered,,,2025-05-31 12:56:00
3062,9687,267,2025-01-06,310.0,delivered,,,2025-01-06 13:35:00
3063,9690,62,2025-06-20,1011.0,delivered,,,2025-06-20 12:36:00
3064,9698,1134,2025-04-28,0,cancelled,substitute_rejected,customer,
3065,9699,141,2025-06-02,187.0,delivered,,,2025-06-03 01:31:00
3066,9702,236,2025-02-17,686.0,delivered,,,2025-02-17 23:42:00
3067,9704,10,2025-02-02,818.0,delivered,,,2025-02-02 20:13:00
3068,9707,626,2025-06-28,2916.0,delivered,,,2025-06-28 22:59:00
3069,9710,1047,2025-01-29,236.0,delivered,,,2025-01-29 13:32:00
3070,9712,378,2025-04-14,49.0,delivered,,,2025-04-14 20:26:00
3071,9714,381,2025-06-11,1610.0,delivered,,,2025-06-11 22:57:00
3072,9716,697,2025-04-23,393.0,delivered,,,2025-04-23 23:13:00
3073,9718,589,2025-02-24,1190.0,delivered,,,2025-02-24 14:08:00
3074,9720,1157,2025-02-08,345.0,delivered,,,2025-02-08 19:26:00
3075,9722,839,2025-03-10,242.0,delivered,,,2025-03-10 20:39:00
3076,9724,600,2025-05-18,1411.0,delivered,,,2025-05-18 07:25:00
3077,9725,437,2025-06-14,310.0,delivered,,,2025-06-14 16:24:00
3078,9734,816,2025-02-28,2054.0,delivered,,,2025-02-28 14:23:00
3079,9735,878,2025-01-17,548.0,delivered,,,2025-01-17 10:01:00
3080,9741,407,2025-01-21,1054.0,delivered,,,2025-01-22 00:23:00
3081,9743,764,2025-03-14,1683.0,delivered,,,2025-03-14 10:43:00
3082,9744,452,2025-01-25,294.0,delivered,,,2025-01-25 17:19:00
3083,9748,1064,2025-03-29,236.0,delivered,,,2025-03-29 08:42:00
3084,9754,69,2025-03-11,900.0,delivered,,,2025-03-11 13:13:00
3085,9756,801,2025-02-28,1572.0,delivered,,,2025-02-28 14:48:00
3086,9757,734,2025-06-20,534.0,delivered,,,2025-06-20 10:03:00
3087,9759,633,2025-04-27,0,cancelled,items_unavailable,system,
3088,9761,281,2025-04-09,1992.0,delivered,,,2025-04-09 07:51:00
3089,9762,437,2025-05-09,1570.0,cancelled,changed_mind,customer,
3090,9764,710,2025-02-06,0,delivered,,,2025-02-06 20:48:00
3091,9765,612,2025-03-27,102.0,delivered,,,2025-03-27 18:15:00
3092,9772,480,2025-03-20,296.0,delivered,,,2025-03-20 12:14:00
3093,9777,728,2025-06-02,414.0,delivered,,,2025-06-02 08:10:00
3094,9782,344,2025-06-16,786.0,delivered,,,2025-06-17 00:28:00
3095,9785,150,2025-04-30,297.0,delivered,,,2025-05-01 01:12:00
3096,9786,1052,2025-02-12,1377.0,delivered,,,2025-02-12 20:35:00
3097,9788,663,2025-01-07,963.0,delivered,,,2025-01-07 16:45:00
3098,9797,1152,2025-04-10,722.0,delivered,,,2025-04-10 22:44:00
3099,9798,542,2025-05-07,382.0,delivered,,,2025-05-07 14:32:00
3100,9800,1136,2025-01-12,259.0,delivered,,,2025-01-12 21:06:00
3101,9804,650,2025-05-11,566.0,delivered,,,2025-05-11 21:19:00
3102,9806,1182,2025-04-10,185.0,delivered,,,2025-04-10 12:14:00
3103,9807,157,2025-03-25,747.0,delivered,,,2025-03-25 11:22:00
3104,9809,913,2025-06-03,330.0,delivered,,,2025-06-03 19:58:00
3105,9810,509,2025-04-10,393.0,delivered,,,2025-04-10 18:33:00
3106,9812,462,2025-06-11,60.0,delivered,,,2025-06-11 13:50:00
3107,9814,1144,2025-03-09,482.0,delivered,,,2025-03-09 16:35:00
3108,9817,409,2025-02-15,483.0,delivered,,,2025-02-15 22:42:00
3109,9818,615,2025-04-29,1461.0,delivered,,,2025-04-29 14:12:00
3110,9822,685,2025-02-16,518.0,cancelled,changed_mind,customer,
3111,9832,238,2025-06-17,979.0,cancelled,substitute_rejected,customer,
3112,9834,866,2025-02-19,80.0,delivered,,,2025-02-19 17:35:00
3113,9836,557,2025-06-24,541.0,delivered,,,2025-06-24 14:04:00
3114,9840,532,2025-05-03,260.0,delivered,,,2025-05-03 22:51:00
3115,9842,502,2025-05-01,1970.0,delivered,,,2025-05-01 10:30:00
3116,9843,344,2025-03-25,485.0,delivered,,,2025-03-26 00:44:00
3117,9846,945,2025-03-18,1368.0,cancelled,changed_mind,customer,
3118,9854,416,2025-01-24,332.0,delivered,,,2025-01-24 06:59:00
3119,9856,488,2025-06-11,418.0,delivered,,,2025-06-11 16:08:00
3120,9862,864,2025-06-27,221.0,cancelled,items_unavailable,seller,
3121,9863,793,2025-01-02,616.0,delivered,,,2025-01-02 08:33:00
3122,9878,1082,2025-01-05,288.0,delivered,,,2025-01-05 20:26:00
3123,9880,61,2025-05-25,1501.0,delivered,,,2025-05-25 13:51:00
3124,9891,129,2025-06-23,614.0,delivered,,,2025-06-23 12:30:00
3125,9893,880,2025-02-06,236.0,delivered,,,2025-02-06 14:42:00
3126,9902,1052,2025-01-18,165.0,delivered,,,2025-01-18 14:19:00
3127,9903,745,2025-02-19,561.0,delivered,,,2025-02-19 18:41:00
3128,9904,624,2025-04-15,155.0,delivered,,,2025-04-15 15:45:00
3129,9907,681,2025-03-03,1672.0,delivered,,,2025-03-03 11:06:00
3130,9908,1015,2025-03-24,1057.0,delivered,,,2025-03-24 18:00:00
3131,9911,721,2025-04-21,933.0,delivered,,,2025-04-21 21:30:00
3132,9917,217,2025-01-24,1683.0,delivered,,,2025-01-24 17:14:00
3133,9921,343,2025-04-15,802.0,delivered,,,2025-04-15 10:14:00
3134,9922,419,2025-05-14,169.0,delivered,,,2025-05-14 11:52:00
3135,9923,221,2025-05-27,2254.0,delivered,,,2025-05-27 12:00:00
3136,9929,442,2025-05-19,883.0,cancelled,items_unavailable,seller,
3137,9932,237,2025-03-31,779.0,delivered,,,2025-03-31 08:09:00
3138,9933,320,2025-01-27,241.0,delivered,,,2025-01-27 09:45:00
3139,9935,545,2025-05-10,1064.0,delivered,,,2025-05-11 01:03:00
3140,9938,228,2025-03-20,392.0,delivered,,,2025-03-21 00:47:00
3141,9942,889,2025-05-09,616.0,delivered,,,2025-05-09 15:27:00
3142,9944,1002,2025-02-20,155.0,delivered,,,2025-02-20 11:04:00
3143,9946,286,2025-03-16,1064.0,delivered,,,2025-03-16 15:58:00
3144,9947,142,2025-02-03,990.0,delivered,,,2025-02-03 11:21:00
3145,9948,573,2025-05-08,1087.0,delivered,,,2025-05-08 08:37:00
3146,9958,884,2025-06-14,1248.0,delivered,,,2025-06-14 22:13:00
3147,9961,660,2025-06-15,1015.0,delivered,,,2025-06-15 11:50:00
3148,9967,494,2025-04-19,939.0,delivered,,,2025-04-19 11:43:00
3149,9969,54,2025-03-04,156.0,delivered,,,2025-03-04 15:12:00
3150,9970,1113,2025-02-11,600.0,delivered,,,2025-02-11 17:33:00
3151,9974,178,2025-05-09,277.0,delivered,,,2025-05-09 14:40:00
3152,9975,956,2025-02-05,115.0,delivered,,,2025-02-06 00:37:00
3153,9979,812,2025-06-13,950.0,delivered,,,2025-06-13 23:02:00
3154,9984,124,2025-04-24,1651.0,delivered,,,2025-04-24 11:23:00
3155,9987,101,2025-03-13,633.0,delivered,,,2025-03-14 01:05:00
3156,9988,936,2025-03-05,203.0,delivered,,,2025-03-05 09:34:00
3157,9996,200,2025-04-19,964.0,delivered,,,2025-04-19 21:28:00
3158,9997,117,2025-05-06,204.0,delivered,,,2025-05-06 17:21:00
3159,9999,497,2025-05-22,517.0,delivered,,,2025-05-22 12:46:00
3160,10000,165,2025-03-24,1988.0,delivered,,,2025-03-24 19:15:00
3161,10004,360,2025-03-13,406.0,delivered,,,2025-03-13 19:26:00
3162,10005,193,2025-01-29,303.0,delivered,,,2025-01-29 14:14:00
3163,10008,900,2025-03-07,887.0,delivered,,,2025-03-08 00:42:00
3164,10011,1182,2025-06-09,592.0,delivered,,,2025-06-09 09:29:00
3165,10013,257,2025-01-02,169.0,delivered,,,2025-01-02 17:34:00
3166,10014,543,2025-05-29,3683.0,delivered,,,2025-05-29 07:53:00
3167,10017,215,2025-05-04,272.0,delivered,,,2025-05-04 17:09:00
3168,10026,158,2025-06-19,251.0,delivered,,,2025-06-19 23:46:00
3169,10027,205,2025-05-13,679.0,delivered,,,2025-05-13 08:24:00
3170,10028,419,2025-05-22,393.0,delivered,,,2025-05-22 18:27:00
3171,10030,700,2025-06-11,717.0,delivered,,,2025-06-11 20:44:00
3172,10034,561,2025-02-14,982.0,delivered,,,2025-02-14 19:21:00
3173,10036,902,2025-04-12,670.0,delivered,,,2025-04-12 15:43:00
3174,10038,1155,2025-01-30,165.0,delivered,,,2025-01-30 12:49:00
3175,10039,780,2025-06-15,254.0,delivered,,,2025-06-15 13:51:00
3176,10045,225,2025-06-08,1328.0,delivered,,,2025-06-08 23:31:00
3177,10047,727,2025-04-12,1069.0,delivered,,,2025-04-13 00:12:00
3178,10049,440,2025-02-23,1012.0,delivered,,,2025-02-23 13:51:00
3179,10057,22,2025-03-13,175.0,delivered,,,2025-03-13 18:22:00
3180,10060,52,2025-02-07,1262.0,delivered,,,2025-02-07 23:11:00
3181,10065,631,2025-03-12,1611.0,delivered,,,2025-03-12 12:33:00
3182,10066,320,2025-05-04,327.0,delivered,,,2025-05-04 18:28:00
3183,10067,777,2025-05-31,665.0,delivered,,,2025-05-31 15:57:00
3184,10068,539,2025-02-01,664.0,delivered,,,2025-02-02 00:16:00
3185,10070,1098,2025-04-10,289.0,delivered,,,2025-04-10 16:28:00
3186,10074,393,2025-06-29,59.0,delivered,,,2025-06-29 14:35:00
3187,10078,1196,2025-03-31,438.0,delivered,,,2025-03-31 19:41:00
3188,10081,783,2025-05-15,216.0,delivered,,,2025-05-15 07:55:00
3189,10084,969,2025-02-19,61.0,delivered,,,2025-02-19 17:00:00
3190,10087,1166,2025-04-24,108.0,delivered,,,2025-04-24 15:16:00
3191,10092,1003,2025-01-08,929.0,delivered,,,2025-01-08 08:28:00
3192,10098,127,2025-02-27,2049.0,delivered,,,2025-02-27 19:10:00
3193,10100,90,2025-04-30,991.0,delivered,,,2025-04-30 21:23:00
3194,10104,970,2025-04-18,1992.0,delivered,,,2025-04-18 18:30:00
3195,10105,1012,2025-05-23,220.0,delivered,,,2025-05-23 21:03:00
3196,10109,251,2025-05-02,513.0,cancelled,items_unavailable,seller,
3197,10115,789,2025-03-12,882.0,delivered,,,2025-03-12 16:17:00
3198,10121,321,2025-05-14,125.0,delivered,,,2025-05-14 22:29:00
3199,10124,111,2025-06-07,312.0,delivered,,,2025-06-08 01:12:00
3200,10126,101,2025-02-28,0,cancelled,items_unavailable,system,
3201,10127,921,2025-01-02,451.0,delivered,,,2025-01-02 20:12:00
3202,10131,845,2025-02-27,158.0,delivered,,,2025-02-27 16:52:00
3203,10133,332,2025-06-11,2361.0,delivered,,,2025-06-11 10:26:00
3204,10137,145,2025-06-21,31.0,cancelled,address_issue,seller,
3205,10139,857,2025-06-21,846.0,cancelled,address_issue,seller,
3206,10142,395,2025-02-23,125.0,delivered,,,2025-02-23 18:29:00
3207,10144,141,2025-03-05,311.0,delivered,,,2025-03-05 08:29:00
3208,10145,938,2025-05-15,90.0,cancelled,late_delivery,customer,
3209,10153,396,2025-01-27,180.0,delivered,,,2025-01-27 20:41:00
3210,10154,813,2025-05-30,720.0,delivered,,,2025-05-30 08:39:00
3211,10155,2,2025-01-07,61.0,delivered,,,2025-01-07 16:13:00
3212,10156,583,2025-01-26,323.0,delivered,,,2025-01-26 09:41:00
3213,10157,1037,2025-01-19,309.0,delivered,,,2025-01-19 10:35:00
3214,10161,1100,2025-04-12,346.0,delivered,,,2025-04-12 18:03:00
3215,10163,901,2025-03-01,423.0,delivered,,,2025-03-02 00:37:00
3216,10170,532,2025-03-10,423.0,delivered,,,2025-03-10 17:35:00
3217,10171,421,2025-05-21,154.0,delivered,,,2025-05-21 07:50:00
3218,10172,857,2025-03-16,115.0,delivered,,,2025-03-16 09:16:00
3219,10173,15,2025-03-28,1512.0,delivered,,,2025-03-28 20:52:00
3220,10177,948,2025-04-22,259.0,delivered,,,2025-04-22 11:53:00
3221,10180,142,2025-05-12,125.0,delivered,,,2025-05-12 15:11:00
3222,10181,652,2025-04-02,664.0,delivered,,,2025-04-02 20:38:00
3223,10184,945,2025-03-15,935.0,delivered,,,2025-03-15 11:01:00
3224,10188,792,2025-03-08,330.0,cancelled,payment_failed,system,
3225,10189,822,2025-05-04,480.0,delivered,,,2025-05-04 20:42:00
3226,10195,267,2025-02-26,0,cancelled,items_unavailable,system,
3227,10197,126,2025-06-13,108.0,delivered,,,2025-06-13 19:25:00
3228,10198,904,2025-01-01,742.0,delivered,,,2025-01-01 11:22:00
3229,10200,61,2025-05-25,1250.0,delivered,,,2025-05-25 14:53:00
3230,10203,972,2025-05-16,1198.0,cancelled,changed_mind,customer,
3231,10206,178,2025-01-07,638.0,delivered,,,2025-01-07 16:50:00
3232,10210,785,2025-01-01,0,cancelled,items_unavailable,system,
3233,10214,634,2025-03-03,839.0,delivered,,,2025-03-03 13:46:00
3234,10216,904,2025-02-27,2730.0,delivered,,,2025-02-27 13:48:00
3235,10218,30,2025-06-09,0,cancelled,items_unavailable,system,
3236,10226,170,2025-05-23,31.0,delivered,,,2025-05-23 15:34:00
3237,10231,226,2025-01-17,1053.0,cancelled,late_delivery,customer,
3238,10234,426,2025-06-19,416.0,delivered,,,2025-06-19 13:02:00
3239,10240,128,2025-05-14,1310.0,delivered,,,2025-05-14 08:23:00
3240,10242,461,2025-02-07,1168.0,delivered,,,2025-02-07 18:56:00
3241,10252,1170,2025-06-21,187.0,delivered,,,2025-06-21 14:06:00
3242,10255,745,2025-02-12,422.0,delivered,,,2025-02-12 13:46:00
3243,10264,810,2025-03-11,333.0,delivered,,,2025-03-11 19:55:00
3244,10267,898,2025-01-27,661.0,delivered,,,2025-01-27 09:23:00
3245,10269,263,2025-02-21,303.0,delivered,,,2025-02-21 07:42:00
3246,10271,981,2025-06-16,314.0,delivered,,,2025-06-16 20:28:00
3247,10273,606,2025-05-20,31.0,delivered,,,2025-05-20 19:42:00
3248,10277,1188,2025-05-10,532.0,delivered,,,2025-05-10 10:59:00
3249,10278,893,2025-03-29,541.0,delivered,,,2025-03-29 23:10:00
3250,10281,756,2025-03-10,147.0,delivered,,,2025-03-10 14:58:00
3251,10284,34,2025-02-03,641.0,delivered,,,2025-02-03 19:00:00
3252,10285,57,2025-05-03,238.0,cancelled,substitute_rejected,customer,
3253,10287,1145,2025-01-09,1102.0,delivered,,,2025-01-09 22:26:00
3254,10288,333,2025-05-10,376.0,delivered,,,2025-05-10 17:50:00
3255,10295,1155,2025-03-11,156.0,cancelled,items_unavailable,seller,
3256,10305,1183,2025-03-29,393.0,delivered,,,2025-03-29 14:31:00
3257,10310,1088,2025-03-09,44.0,delivered,,,2025-03-09 12:23:00
3258,10317,38,2025-06-14,180.0,delivered,,,2025-06-14 10:08:00
3259,10321,731,2025-05-01,391.0,delivered,,,2025-05-01 07:32:00
3260,10322,14,2025-05-12,296.0,delivered,,,2025-05-12 08:56:00
3261,10331,671,2025-02-01,973.0,delivered,,,2025-02-01 12:26:00
3262,10334,385,2025-02-13,724.0,cancelled,substitute_rejected,customer,
3263,10335,66,2025-04-03,1292.0,delivered,,,2025-04-04 00:15:00
3264,10337,136,2025-03-31,322.0,delivered,,,2025-03-31 17:13:00
3265,10339,668,2025-03-17,115.0,delivered,,,2025-03-17 10:24:00
3266,10340,903,2025-04-04,455.0,delivered,,,2025-04-04 23:41:00
3267,10341,330,2025-05-04,510.0,delivered,,,2025-05-04 10:04:00
3268,10343,562,2025-02-12,357.0,delivered,,,2025-02-12 22:49:00
3269,10344,932,2025-05-22,72.0,delivered,,,2025-05-22 09:55:00
3270,10345,373,2025-02-14,108.0,delivered,,,2025-02-15 00:21:00
3271,10347,37,2025-01-28,303.0,delivered,,,2025-01-28 17:09:00
3272,10350,296,2025-05-18,1095.0,delivered,,,2025-05-18 13:33:00
3273,10352,611,2025-06-03,1622.0,delivered,,,2025-06-03 11:51:00
3274,10354,907,2025-05-17,161.0,cancelled,late_delivery,customer,
3275,10357,35,2025-01-22,779.0,delivered,,,2025-01-23 00:12:00
3276,10361,133,2025-04-14,820.0,delivered,,,2025-04-14 22:49:00
3277,10362,266,2025-02-17,296.0,delivered,,,2025-02-17 18:42:00
3278,10366,536,2025-03-26,337.0,delivered,,,2025-03-26 07:50:00
3279,10367,544,2025-02-18,388.0,delivered,,,2025-02-18 12:41:00
3280,10371,1078,2025-06-07,664.0,delivered,,,2025-06-07 17:18:00
3281,10372,703,2025-06-03,2894.0,delivered,,,2025-06-03 20:07:00
3282,10373,1036,2025-04-11,0,cancelled,substitute_rejected,customer,
3283,10377,1183,2025-03-19,144.0,delivered,,,2025-03-19 20:42:00
3284,10379,762,2025-01-11,152.0,delivered,,,2025-01-11 07:29:00
3285,10380,123,2025-03-15,2476.0,cancelled,substitute_rejected,customer,
3286,10382,680,2025-03-25,393.0,delivered,,,2025-03-25 22:44:00
3287,10383,1119,2025-01-21,2107.0,delivered,,,2025-01-21 22:01:00
3288,10390,586,2025-02-07,2292.0,delivered,,,2025-02-07 11:38:00
3289,10393,409,2025-02-12,308.0,delivered,,,2025-02-12 19:25:00
3290,10394,1182,2025-01-06,647.0,delivered,,,2025-01-06 21:48:00
3291,10398,594,2025-05-22,1230.0,delivered,,,2025-05-22 08:28:00
3292,10401,569,2025-03-13,1328.0,delivered,,,2025-03-13 09:42:00
3293,10402,1140,2025-05-10,840.0,delivered,,,2025-05-10 06:55:00
3294,10403,107,2025-03-28,236.0,delivered,,,2025-03-28 11:01:00
3295,10404,666,2025-02-17,115.0,delivered,,,2025-02-18 00:51:00
3296,10405,77,2025-06-02,338.0,cancelled,address_issue,seller,
3297,10408,251,2025-02-22,143.0,delivered,,,2025-02-22 22:23:00
3298,10410,631,2025-04-04,831.0,delivered,,,2025-04-04 16:29:00
3299,10411,361,2025-03-20,296.0,delivered,,,2025-03-20 10:52:00
3300,10413,242,2025-02-23,115.0,delivered,,,2025-02-24 00:55:00
3301,10416,517,2025-04-04,118.0,cancelled,changed_mind,customer,
3302,10421,1190,2025-04-28,235.0,delivered,,,2025-04-28 21:57:00
3303,10424,300,2025-01-16,807.0,delivered,,,2025-01-17 00:50:00
3304,10425,198,2025-02-06,143.0,delivered,,,2025-02-06 15:52:00
3305,10429,1020,2025-03-16,180.0,delivered,,,2025-03-16 20:27:00
3306,10430,966,2025-06-25,296.0,cancelled,changed_mind,customer,
3307,10435,271,2025-06-19,1393.0,cancelled,late_delivery,customer,
3308,10437,85,2025-03-28,1475.0,delivered,,,2025-03-28 12:11:00
3309,10438,880,2025-01-12,155.0,cancelled,substitute_rejected,customer,
3310,10439,41,2025-03-21,287.0,delivered,,,2025-03-21 12:48:00
3311,10440,667,2025-01-31,143.0,delivered,,,2025-01-31 11:55:00
3312,10442,219,2025-06-28,597.0,delivered,,,2025-06-28 07:34:00
3313,10443,702,2025-02-17,2251.0,delivered,,,2025-02-17 10:22:00
3314,10450,116,2025-04-10,232.0,delivered,,,2025-04-10 09:08:00
3315,10452,746,2025-03-31,786.0,delivered,,,2025-04-01 00:15:00
3316,10455,10,2025-03-12,0,cancelled,items_unavailable,system,
3317,10457,876,2025-06-03,915.0,delivered,,,2025-06-03 23:32:00
3318,10458,1097,2025-01-14,305.0,delivered,,,2025-01-14 23:00:00
3319,10459,24,2025-03-15,130.0,delivered,,,2025-03-15 13:14:00
3320,10463,219,2025-03-26,710.0,delivered,,,2025-03-26 16:41:00
3321,10465,198,2025-06-02,254.0,delivered,,,2025-06-03 00:39:00
3322,10471,411,2025-02-22,182.0,delivered,,,2025-02-22 23:55:00
3323,10474,995,2025-02-07,265.0,delivered,,,2025-02-07 14:15:00
3324,10475,238,2025-02-19,440.0,cancelled,substitute_rejected,customer,
3325,10476,1056,2025-02-25,310.0,delivered,,,2025-02-25 16:16:00
3326,10477,691,2025-04-06,312.0,delivered,,,2025-04-06 14:59:00
3327,10480,498,2025-04-02,1070.0,cancelled,late_delivery,customer,
3328,10482,1114,2025-05-17,322.0,delivered,,,2025-05-17 23:30:00
3329,10483,57,2025-05-08,143.0,delivered,,,2025-05-09 00:59:00
3330,10484,622,2025-01-09,664.0,cancelled,address_issue,seller,
3331,10490,393,2025-01-22,58.0,delivered,,,2025-01-22 18:05:00
3332,10492,431,2025-06-04,1774.0,delivered,,,2025-06-04 10:49:00
3333,10494,33,2025-05-09,288.0,delivered,,,2025-05-09 16:18:00
3334,10496,280,2025-06-25,265.0,delivered,,,2025-06-25 17:48:00
3335,10501,417,2025-05-22,62.0,delivered,,,2025-05-22 19:55:00
3336,10502,174,2025-06-23,1477.0,delivered,,,2025-06-23 13:23:00
3337,10506,1057,2025-02-09,62.0,delivered,,,2025-02-09 22:11:00
3338,10510,397,2025-05-20,751.0,delivered,,,2025-05-20 08:01:00
3339,10512,827,2025-06-26,460.0,delivered,,,2025-06-26 07:48:00
3340,10517,271,2025-05-08,1803.0,delivered,,,2025-05-08 16:34:00
3341,10518,481,2025-03-22,307.0,delivered,,,2025-03-22 10:05:00
3342,10521,743,2025-05-28,884.0,cancelled,changed_mind,customer,
3343,10542,212,2025-01-30,464.0,cancelled,items_unavailable,seller,
3344,10544,252,2025-06-14,1515.0,delivered,,,2025-06-14 12:19:00
3345,10545,977,2025-01-14,305.0,delivered,,,2025-01-14 21:09:00
3346,10548,828,2025-05-26,220.0,delivered,,,2025-05-26 12:08:00
3347,10551,1069,2025-06-02,440.0,cancelled,changed_mind,customer,
3348,10560,585,2025-01-06,230.0,delivered,,,2025-01-06 19:45:00
3349,10564,383,2025-06-23,460.0,delivered,,,2025-06-23 12:50:00
3350,10568,673,2025-04-26,549.0,delivered,,,2025-04-26 11:59:00
3351,10569,497,2025-03-27,1093.0,delivered,,,2025-03-27 12:14:00
3352,10570,6,2025-05-25,159.0,delivered,,,2025-05-25 07:17:00
3353,10571,5,2025-03-03,49.0,cancelled,changed_mind,customer,
3354,10573,622,2025-04-19,303.0,delivered,,,2025-04-19 12:39:00
3355,10583,548,2025-02-28,4042.0,delivered,,,2025-02-28 15:56:00
3356,10585,1031,2025-04-16,620.0,delivered,,,2025-04-16 09:32:00
3357,10589,205,2025-04-28,304.0,delivered,,,2025-04-28 21:53:00
3358,10590,1066,2025-02-05,434.0,delivered,,,2025-02-05 21:28:00
3359,10591,769,2025-04-11,411.0,delivered,,,2025-04-11 23:42:00
3360,10593,1162,2025-03-13,335.0,delivered,,,2025-03-13 21:05:00
3361,10596,437,2025-06-28,252.0,delivered,,,2025-06-28 16:00:00
3362,10597,8,2025-01-22,609.0,delivered,,,2025-01-22 15:50:00
3363,10601,837,2025-01-01,296.0,delivered,,,2025-01-01 22:14:00
3364,10604,82,2025-02-28,296.0,delivered,,,2025-02-28 10:47:00
3365,10605,828,2025-04-09,393.0,delivered,,,2025-04-09 18:59:00
3366,10606,407,2025-05-01,450.0,delivered,,,2025-05-01 06:59:00
3367,10610,299,2025-06-17,259.0,cancelled,changed_mind,customer,
3368,10616,109,2025-03-09,1570.0,delivered,,,2025-03-09 12:29:00
3369,10621,935,2025-02-05,70.0,delivered,,,2025-02-05 15:12:00
3370,10622,311,2025-02-10,207.0,delivered,,,2025-02-10 08:30:00
3371,10630,370,2025-03-03,540.0,delivered,,,2025-03-03 14:58:00
3372,10642,775,2025-03-01,310.0,delivered,,,2025-03-01 12:31:00
3373,10643,312,2025-03-31,470.0,delivered,,,2025-03-31 22:11:00
3374,10646,330,2025-03-22,1797.0,delivered,,,2025-03-22 20:44:00
3375,10648,920,2025-05-02,0,cancelled,substitute_rejected,customer,
3376,10652,268,2025-06-13,527.0,delivered,,,2025-06-13 15:12:00
3377,10653,782,2025-03-09,250.0,cancelled,late_delivery,customer,
3378,10659,424,2025-05-20,986.0,delivered,,,2025-05-20 14:20:00
3379,10661,307,2025-01-20,768.0,delivered,,,2025-01-20 20:59:00
3380,10662,986,2025-02-17,1924.0,delivered,,,2025-02-17 18:38:00
3381,10665,1079,2025-05-09,1328.0,delivered,,,2025-05-09 13:26:00
3382,10668,428,2025-01-20,230.0,delivered,,,2025-01-20 12:46:00
3383,10673,835,2025-05-31,682.0,cancelled,substitute_rejected,customer,
3384,10676,499,2025-03-14,1160.0,delivered,,,2025-03-14 07:39:00
3385,10691,1122,2025-03-01,388.0,delivered,,,2025-03-01 21:54:00
3386,10692,1149,2025-03-15,311.0,delivered,,,2025-03-15 23:55:00
3387,10695,1149,2025-04-27,242.0,delivered,,,2025-04-27 17:54:00
3388,10697,254,2025-06-25,1848.0,delivered,,,2025-06-25 11:38:00
3389,10700,274,2025-03-12,240.0,delivered,,,2025-03-12 13:47:00
3390,10702,1063,2025-06-29,1039.0,delivered,,,2025-06-29 17:33:00
3391,10710,774,2025-02-08,657.0,cancelled,changed_mind,customer,
3392,10715,451,2025-05-28,1534.0,delivered,,,2025-05-28 17:19:00
3393,10717,609,2025-04-14,618.0,delivered,,,2025-04-14 07:11:00
3394,10718,630,2025-05-28,482.0,delivered,,,2025-05-28 23:29:00
3395,10722,99,2025-01-05,781.0,delivered,,,2025-01-05 15:07:00
3396,10723,850,2025-03-14,341.0,cancelled,substitute_rejected,customer,
3397,10727,309,2025-04-12,652.0,delivered,,,2025-04-12 07:10:00
3398,10728,886,2025-03-10,642.0,delivered,,,2025-03-10 15:14:00
3399,10733,315,2025-02-19,1021.0,delivered,,,2025-02-19 06:54:00
3400,10734,979,2025-04-13,125.0,delivered,,,2025-04-13 22:41:00
3401,10735,371,2025-02-08,414.0,delivered,,,2025-02-08 18:28:00
3402,10737,537,2025-01-26,457.0,delivered,,,2025-01-26 18:11:00
3403,10738,1070,2025-05-18,1115.0,delivered,,,2025-05-18 23:36:00
3404,10741,809,2025-02-28,240.0,delivered,,,2025-02-28 21:41:00
3405,10743,662,2025-01-20,1525.0,delivered,,,2025-01-20 12:16:00
3406,10744,46,2025-02-14,771.0,delivered,,,2025-02-14 15:02:00
3407,10747,437,2025-05-31,888.0,delivered,,,2025-05-31 20:44:00
3408,10749,990,2025-02-16,483.0,delivered,,,2025-02-16 07:37:00
3409,10750,431,2025-03-09,1947.0,delivered,,,2025-03-09 14:42:00
3410,10752,823,2025-06-26,638.0,delivered,,,2025-06-26 14:34:00
3411,10753,373,2025-03-26,682.0,delivered,,,2025-03-26 19:56:00
3412,10758,381,2025-06-17,541.0,delivered,,,2025-06-17 08:59:00
3413,10765,1083,2025-04-08,623.0,cancelled,changed_mind,customer,
3414,10770,1113,2025-04-21,2168.0,delivered,,,2025-04-21 17:52:00
3415,10775,1146,2025-03-14,812.0,delivered,,,2025-03-15 00:05:00
3416,10777,82,2025-03-20,0,cancelled,items_unavailable,system,
3417,10778,303,2025-02-19,634.0,delivered,,,2025-02-19 11:31:00
3418,10792,906,2025-05-16,97.0,delivered,,,2025-05-16 20:24:00
3419,10793,89,2025-06-10,0,cancelled,items_unavailable,system,
3420,10795,24,2025-01-12,562.0,delivered,,,2025-01-12 17:48:00
3421,10799,374,2025-01-26,606.0,delivered,,,2025-01-26 07:57:00
3422,10811,740,2025-02-24,309.0,cancelled,address_issue,seller,
3423,10814,592,2025-05-09,179.0,delivered,,,2025-05-09 18:29:00
3424,10815,653,2025-04-17,989.0,delivered,,,2025-04-17 10:03:00
3425,10820,798,2025-02-20,143.0,delivered,,,2025-02-21 00:27:00
3426,10826,261,2025-04-06,214.0,delivered,,,2025-04-06 17:46:00
3427,10830,441,2025-05-21,1316.0,delivered,,,2025-05-21 12:35:00
3428,10831,619,2025-02-19,443.0,delivered,,,2025-02-19 11:54:00
3429,10834,964,2025-04-13,1009.0,delivered,,,2025-04-13 15:28:00
3430,10838,297,2025-01-07,1164.0,delivered,,,2025-01-07 15:13:00
3431,10843,933,2025-04-09,278.0,delivered,,,2025-04-09 11:52:00
3432,10844,73,2025-02-23,396.0,delivered,,,2025-02-23 18:47:00
3433,10852,1009,2025-06-16,563.0,delivered,,,2025-06-16 08:38:00
3434,10862,290,2025-03-28,155.0,cancelled,late_delivery,customer,
3435,10864,561,2025-05-02,766.0,delivered,,,2025-05-02 07:13:00
3436,10867,371,2025-03-16,0,cancelled,items_unavailable,system,
3437,10882,282,2025-03-02,1335.0,delivered,,,2025-03-02 12:53:00
3438,10884,267,2025-02-01,1766.0,delivered,,,2025-02-01 15:03:00
3439,10889,1198,2025-04-03,464.0,delivered,,,2025-04-03 08:54:00
3440,10891,544,2025-03-16,393.0,delivered,,,2025-03-16 18:28:00
3441,10893,149,2025-06-24,76.0,delivered,,,2025-06-24 16:47:00
3442,10899,876,2025-04-21,1027.0,cancelled,address_issue,seller,
3443,10905,16,2025-06-23,597.0,delivered,,,2025-06-24 00:14:00
3444,10906,108,2025-01-25,345.0,delivered,,,2025-01-25 18:41:00
3445,10912,388,2025-06-20,97.0,cancelled,items_unavailable,seller,
3446,10917,1172,2025-04-08,155.0,delivered,,,2025-04-08 13:05:00
3447,10919,177,2025-05-12,311.0,delivered,,,2025-05-12 07:28:00
3448,10931,877,2025-06-03,904.0,delivered,,,2025-06-03 09:14:00
3449,10932,83,2025-04-22,327.0,delivered,,,2025-04-22 18:14:00
3450,10933,1129,2025-06-20,235.0,delivered,,,2025-06-20 11:53:00
3451,10940,539,2025-05-24,0,cancelled,substitute_rejected,customer,
3452,10947,799,2025-06-26,208.0,delivered,,,2025-06-26 20:24:00
3453,10948,373,2025-03-25,1276.0,delivered,,,2025-03-25 22:45:00
3454,10949,745,2025-01-25,316.0,delivered,,,2025-01-25 09:27:00
3455,10953,341,2025-03-16,2019.0,delivered,,,2025-03-16 08:03:00
3456,10955,531,2025-02-26,131.0,delivered,,,2025-02-26 22:08:00
3457,10956,396,2025-01-23,623.0,delivered,,,2025-01-23 07:48:00
3458,10962,1157,2025-05-08,0,cancelled,substitute_rejected,customer,
3459,10967,883,2025-01-20,303.0,delivered,,,2025-01-20 22:32:00
3460,10971,674,2025-05-12,527.0,delivered,,,2025-05-13 00:14:00
3461,10972,908,2025-03-05,797.0,delivered,,,2025-03-05 09:24:00
3462,10976,357,2025-01-05,310.0,delivered,,,2025-01-05 17:20:00
3463,10978,986,2025-02-18,187.0,delivered,,,2025-02-18 12:07:00
3464,10982,274,2025-04-15,220.0,delivered,,,2025-04-15 09:12:00
3465,10983,355,2025-04-02,127.0,delivered,,,2025-04-02 14:52:00
3466,10984,580,2025-05-20,1175.0,delivered,,,2025-05-20 20:38:00
3467,10990,553,2025-01-18,394.0,delivered,,,2025-01-18 07:29:00
3468,11004,561,2025-05-11,350.0,cancelled,late_delivery,customer,
3469,11009,940,2025-05-22,1227.0,delivered,,,2025-05-22 23:59:00
3470,11011,1072,2025-01-13,207.0,delivered,,,2025-01-13 15:00:00
3471,11012,437,2025-03-04,272.0,delivered,,,2025-03-04 07:43:00
3472,11013,704,2025-06-26,1124.0,delivered,,,2025-06-26 11:05:00
3473,11015,856,2025-02-18,600.0,delivered,,,2025-02-18 07:20:00
3474,11018,166,2025-02-25,236.0,delivered,,,2025-02-25 22:58:00
3475,11021,281,2025-04-18,667.0,delivered,,,2025-04-19 00:51:00
3476,11024,974,2025-05-09,0,cancelled,substitute_rejected,customer,
3477,11028,305,2025-03-18,182.0,delivered,,,2025-03-19 01:00:00
3478,11033,928,2025-02-16,565.0,delivered,,,2025-02-17 00:39:00
3479,11036,736,2025-03-21,61.0,delivered,,,2025-03-21 10:04:00
3480,11044,203,2025-02-17,2529.0,delivered,,,2025-02-17 21:45:00
3481,11048,601,2025-04-13,62.0,cancelled,substitute_rejected,customer,
3482,11052,576,2025-02-25,381.0,delivered,,,2025-02-25 14:00:00
3483,11055,113,2025-01-11,599.0,delivered,,,2025-01-11 07:55:00
3484,11060,12,2025-03-20,207.0,delivered,,,2025-03-20 16:11:00
3485,11062,425,2025-05-02,165.0,delivered,,,2025-05-02 19:11:00
3486,11063,783,2025-04-21,518.0,delivered,,,2025-04-22 00:32:00
3487,11065,347,2025-01-16,550.0,cancelled,changed_mind,customer,
3488,11066,1100,2025-03-08,670.0,delivered,,,2025-03-08 11:39:00
3489,11068,491,2025-06-26,954.0,delivered,,,2025-06-26 15:44:00
3490,11074,342,2025-03-09,1774.0,delivered,,,2025-03-09 20:45:00
3491,11078,109,2025-02-09,1267.0,delivered,,,2025-02-10 01:18:00
3492,11080,581,2025-05-13,438.0,delivered,,,2025-05-13 20:25:00
3493,11081,1171,2025-05-17,240.0,delivered,,,2025-05-17 13:42:00
3494,11086,1079,2025-03-05,650.0,delivered,,,2025-03-05 07:49:00
3495,11094,890,2025-03-04,1055.0,delivered,,,2025-03-04 14:14:00
3496,11097,649,2025-03-15,1232.0,delivered,,,2025-03-15 14:14:00
3497,11098,934,2025-04-24,2350.0,delivered,,,2025-04-24 07:39:00
3498,11099,1091,2025-06-20,61.0,delivered,,,2025-06-20 10:04:00
3499,11100,381,2025-04-25,122.0,delivered,,,2025-04-25 21:15:00
3500,11107,564,2025-06-07,83.0,delivered,,,2025-06-07 08:27:00
3501,11118,1088,2025-01-27,393.0,delivered,,,2025-01-27 08:52:00
3502,11120,591,2025-01-11,1893.0,delivered,,,2025-01-11 20:44:00
3503,11135,179,2025-04-01,360.0,delivered,,,2025-04-01 12:39:00
3504,11139,501,2025-01-13,684.0,delivered,,,2025-01-13 19:45:00
3505,11143,920,2025-02-26,200.0,cancelled,items_unavailable,seller,
3506,11144,571,2025-04-07,773.0,delivered,,,2025-04-07 12:15:00
3507,11151,311,2025-06-18,31.0,delivered,,,2025-06-18 17:55:00
3508,11152,1136,2025-02-22,726.0,delivered,,,2025-02-22 22:15:00
3509,11153,1083,2025-03-15,702.0,delivered,,,2025-03-15 09:06:00
3510,11165,1071,2025-05-06,115.0,delivered,,,2025-05-07 00:43:00
3511,11166,602,2025-05-05,76.0,cancelled,address_issue,seller,
3512,11167,1045,2025-03-31,240.0,cancelled,payment_failed,system,
3513,11170,864,2025-01-21,1079.0,delivered,,,2025-01-21 21:29:00
3514,11175,624,2025-05-15,176.0,delivered,,,2025-05-15 14:55:00
3515,11180,899,2025-01-07,31.0,delivered,,,2025-01-07 13:55:00
3516,11184,142,2025-01-04,972.0,delivered,,,2025-01-04 14:37:00
3517,11185,596,2025-05-28,1149.0,delivered,,,2025-05-28 12:52:00
3518,11187,134,2025-05-28,201.0,delivered,,,2025-05-28 23:46:00
3519,11189,1189,2025-06-01,451.0,delivered,,,2025-06-01 07:15:00
3520,11193,727,2025-05-21,160.0,delivered,,,2025-05-21 14:52:00
3521,11204,716,2025-06-10,839.0,delivered,,,2025-06-10 13:32:00
3522,11207,1050,2025-03-08,1399.0,delivered,,,2025-03-08 10:28:00
3523,11209,603,2025-05-09,172.0,delivered,,,2025-05-09 12:54:00
3524,11211,170,2025-03-04,303.0,delivered,,,2025-03-04 13:09:00
3525,11212,645,2025-03-01,310.0,delivered,,,2025-03-02 00:19:00
3526,11213,743,2025-05-14,143.0,delivered,,,2025-05-14 11:33:00
3527,11215,145,2025-02-10,203.0,delivered,,,2025-02-10 22:35:00
3528,11216,792,2025-05-24,115.0,delivered,,,2025-05-24 12:24:00
3529,11218,386,2025-04-25,108.0,delivered,,,2025-04-25 12:04:00
3530,11219,69,2025-05-18,1690.0,delivered,,,2025-05-18 11:40:00
3531,11222,896,2025-03-19,869.0,delivered,,,2025-03-19 23:49:00
3532,11224,1030,2025-03-05,220.0,delivered,,,2025-03-05 13:58:00
3533,11225,629,2025-06-03,975.0,delivered,,,2025-06-03 08:38:00
3534,11236,594,2025-05-16,60.0,cancelled,late_delivery,customer,
3535,11239,64,2025-06-20,1507.0,delivered,,,2025-06-20 20:10:00
3536,11250,844,2025-05-12,413.0,delivered,,,2025-05-12 21:12:00
3537,11259,990,2025-05-07,0,cancelled,items_unavailable,system,
3538,11263,1146,2025-04-24,49.0,cancelled,late_delivery,customer,
3539,11265,1181,2025-02-15,0,cancelled,items_unavailable,system,
3540,11268,197,2025-02-14,586.0,delivered,,,2025-02-14 18:48:00
3541,11270,1142,2025-02-20,187.0,delivered,,,2025-02-20 18:01:00
3542,11274,1007,2025-04-13,571.0,delivered,,,2025-04-13 19:37:00
3543,11278,889,2025-03-19,426.0,delivered,,,2025-03-19 22:37:00
3544,11279,868,2025-04-18,49.0,delivered,,,2025-04-18 15:12:00
3545,11280,529,2025-03-20,423.0,cancelled,changed_mind,customer,
3546,11289,47,2025-04-30,416.0,cancelled,substitute_rejected,customer,
3547,11291,259,2025-05-04,1327.0,delivered,,,2025-05-04 21:35:00
3548,11296,574,2025-06-12,460.0,delivered,,,2025-06-12 09:49:00
3549,11297,263,2025-06-10,259.0,delivered,,,2025-06-10 10:54:00
3550,11300,471,2025-02-15,309.0,delivered,,,2025-02-15 16:42:00
3551,11301,161,2025-01-23,329.0,delivered,,,2025-01-23 13:34:00
3552,11304,298,2025-01-05,570.0,delivered,,,2025-01-05 08:02:00
3553,11310,610,2025-01-21,336.0,delivered,,,2025-01-21 10:29:00
3554,11313,1128,2025-06-23,887.0,cancelled,changed_mind,customer,
3555,11318,631,2025-02-02,30.0,delivered,,,2025-02-02 18:40:00
3556,11319,220,2025-02-21,379.0,delivered,,,2025-02-21 12:38:00
3557,11321,903,2025-02-24,1124.0,delivered,,,2025-02-24 18:28:00
3558,11328,509,2025-01-02,841.0,delivered,,,2025-01-02 10:57:00
3559,11330,1158,2025-01-23,296.0,delivered,,,2025-01-23 17:09:00
3560,11331,59,2025-02-21,1263.0,delivered,,,2025-02-21 16:17:00
3561,11334,580,2025-02-12,572.0,delivered,,,2025-02-12 10:21:00
3562,11338,350,2025-06-14,438.0,delivered,,,2025-06-14 08:30:00
3563,11339,66,2025-03-26,115.0,delivered,,,2025-03-26 11:05:00
3564,11340,961,2025-06-10,301.0,delivered,,,2025-06-11 00:05:00
3565,11345,432,2025-05-11,561.0,delivered,,,2025-05-11 12:48:00
3566,11347,745,2025-01-11,1458.0,delivered,,,2025-01-11 22:27:00
3567,11349,267,2025-01-20,1049.0,delivered,,,2025-01-20 10:18:00
3568,11350,627,2025-01-23,996.0,delivered,,,2025-01-23 13:57:00
3569,11351,967,2025-01-05,1172.0,delivered,,,2025-01-05 09:27:00
3570,11367,283,2025-04-26,592.0,delivered,,,2025-04-26 17:41:00
3571,11371,1001,2025-05-15,236.0,delivered,,,2025-05-15 17:36:00
3572,11376,818,2025-06-28,708.0,delivered,,,2025-06-28 16:24:00
3573,11379,588,2025-03-12,303.0,delivered,,,2025-03-12 07:39:00
3574,11380,681,2025-05-09,1179.0,delivered,,,2025-05-09 18:41:00
3575,11383,955,2025-04-30,393.0,delivered,,,2025-04-30 12:42:00
3576,11387,937,2025-04-01,161.0,cancelled,changed_mind,customer,
3577,11388,684,2025-02-10,174.0,delivered,,,2025-02-10 21:24:00
3578,11389,1185,2025-03-13,171.0,delivered,,,2025-03-13 11:25:00
3579,11393,857,2025-04-16,381.0,cancelled,items_unavailable,seller,
3580,11399,482,2025-06-27,777.0,delivered,,,2025-06-27 14:01:00
3581,11400,703,2025-06-21,532.0,delivered,,,2025-06-21 11:55:00
3582,11404,557,2025-06-18,130.0,delivered,,,2025-06-18 17:41:00
3583,11406,783,2025-04-09,548.0,delivered,,,2025-04-09 15:27:00
3584,11410,920,2025-05-23,210.0,delivered,,,2025-05-23 15:49:00
3585,11412,51,2025-03-10,0,cancelled,items_unavailable,system,
3586,11413,225,2025-01-20,549.0,delivered,,,2025-01-20 22:36:00
3587,11414,1049,2025-02-07,60.0,delivered,,,2025-02-07 14:38:00
3588,11415,612,2025-06-21,310.0,delivered,,,2025-06-21 21:02:00
3589,11416,346,2025-05-13,308.0,delivered,,,2025-05-13 16:05:00
3590,11425,478,2025-04-24,250.0,delivered,,,2025-04-24 10:28:00
3591,11429,185,2025-04-05,1195.0,cancelled,changed_mind,customer,
3592,11430,519,2025-06-24,687.0,delivered,,,2025-06-24 10:40:00
3593,11433,177,2025-04-08,244.0,delivered,,,2025-04-08 12:24:00
3594,11439,178,2025-06-01,1197.0,delivered,,,2025-06-01 11:13:00
3595,11441,419,2025-02-28,513.0,delivered,,,2025-02-28 14:39:00
3596,11444,918,2025-02-25,714.0,delivered,,,2025-02-25 21:27:00
3597,11445,346,2025-02-27,423.0,delivered,,,2025-02-27 15:05:00
3598,11448,835,2025-04-28,1774.0,delivered,,,2025-04-28 16:54:00
3599,11451,110,2025-05-23,286.0,delivered,,,2025-05-23 21:26:00
3600,11452,1089,2025-05-10,296.0,delivered,,,2025-05-10 09:13:00
3601,11454,493,2025-05-28,464.0,delivered,,,2025-05-28 15:11:00
3602,11457,278,2025-06-05,665.0,delivered,,,2025-06-05 12:00:00
3603,11463,893,2025-01-03,651.0,cancelled,items_unavailable,seller,
3604,11464,1094,2025-03-15,192.0,delivered,,,2025-03-15 16:58:00
3605,11465,1027,2025-02-19,1040.0,delivered,,,2025-02-19 18:19:00
3606,11466,720,2025-03-13,1458.0,delivered,,,2025-03-13 17:38:00
3607,11469,198,2025-05-25,2629.0,delivered,,,2025-05-25 15:36:00
3608,11473,940,2025-05-25,424.0,cancelled,payment_failed,system,
3609,11474,751,2025-05-04,405.0,cancelled,address_issue,seller,
3610,11480,334,2025-01-02,127.0,delivered,,,2025-01-02 09:10:00
3611,11481,1007,2025-06-27,1680.0,delivered,,,2025-06-27 19:38:00
3612,11489,321,2025-01-11,250.0,delivered,,,2025-01-11 18:17:00
3613,11497,691,2025-05-21,886.0,delivered,,,2025-05-21 22:45:00
3614,11499,183,2025-04-28,1669.0,delivered,,,2025-04-28 11:19:00
3615,11500,714,2025-03-11,296.0,delivered,,,2025-03-11 07:42:00
3616,11503,6,2025-02-10,1181.0,delivered,,,2025-02-10 07:23:00
3617,11509,33,2025-04-20,769.0,delivered,,,2025-04-20 08:29:00
3618,11510,74,2025-03-30,0,cancelled,items_unavailable,system,
3619,11511,728,2025-02-15,676.0,cancelled,address_issue,seller,
3620,11514,1097,2025-03-18,1154.0,delivered,,,2025-03-18 10:10:00
3621,11525,565,2025-06-12,398.0,delivered,,,2025-06-12 22:06:00
3622,11530,1023,2025-03-31,393.0,delivered,,,2025-04-01 01:04:00
3623,11534,969,2025-06-25,1468.0,delivered,,,2025-06-25 19:17:00
3624,11537,444,2025-02-10,207.0,delivered,,,2025-02-10 23:11:00
3625,11541,1167,2025-01-28,3629.0,delivered,,,2025-01-28 14:10:00
3626,11545,730,2025-03-26,1587.0,delivered,,,2025-03-26 13:28:00
3627,11549,971,2025-01-19,1526.0,delivered,,,2025-01-19 21:15:00
3628,11551,625,2025-04-27,115.0,delivered,,,2025-04-27 14:38:00
3629,11554,1079,2025-06-15,260.0,delivered,,,2025-06-15 08:16:00
3630,11558,244,2025-02-16,1008.0,delivered,,,2025-02-16 14:51:00
3631,11559,396,2025-02-15,737.0,delivered,,,2025-02-15 17:46:00
3632,11562,595,2025-01-14,541.0,delivered,,,2025-01-15 00:29:00
3633,11567,691,2025-04-30,444.0,delivered,,,2025-04-30 23:40:00
3634,11570,368,2025-03-25,156.0,cancelled,payment_failed,system,
3635,11571,40,2025-05-06,3844.0,delivered,,,2025-05-06 08:31:00
3636,11572,998,2025-06-04,1823.0,delivered,,,2025-06-04 12:05:00
3637,11573,951,2025-04-16,303.0,delivered,,,2025-04-16 23:01:00
3638,11574,291,2025-03-16,633.0,delivered,,,2025-03-16 11:59:00
3639,11576,1094,2025-06-25,288.0,cancelled,items_unavailable,seller,
3640,11580,198,2025-06-02,336.0,delivered,,,2025-06-02 21:06:00
3641,11585,568,2025-03-10,1676.0,delivered,,,2025-03-10 08:28:00
3642,11588,569,2025-04-08,211.0,delivered,,,2025-04-08 08:54:00
3643,11589,519,2025-06-28,125.0,delivered,,,2025-06-28 22:26:00
3644,11595,968,2025-04-28,577.0,delivered,,,2025-04-28 07:09:00
3645,11596,583,2025-05-27,969.0,delivered,,,2025-05-27 10:42:00
3646,11603,933,2025-01-08,0,cancelled,items_unavailable,system,
3647,11605,721,2025-04-08,115.0,delivered,,,2025-04-08 18:02:00
3648,11606,1143,2025-06-04,393.0,delivered,,,2025-06-04 07:55:00
3649,11607,59,2025-03-14,613.0,cancelled,payment_failed,system,
3650,11608,706,2025-05-02,1542.0,cancelled,late_delivery,customer,
3651,11611,646,2025-01-04,232.0,cancelled,address_issue,seller,
3652,11615,616,2025-04-23,1413.0,delivered,,,2025-04-23 23:00:00
3653,11616,985,2025-02-09,311.0,delivered,,,2025-02-09 08:40:00
3654,11617,800,2025-03-18,236.0,delivered,,,2025-03-18 12:51:00
3655,11618,343,2025-05-06,230.0,cancelled,late_delivery,customer,
3656,11621,242,2025-02-17,607.0,delivered,,,2025-02-17 19:22:00
3657,11625,493,2025-01-28,259.0,delivered,,,2025-01-28 14:40:00
3658,11635,757,2025-02-07,664.0,delivered,,,2025-02-07 09:14:00
3659,11640,816,2025-05-02,952.0,delivered,,,2025-05-02 16:19:00
3660,11647,450,2025-02-23,0,cancelled,substitute_rejected,customer,
3661,11654,892,2025-03-25,61.0,delivered,,,2025-03-25 07:32:00
3662,11656,471,2025-03-26,664.0,delivered,,,2025-03-26 13:52:00
3663,11659,1041,2025-01-13,282.0,delivered,,,2025-01-13 10:50:00
3664,11669,423,2025-02-28,715.0,delivered,,,2025-02-28 16:05:00
3665,11670,567,2025-02-07,2319.0,delivered,,,2025-02-07 16:43:00
3666,11672,371,2025-06-18,1611.0,cancelled,changed_mind,customer,
3667,11678,80,2025-05-04,747.0,delivered,,,2025-05-04 08:51:00
3668,11689,429,2025-01-10,92.0,delivered,,,2025-01-10 22:16:00
3669,11690,534,2025-06-29,170.0,delivered,,,2025-06-30 00:46:00
3670,11691,178,2025-02-10,143.0,delivered,,,2025-02-10 08:51:00
3671,11695,492,2025-04-04,911.0,delivered,,,2025-04-04 12:15:00
3672,11699,1012,2025-01-25,254.0,delivered,,,2025-01-26 00:11:00
3673,11700,870,2025-05-05,1668.0,delivered,,,2025-05-05 08:55:00
3674,11701,301,2025-03-04,928.0,delivered,,,2025-03-04 19:10:00
3675,11704,233,2025-04-11,211.0,delivered,,,2025-04-11 11:06:00
3676,11720,1187,2025-05-28,156.0,cancelled,items_unavailable,seller,
3677,11722,398,2025-05-17,296.0,delivered,,,2025-05-17 17:46:00
3678,11727,999,2025-04-18,316.0,delivered,,,2025-04-18 17:14:00
3679,11728,917,2025-02-02,174.0,delivered,,,2025-02-02 12:38:00
3680,11729,124,2025-05-31,664.0,delivered,,,2025-05-31 20:42:00
3681,11738,593,2025-06-27,393.0,delivered,,,2025-06-27 20:24:00
3682,11740,423,2025-01-02,1279.0,delivered,,,2025-01-02 11:41:00
3683,11746,248,2025-03-03,895.0,delivered,,,2025-03-03 23:06:00
3684,11748,518,2025-03-22,1803.0,cancelled,address_issue,seller,
3685,11750,579,2025-05-24,532.0,delivered,,,2025-05-24 16:46:00
3686,11758,101,2025-05-29,1487.0,delivered,,,2025-05-29 09:52:00
3687,11760,323,2025-04-07,618.0,delivered,,,2025-04-07 08:51:00
3688,11761,628,2025-01-05,674.0,delivered,,,2025-01-05 08:09:00
3689,11762,216,2025-04-14,303.0,delivered,,,2025-04-14 07:16:00
3690,11764,268,2025-03-17,891.0,delivered,,,2025-03-17 23:08:00
3691,11765,141,2025-02-16,135.0,delivered,,,2025-02-16 09:32:00
3692,11766,617,2025-01-22,1978.0,delivered,,,2025-01-22 08:04:00
3693,11767,536,2025-03-29,710.0,delivered,,,2025-03-29 10:02:00
3694,11772,194,2025-02-11,61.0,delivered,,,2025-02-11 12:09:00
3695,11776,109,2025-04-11,3491.0,delivered,,,2025-04-11 16:23:00
3696,11777,187,2025-06-02,1753.0,delivered,,,2025-06-02 14:38:00
3697,11779,896,2025-03-10,97.0,delivered,,,2025-03-10 17:35:00
3698,11781,345,2025-06-12,429.0,delivered,,,2025-06-12 21:46:00
3699,11786,46,2025-03-03,664.0,delivered,,,2025-03-03 13:36:00
3700,11787,213,2025-03-26,888.0,delivered,,,2025-03-26 18:20:00
3701,11789,15,2025-04-23,851.0,delivered,,,2025-04-23 12:42:00
3702,11794,219,2025-06-13,576.0,delivered,,,2025-06-13 07:29:00
3703,11804,849,2025-06-26,309.0,cancelled,changed_mind,customer,
3704,11808,232,2025-06-18,2496.0,delivered,,,2025-06-19 01:01:00
3705,11811,904,2025-02-24,434.0,delivered,,,2025-02-24 20:07:00
3706,11813,10,2025-04-19,0,cancelled,substitute_rejected,customer,
3707,11814,345,2025-01-12,240.0,delivered,,,2025-01-12 19:23:00
3708,11816,1152,2025-05-14,88.0,delivered,,,2025-05-14 09:06:00
3709,11824,241,2025-01-06,236.0,delivered,,,2025-01-06 07:41:00
3710,11828,770,2025-01-26,676.0,delivered,,,2025-01-26 11:27:00
3711,11829,1119,2025-01-08,0,cancelled,items_unavailable,system,
3712,11834,503,2025-06-17,324.0,delivered,,,2025-06-17 13:51:00
3713,11838,343,2025-02-08,606.0,delivered,,,2025-02-08 17:03:00
3714,11841,137,2025-02-13,1332.0,delivered,,,2025-02-13 22:36:00
3715,11843,994,2025-02-23,1458.0,cancelled,late_delivery,customer,
3716,11845,506,2025-02-21,992.0,delivered,,,2025-02-21 14:03:00
3717,11847,35,2025-03-26,187.0,delivered,,,2025-03-26 23:29:00
3718,11850,926,2025-01-24,936.0,delivered,,,2025-01-24 14:56:00
3719,11857,751,2025-04-26,84.0,delivered,,,2025-04-26 09:12:00
3720,11858,343,2025-05-04,1334.0,cancelled,late_delivery,customer,
3721,11862,1073,2025-02-24,1372.0,delivered,,,2025-02-24 18:41:00
3722,11865,790,2025-01-12,60.0,delivered,,,2025-01-12 12:54:00
3723,11873,689,2025-01-25,156.0,delivered,,,2025-01-25 12:29:00
3724,11874,494,2025-04-29,561.0,delivered,,,2025-04-29 22:14:00
3725,11875,707,2025-01-31,460.0,delivered,,,2025-01-31 20:52:00
3726,11878,437,2025-02-03,465.0,delivered,,,2025-02-03 10:38:00
3727,11882,1098,2025-01-28,2250.0,delivered,,,2025-01-28 14:59:00
3728,11885,830,2025-05-01,654.0,delivered,,,2025-05-01 18:58:00
3729,11891,579,2025-02-11,942.0,cancelled,items_unavailable,seller,
3730,11894,4,2025-03-09,448.0,delivered,,,2025-03-09 08:58:00
3731,11895,124,2025-01-08,230.0,cancelled,items_unavailable,seller,
3732,11898,684,2025-05-05,618.0,delivered,,,2025-05-05 21:42:00
3733,11901,320,2025-05-19,147.0,delivered,,,2025-05-20 01:02:00
3734,11911,58,2025-04-19,1229.0,delivered,,,2025-04-19 07:33:00
3735,11915,593,2025-06-16,209.0,delivered,,,2025-06-17 00:00:00
3736,11917,422,2025-05-07,455.0,delivered,,,2025-05-07 10:16:00
3737,11922,285,2025-05-15,124.0,cancelled,payment_failed,system,
3738,11923,771,2025-01-01,115.0,delivered,,,2025-01-01 07:20:00
3739,11924,40,2025-05-29,327.0,delivered,,,2025-05-29 10:25:00
3740,11928,951,2025-06-18,336.0,delivered,,,2025-06-18 21:19:00
3741,11929,606,2025-06-11,147.0,delivered,,,2025-06-11 08:52:00
3742,11932,967,2025-01-02,1008.0,delivered,,,2025-01-02 23:23:00
3743,11933,850,2025-01-10,297.0,delivered,,,2025-01-10 21:03:00
3744,11935,967,2025-04-09,1825.0,delivered,,,2025-04-09 17:10:00
3745,11937,1049,2025-01-08,187.0,delivered,,,2025-01-08 12:21:00
3746,11942,521,2025-03-23,576.0,delivered,,,2025-03-23 12:55:00
3747,11944,559,2025-06-22,0,cancelled,items_unavailable,system,
3748,11949,455,2025-05-21,787.0,delivered,,,2025-05-21 18:33:00
3749,11950,1002,2025-01-14,303.0,delivered,,,2025-01-14 06:56:00
3750,11952,516,2025-04-08,155.0,cancelled,changed_mind,customer,
3751,11955,679,2025-04-06,155.0,delivered,,,2025-04-06 10:06:00
3752,11961,1018,2025-06-02,88.0,delivered,,,2025-06-02 13:26:00
3753,11967,869,2025-06-27,440.0,delivered,,,2025-06-27 18:09:00
3754,11978,1059,2025-05-30,185.0,delivered,,,2025-05-31 00:32:00
3755,11979,226,2025-03-08,224.0,delivered,,,2025-03-08 21:55:00
3756,11982,379,2025-04-14,130.0,delivered,,,2025-04-14 06:42:00
3757,11991,574,2025-02-13,1233.0,cancelled,substitute_rejected,customer,
3758,11992,788,2025-03-01,383.0,delivered,,,2025-03-01 18:14:00
3759,11995,398,2025-01-03,531.0,cancelled,substitute_rejected,customer,
3760,12000,24,2025-02-09,929.0,delivered,,,2025-02-10 00:16:00
3761,12001,333,2025-04-18,377.0,cancelled,substitute_rejected,customer,
3762,12002,1186,2025-02-02,599.0,delivered,,,2025-02-02 16:42:00
3763,12004,795,2025-05-14,605.0,delivered,,,2025-05-15 00:55:00
3764,12009,688,2025-04-03,652.0,delivered,,,2025-04-03 17:42:00
3765,12015,442,2025-01-27,444.0,delivered,,,2025-01-27 11:20:00
3766,12017,909,2025-02-24,622.0,delivered,,,2025-02-24 21:44:00
3767,12021,623,2025-01-26,210.0,delivered,,,2025-01-26 18:10:00
3768,12031,883,2025-01-31,740.0,delivered,,,2025-01-31 22:41:00
3769,12033,683,2025-01-21,1303.0,delivered,,,2025-01-21 07:32:00
3770,12037,898,2025-02-08,236.0,delivered,,,2025-02-08 18:57:00
3771,12042,410,2025-04-24,753.0,delivered,,,2025-04-24 20:37:00
3772,12049,193,2025-06-14,499.0,delivered,,,2025-06-14 16:38:00
3773,12052,363,2025-04-21,664.0,delivered,,,2025-04-21 22:51:00
3774,12053,1086,2025-03-10,186.0,delivered,,,2025-03-10 11:23:00
3775,12055,535,2025-04-03,2000.0,cancelled,substitute_rejected,customer,
3776,12058,867,2025-03-04,860.0,cancelled,items_unavailable,seller,
3777,12062,1038,2025-02-01,49.0,delivered,,,2025-02-01 20:47:00
3778,12065,65,2025-03-23,2253.0,delivered,,,2025-03-24 00:50:00
3779,12074,276,2025-01-23,586.0,delivered,,,2025-01-23 14:05:00
3780,12078,720,2025-01-28,1026.0,delivered,,,2025-01-29 00:57:00
3781,12081,638,2025-01-10,884.0,delivered,,,2025-01-10 09:44:00
3782,12084,74,2025-03-22,472.0,cancelled,items_unavailable,seller,
3783,12085,314,2025-03-06,622.0,delivered,,,2025-03-06 17:02:00
3784,12086,601,2025-05-03,423.0,delivered,,,2025-05-03 21:31:00
3785,12088,170,2025-04-06,748.0,delivered,,,2025-04-06 11:31:00
3786,12092,119,2025-02-10,518.0,delivered,,,2025-02-11 01:27:00
3787,12094,1061,2025-01-09,885.0,delivered,,,2025-01-09 10:33:00
3788,12096,355,2025-01-07,795.0,cancelled,late_delivery,customer,
3789,12099,489,2025-06-25,620.0,delivered,,,2025-06-25 07:31:00
3790,12106,643,2025-06-01,664.0,cancelled,payment_failed,system,
3791,12108,488,2025-06-18,236.0,delivered,,,2025-06-18 16:18:00
3792,12117,440,2025-05-14,555.0,cancelled,items_unavailable,seller,
3793,12118,506,2025-04-26,589.0,delivered,,,2025-04-26 14:09:00
3794,12119,547,2025-04-06,1420.0,delivered,,,2025-04-06 11:52:00
3795,12121,754,2025-01-25,1301.0,delivered,,,2025-01-25 11:31:00
3796,12124,1154,2025-01-20,737.0,delivered,,,2025-01-20 12:24:00
3797,12128,219,2025-02-02,266.0,delivered,,,2025-02-02 17:14:00
3798,12132,1119,2025-06-26,156.0,delivered,,,2025-06-26 10:13:00
3799,12134,933,2025-04-23,314.0,delivered,,,2025-04-23 14:03:00
3800,12136,220,2025-03-06,2733.0,delivered,,,2025-03-06 11:38:00
3801,12140,152,2025-06-27,972.0,delivered,,,2025-06-27 08:09:00
3802,12142,226,2025-01-13,617.0,delivered,,,2025-01-13 16:03:00
3803,12143,74,2025-02-24,810.0,delivered,,,2025-02-24 18:11:00
3804,12145,1175,2025-01-06,506.0,delivered,,,2025-01-06 08:54:00
3805,12146,830,2025-05-25,1311.0,delivered,,,2025-05-25 10:40:00
3806,12147,357,2025-03-15,2579.0,delivered,,,2025-03-15 21:45:00
3807,12149,524,2025-01-03,327.0,delivered,,,2025-01-03 15:57:00
3808,12150,9,2025-02-15,396.0,delivered,,,2025-02-15 20:31:00
3809,12154,646,2025-02-09,1511.0,delivered,,,2025-02-09 20:04:00
3810,12155,661,2025-01-25,0,delivered,,,2025-01-25 09:02:00
3811,12157,1150,2025-01-25,116.0,delivered,,,2025-01-25 06:58:00
3812,12161,463,2025-01-22,1064.0,cancelled,payment_failed,system,
3813,12162,1167,2025-03-20,805.0,delivered,,,2025-03-20 15:02:00
3814,12171,15,2025-01-13,2235.0,delivered,,,2025-01-13 09:10:00
3815,12179,536,2025-03-15,546.0,delivered,,,2025-03-15 16:28:00
3816,12180,740,2025-05-07,726.0,delivered,,,2025-05-07 10:04:00
3817,12181,491,2025-03-25,1581.0,delivered,,,2025-03-25 23:51:00
3818,12182,369,2025-05-16,115.0,delivered,,,2025-05-16 08:49:00
3819,12192,548,2025-02-02,90.0,delivered,,,2025-02-02 22:07:00
3820,12194,373,2025-04-03,880.0,cancelled,changed_mind,customer,
3821,12195,155,2025-06-19,622.0,delivered,,,2025-06-19 16:47:00
3822,12198,974,2025-01-27,232.0,delivered,,,2025-01-27 23:05:00
3823,12199,55,2025-04-10,1149.0,delivered,,,2025-04-10 10:38:00
3824,12202,1149,2025-06-05,614.0,delivered,,,2025-06-05 10:56:00
3825,12206,353,2025-04-16,0,cancelled,items_unavailable,system,
3826,12208,347,2025-01-25,664.0,delivered,,,2025-01-25 11:48:00
3827,12210,867,2025-01-13,1773.0,delivered,,,2025-01-13 16:18:00
3828,12212,1022,2025-03-14,622.0,delivered,,,2025-03-14 09:25:00
3829,12213,997,2025-05-25,85.0,cancelled,substitute_rejected,customer,
3830,12214,1055,2025-05-31,310.0,delivered,,,2025-06-01 01:20:00
3831,12220,254,2025-05-11,1007.0,delivered,,,2025-05-11 18:38:00
3832,12229,206,2025-05-08,612.0,delivered,,,2025-05-08 12:30:00
3833,12234,826,2025-02-27,318.0,delivered,,,2025-02-27 09:11:00
3834,12235,718,2025-05-23,0,cancelled,items_unavailable,system,
3835,12239,712,2025-04-16,93.0,delivered,,,2025-04-16 19:54:00
3836,12241,342,2025-05-27,423.0,delivered,,,2025-05-27 13:58:00
3837,12245,738,2025-06-15,1167.0,delivered,,,2025-06-15 23:21:00
3838,12246,836,2025-03-03,668.0,delivered,,,2025-03-04 00:28:00
3839,12249,337,2025-01-26,240.0,delivered,,,2025-01-26 14:40:00
3840,12253,173,2025-03-15,495.0,delivered,,,2025-03-15 12:19:00
3841,12255,58,2025-04-12,61.0,delivered,,,2025-04-12 11:39:00
3842,12256,933,2025-03-29,1034.0,delivered,,,2025-03-29 20:39:00
3843,12259,362,2025-05-18,156.0,delivered,,,2025-05-18 06:40:00
3844,12263,636,2025-03-27,37.0,delivered,,,2025-03-27 08:19:00
3845,12265,235,2025-02-15,336.0,delivered,,,2025-02-15 12:44:00
3846,12270,570,2025-06-29,791.0,delivered,,,2025-06-29 15:12:00
3847,12276,731,2025-01-30,0,cancelled,items_unavailable,system,
3848,12282,1068,2025-05-24,1988.0,delivered,,,2025-05-24 20:05:00
3849,12286,970,2025-04-08,156.0,delivered,,,2025-04-08 21:28:00
3850,12293,451,2025-01-26,1056.0,delivered,,,2025-01-26 16:13:00
3851,12298,244,2025-06-04,347.0,delivered,,,2025-06-04 07:32:00
3852,12299,208,2025-06-09,308.0,delivered,,,2025-06-09 14:32:00
3853,12300,499,2025-01-15,308.0,cancelled,late_delivery,customer,
3854,12305,701,2025-03-20,432.0,delivered,,,2025-03-20 20:53:00
3855,12313,522,2025-05-22,744.0,delivered,,,2025-05-22 08:28:00
3856,12314,595,2025-04-17,61.0,delivered,,,2025-04-17 10:40:00
3857,12315,727,2025-02-01,36.0,delivered,,,2025-02-01 09:08:00
3858,12319,736,2025-03-20,303.0,delivered,,,2025-03-20 15:33:00
3859,12335,1109,2025-05-22,549.0,delivered,,,2025-05-22 15:24:00
3860,12339,686,2025-02-17,94.0,cancelled,items_unavailable,seller,
3861,12347,963,2025-02-15,296.0,delivered,,,2025-02-16 01:00:00
3862,12350,1100,2025-06-22,1387.0,delivered,,,2025-06-22 16:16:00
3863,12353,277,2025-03-27,796.0,delivered,,,2025-03-27 16:02:00
3864,12354,479,2025-04-04,1899.0,delivered,,,2025-04-04 20:12:00
3865,12357,23,2025-04-08,1192.0,delivered,,,2025-04-08 21:35:00
3866,12361,836,2025-06-16,1501.0,cancelled,substitute_rejected,customer,
3867,12362,1104,2025-05-30,182.0,cancelled,payment_failed,system,
3868,12363,469,2025-01-24,0,cancelled,items_unavailable,system,
3869,12365,35,2025-05-29,45.0,delivered,,,2025-05-29 10:12:00
3870,12367,622,2025-05-07,0,cancelled,items_unavailable,system,
3871,12372,1094,2025-03-02,1028.0,delivered,,,2025-03-02 12:49:00
3872,12373,727,2025-04-01,125.0,delivered,,,2025-04-01 13:44:00
3873,12374,145,2025-01-29,438.0,delivered,,,2025-01-29 19:33:00
3874,12375,857,2025-03-14,798.0,delivered,,,2025-03-14 22:00:00
3875,12377,407,2025-03-12,720.0,delivered,,,2025-03-12 12:12:00
3876,12378,684,2025-05-25,108.0,delivered,,,2025-05-25 19:37:00
3877,12379,1056,2025-06-21,124.0,delivered,,,2025-06-21 14:54:00
3878,12385,722,2025-01-07,102.0,delivered,,,2025-01-07 11:46:00
3879,12387,365,2025-05-12,125.0,delivered,,,2025-05-12 13:41:00
3880,12388,781,2025-03-07,438.0,delivered,,,2025-03-07 19:31:00
3881,12389,414,2025-02-15,530.0,delivered,,,2025-02-15 19:32:00
3882,12393,990,2025-02-10,44.0,delivered,,,2025-02-10 12:21:00
3883,12395,87,2025-06-03,423.0,delivered,,,2025-06-03 12:45:00
3884,12399,479,2025-04-10,238.0,delivered,,,2025-04-10 09:12:00
3885,12405,107,2025-01-11,423.0,delivered,,,2025-01-11 13:06:00
3886,12408,890,2025-06-26,232.0,delivered,,,2025-06-26 20:27:00
3887,12409,1031,2025-01-23,1051.0,delivered,,,2025-01-23 17:32:00
3888,12412,878,2025-01-06,322.0,delivered,,,2025-01-06 15:11:00
3889,12416,105,2025-04-27,303.0,delivered,,,2025-04-27 18:26:00
3890,12417,186,2025-01-23,610.0,delivered,,,2025-01-23 11:07:00
3891,12418,234,2025-04-06,327.0,delivered,,,2025-04-07 00:24:00
3892,12422,260,2025-01-06,321.0,delivered,,,2025-01-06 09:27:00
3893,12429,643,2025-05-05,296.0,delivered,,,2025-05-05 16:38:00
3894,12432,542,2025-06-15,49.0,delivered,,,2025-06-15 19:14:00
3895,12436,787,2025-02-25,808.0,delivered,,,2025-02-25 17:45:00
3896,12441,837,2025-05-08,852.0,delivered,,,2025-05-08 20:54:00
3897,12445,950,2025-04-10,737.0,delivered,,,2025-04-10 10:33:00
3898,12446,177,2025-04-22,374.0,delivered,,,2025-04-22 19:25:00
3899,12451,678,2025-06-06,1328.0,delivered,,,2025-06-06 08:44:00
3900,12458,1051,2025-01-24,115.0,delivered,,,2025-01-24 13:38:00
3901,12459,361,2025-03-04,120.0,delivered,,,2025-03-04 13:20:00
3902,12463,1096,2025-02-22,97.0,delivered,,,2025-02-22 19:22:00
3903,12468,1197,2025-06-26,50.0,delivered,,,2025-06-26 17:42:00
3904,12471,188,2025-05-28,1377.0,delivered,,,2025-05-28 12:30:00
3905,12481,154,2025-05-01,2389.0,delivered,,,2025-05-01 20:41:00
3906,12485,173,2025-06-01,311.0,delivered,,,2025-06-01 13:50:00
3907,12491,533,2025-04-01,2224.0,delivered,,,2025-04-01 13:00:00
3908,12495,621,2025-04-29,927.0,cancelled,substitute_rejected,customer,
3909,12509,476,2025-06-11,1346.0,delivered,,,2025-06-11 18:03:00
3910,12514,588,2025-01-23,874.0,cancelled,changed_mind,customer,
3911,12516,803,2025-06-16,208.0,delivered,,,2025-06-16 16:22:00
3912,12519,884,2025-03-15,826.0,delivered,,,2025-03-15 15:40:00
3913,12521,520,2025-04-06,664.0,delivered,,,2025-04-06 09:17:00
3914,12524,485,2025-04-15,44.0,delivered,,,2025-04-15 20:55:00
3915,12526,721,2025-02-12,2912.0,delivered,,,2025-02-12 15:15:00
3916,12528,416,2025-05-16,1162.0,delivered,,,2025-05-16 08:25:00
3917,12532,1039,2025-02-06,393.0,delivered,,,2025-02-06 18:32:00
3918,12538,446,2025-03-25,1839.0,delivered,,,2025-03-25 18:19:00
3919,12539,671,2025-01-12,2054.0,delivered,,,2025-01-12 08:07:00
3920,12544,268,2025-05-03,980.0,delivered,,,2025-05-03 09:08:00
3921,12545,497,2025-01-31,311.0,delivered,,,2025-01-31 12:51:00
3922,12548,151,2025-06-05,1899.0,delivered,,,2025-06-05 16:16:00
3923,12554,65,2025-02-24,566.0,cancelled,payment_failed,system,
3924,12559,1030,2025-02-01,594.0,delivered,,,2025-02-01 18:17:00
3925,12560,86,2025-03-18,963.0,delivered,,,2025-03-18 13:35:00
3926,12561,263,2025-04-16,1286.0,delivered,,,2025-04-16 20:10:00
3927,12563,850,2025-01-24,251.0,delivered,,,2025-01-24 11:13:00
3928,12564,1050,2025-04-12,70.0,delivered,,,2025-04-12 22:39:00
3929,12565,537,2025-06-15,621.0,delivered,,,2025-06-15 23:38:00
3930,12566,897,2025-02-05,386.0,delivered,,,2025-02-05 22:24:00
3931,12567,226,2025-03-12,0,delivered,,,2025-03-12 12:18:00
3932,12572,638,2025-03-11,559.0,delivered,,,2025-03-11 16:11:00
3933,12574,880,2025-01-04,1172.0,delivered,,,2025-01-04 15:49:00
3934,12575,382,2025-01-21,1046.0,delivered,,,2025-01-21 12:32:00
3935,12577,590,2025-01-15,460.0,delivered,,,2025-01-15 21:53:00
3936,12579,983,2025-03-19,354.0,delivered,,,2025-03-19 11:06:00
3937,12583,840,2025-05-11,413.0,delivered,,,2025-05-11 18:05:00
3938,12585,79,2025-06-04,1704.0,delivered,,,2025-06-04 09:25:00
3939,12589,896,2025-03-15,1138.0,delivered,,,2025-03-15 15:38:00
3940,12591,336,2025-02-23,586.0,delivered,,,2025-02-23 20:54:00
3941,12593,1034,2025-01-25,580.0,delivered,,,2025-01-25 21:03:00
3942,12598,1075,2025-05-06,548.0,cancelled,substitute_rejected,customer,
3943,12600,336,2025-05-25,380.0,delivered,,,2025-05-25 10:58:00
3944,12605,350,2025-01-06,510.0,delivered,,,2025-01-06 12:18:00
3945,12609,1125,2025-02-17,230.0,delivered,,,2025-02-17 19:06:00
3946,12610,1031,2025-06-13,44.0,delivered,,,2025-06-13 13:15:00
3947,12611,1155,2025-04-12,555.0,delivered,,,2025-04-12 18:09:00
3948,12613,180,2025-06-06,1030.0,delivered,,,2025-06-06 23:20:00
3949,12615,161,2025-02-13,887.0,delivered,,,2025-02-13 21:08:00
3950,12616,685,2025-05-11,61.0,delivered,,,2025-05-11 19:04:00
3951,12617,1063,2025-03-11,240.0,delivered,,,2025-03-11 13:27:00
3952,12619,503,2025-06-16,452.0,delivered,,,2025-06-16 16:58:00
3953,12621,305,2025-05-02,296.0,delivered,,,2025-05-02 17:44:00
3954,12625,638,2025-04-02,207.0,delivered,,,2025-04-02 12:36:00
3955,12627,218,2025-03-25,1940.0,delivered,,,2025-03-25 17:17:00
3956,12628,1195,2025-06-21,426.0,delivered,,,2025-06-21 12:17:00
3957,12631,990,2025-03-19,622.0,delivered,,,2025-03-19 16:12:00
3958,12635,661,2025-01-26,774.0,delivered,,,2025-01-26 23:39:00
3959,12640,291,2025-06-15,91.0,delivered,,,2025-06-15 15:31:00
3960,12641,278,2025-03-29,44.0,delivered,,,2025-03-30 00:25:00
3961,12642,746,2025-02-04,1609.0,delivered,,,2025-02-04 12:38:00
3962,12644,577,2025-05-15,414.0,cancelled,changed_mind,customer,
3963,12647,401,2025-03-07,1120.0,delivered,,,2025-03-08 00:35:00
3964,12648,607,2025-06-01,1418.0,delivered,,,2025-06-01 21:10:00
3965,12650,317,2025-06-23,1584.0,delivered,,,2025-06-23 11:39:00
3966,12655,638,2025-01-29,748.0,delivered,,,2025-01-29 19:39:00
3967,12660,1002,2025-04-26,1660.0,delivered,,,2025-04-26 11:21:00
3968,12662,284,2025-04-25,4546.0,delivered,,,2025-04-25 10:33:00
3969,12665,1055,2025-01-25,1846.0,delivered,,,2025-01-25 10:44:00
3970,12669,739,2025-06-14,2379.0,delivered,,,2025-06-14 12:56:00
3971,12670,741,2025-05-02,746.0,delivered,,,2025-05-02 15:18:00
3972,12671,248,2025-02-25,288.0,delivered,,,2025-02-25 16:33:00
3973,12674,555,2025-01-31,0,cancelled,substitute_rejected,customer,
3974,12678,351,2025-03-01,1599.0,cancelled,substitute_rejected,customer,
3975,12680,359,2025-06-06,761.0,delivered,,,2025-06-06 14:17:00
3976,12681,930,2025-03-06,518.0,delivered,,,2025-03-06 13:37:00
3977,12689,487,2025-03-24,664.0,delivered,,,2025-03-24 09:23:00
3978,12694,201,2025-04-24,501.0,cancelled,items_unavailable,seller,
3979,12695,1110,2025-06-23,767.0,delivered,,,2025-06-23 18:48:00
3980,12696,1084,2025-03-14,816.0,delivered,,,2025-03-14 18:56:00
3981,12699,109,2025-03-20,593.0,delivered,,,2025-03-20 12:21:00
3982,12700,312,2025-06-20,240.0,delivered,,,2025-06-20 22:31:00
3983,12706,668,2025-06-29,147.0,delivered,,,2025-06-29 07:50:00
3984,12710,1187,2025-04-17,1479.0,delivered,,,2025-04-17 21:55:00
3985,12711,373,2025-05-29,1122.0,delivered,,,2025-05-29 19:30:00
3986,12715,180,2025-05-11,1119.0,delivered,,,2025-05-11 09:01:00
3987,12720,1045,2025-04-16,83.0,delivered,,,2025-04-16 16:24:00
3988,12721,877,2025-02-07,924.0,delivered,,,2025-02-07 15:11:00
3989,12726,830,2025-03-15,1896.0,delivered,,,2025-03-15 18:23:00
3990,12730,538,2025-05-19,942.0,delivered,,,2025-05-20 00:23:00
3991,12733,23,2025-06-07,556.0,cancelled,substitute_rejected,customer,
3992,12734,732,2025-04-19,297.0,delivered,,,2025-04-19 12:45:00
3993,12739,274,2025-04-03,175.0,delivered,,,2025-04-03 16:52:00
3994,12742,706,2025-06-01,207.0,delivered,,,2025-06-01 12:02:00
3995,12744,109,2025-05-16,136.0,delivered,,,2025-05-16 19:41:00
3996,12746,596,2025-06-04,111.0,delivered,,,2025-06-04 10:09:00
3997,12750,615,2025-06-11,338.0,cancelled,late_delivery,customer,
3998,12760,1146,2025-06-04,476.0,delivered,,,2025-06-04 19:27:00
3999,12762,739,2025-03-22,928.0,delivered,,,2025-03-22 12:38:00
4000,12763,361,2025-03-16,91.0,delivered,,,2025-03-16 10:51:00
4001,12770,28,2025-04-15,327.0,delivered,,,2025-04-15 23:18:00
4002,12772,1007,2025-03-27,789.0,delivered,,,2025-03-27 10:17:00
4003,12776,839,2025-05-03,1647.0,delivered,,,2025-05-03 08:10:00
4004,12777,337,2025-05-12,1538.0,delivered,,,2025-05-12 11:59:00
4005,12780,480,2025-03-23,649.0,delivered,,,2025-03-23 12:40:00
4006,12781,1143,2025-02-26,605.0,delivered,,,2025-02-27 00:45:00
4007,12786,427,2025-01-03,3524.0,delivered,,,2025-01-03 19:33:00
4008,12787,66,2025-05-05,115.0,delivered,,,2025-05-05 10:22:00
4009,12791,460,2025-06-02,664.0,delivered,,,2025-06-02 13:58:00
4010,12793,669,2025-02-26,1406.0,delivered,,,2025-02-26 17:35:00
4011,12794,275,2025-05-29,76.0,delivered,,,2025-05-29 14:08:00
4012,12797,408,2025-06-14,186.0,delivered,,,2025-06-14 11:34:00
4013,12798,783,2025-03-04,559.0,delivered,,,2025-03-04 22:22:00
4014,12800,1108,2025-05-26,296.0,delivered,,,2025-05-26 09:29:00
4015,12801,420,2025-05-21,913.0,delivered,,,2025-05-21 11:12:00
4016,12805,254,2025-01-12,926.0,delivered,,,2025-01-12 14:25:00
4017,12809,20,2025-05-03,31.0,delivered,,,2025-05-03 19:55:00
4018,12810,199,2025-05-28,570.0,delivered,,,2025-05-28 23:03:00
4019,12811,1086,2025-05-18,460.0,delivered,,,2025-05-18 16:15:00
4020,12817,160,2025-04-14,288.0,delivered,,,2025-04-14 22:09:00
4021,12820,682,2025-04-22,518.0,delivered,,,2025-04-23 01:14:00
4022,12823,1096,2025-05-07,592.0,cancelled,items_unavailable,seller,
4023,12824,799,2025-04-03,91.0,delivered,,,2025-04-04 00:44:00
4024,12827,597,2025-01-23,44.0,delivered,,,2025-01-23 17:17:00
4025,12829,74,2025-06-28,549.0,delivered,,,2025-06-29 00:57:00
4026,12830,1057,2025-05-25,310.0,delivered,,,2025-05-25 19:40:00
4027,12832,1093,2025-03-11,2659.0,delivered,,,2025-03-11 19:09:00
4028,12833,864,2025-01-20,650.0,delivered,,,2025-01-20 19:53:00
4029,12834,1084,2025-01-27,60.0,delivered,,,2025-01-27 13:17:00
4030,12835,355,2025-04-23,664.0,delivered,,,2025-04-23 15:38:00
4031,12837,845,2025-06-22,259.0,delivered,,,2025-06-22 20:25:00
4032,12840,485,2025-05-10,1675.0,delivered,,,2025-05-10 09:37:00
4033,12844,161,2025-05-15,420.0,delivered,,,2025-05-15 14:54:00
4034,12845,824,2025-01-15,857.0,delivered,,,2025-01-15 16:37:00
4035,12846,852,2025-04-02,97.0,delivered,,,2025-04-02 23:55:00
4036,12849,249,2025-06-19,789.0,delivered,,,2025-06-19 09:21:00
4037,12851,11,2025-05-30,1188.0,delivered,,,2025-05-30 11:46:00
4038,12867,118,2025-05-02,313.0,delivered,,,2025-05-02 09:52:00
4039,12869,595,2025-01-18,1046.0,delivered,,,2025-01-18 11:50:00
4040,12871,687,2025-03-25,746.0,delivered,,,2025-03-25 20:25:00
4041,12875,83,2025-03-14,845.0,delivered,,,2025-03-15 00:51:00
4042,12881,907,2025-06-01,158.0,delivered,,,2025-06-01 18:55:00
4043,12888,147,2025-02-14,254.0,delivered,,,2025-02-14 23:19:00
4044,12889,1084,2025-06-29,679.0,delivered,,,2025-06-29 16:55:00
4045,12891,198,2025-02-09,334.0,delivered,,,2025-02-10 01:22:00
4046,12893,958,2025-04-18,1992.0,delivered,,,2025-04-18 11:40:00
4047,12896,17,2025-06-21,143.0,delivered,,,2025-06-21 18:46:00
4048,12898,136,2025-04-19,2289.0,delivered,,,2025-04-19 16:14:00
4049,12899,108,2025-04-05,1565.0,cancelled,payment_failed,system,
4050,12900,1001,2025-03-01,1036.0,cancelled,substitute_rejected,customer,
4051,12902,1069,2025-04-25,944.0,delivered,,,2025-04-25 19:44:00
4052,12904,773,2025-02-07,391.0,delivered,,,2025-02-07 23:16:00
4053,12907,1060,2025-02-24,143.0,delivered,,,2025-02-24 16:11:00
4054,12909,979,2025-02-20,156.0,delivered,,,2025-02-20 17:45:00
4055,12910,933,2025-04-12,116.0,delivered,,,2025-04-12 14:46:00
4056,12911,621,2025-04-15,502.0,delivered,,,2025-04-15 14:03:00
4057,12914,509,2025-02-15,143.0,delivered,,,2025-02-15 15:07:00
4058,12915,646,2025-06-06,207.0,delivered,,,2025-06-06 09:57:00
4059,12918,114,2025-04-20,665.0,delivered,,,2025-04-20 13:41:00
4060,12919,124,2025-02-16,179.0,delivered,,,2025-02-16 17:34:00
4061,12921,1129,2025-05-15,373.0,delivered,,,2025-05-15 07:50:00
4062,12923,110,2025-04-26,618.0,delivered,,,2025-04-26 21:16:00
4063,12926,588,2025-01-01,54.0,delivered,,,2025-01-01 23:51:00
4064,12930,1168,2025-06-09,731.0,delivered,,,2025-06-09 13:06:00
4065,12932,950,2025-02-10,232.0,delivered,,,2025-02-10 21:38:00
4066,12939,290,2025-06-23,2336.0,delivered,,,2025-06-23 09:25:00
4067,12944,736,2025-05-27,265.0,delivered,,,2025-05-27 12:16:00
4068,12945,690,2025-05-01,158.0,delivered,,,2025-05-01 11:04:00
4069,12946,292,2025-01-12,156.0,delivered,,,2025-01-12 18:53:00
4070,12947,1172,2025-04-25,358.0,delivered,,,2025-04-25 18:12:00
4071,12948,1098,2025-05-23,428.0,delivered,,,2025-05-23 23:00:00
4072,12949,643,2025-06-23,1337.0,delivered,,,2025-06-23 22:50:00
4073,12952,379,2025-01-11,592.0,delivered,,,2025-01-11 22:50:00
4074,12956,152,2025-01-18,310.0,cancelled,changed_mind,customer,
4075,12960,288,2025-06-25,296.0,delivered,,,2025-06-25 10:02:00
4076,12961,583,2025-03-10,154.0,delivered,,,2025-03-10 13:14:00
4077,12964,207,2025-03-28,303.0,cancelled,substitute_rejected,customer,
4078,12965,124,2025-04-05,757.0,delivered,,,2025-04-05 21:38:00
4079,12966,862,2025-06-19,194.0,delivered,,,2025-06-19 12:49:00
4080,12969,991,2025-05-14,296.0,delivered,,,2025-05-14 15:26:00
4081,12970,753,2025-06-28,476.0,delivered,,,2025-06-28 13:27:00
4082,12972,628,2025-03-08,1990.0,cancelled,changed_mind,customer,
4083,12974,239,2025-02-18,87.0,delivered,,,2025-02-18 09:45:00
4084,12984,665,2025-03-17,327.0,delivered,,,2025-03-17 23:13:00
4085,12987,1004,2025-02-10,294.0,cancelled,address_issue,seller,
4086,12991,575,2025-01-20,1182.0,delivered,,,2025-01-20 15:37:00
4087,12992,418,2025-01-08,621.0,delivered,,,2025-01-08 10:37:00
4088,12993,287,2025-03-02,371.0,delivered,,,2025-03-02 10:57:00
4089,12995,269,2025-06-12,905.0,delivered,,,2025-06-12 22:22:00
4090,12997,374,2025-01-12,350.0,delivered,,,2025-01-12 21:19:00
4091,13000,320,2025-06-12,240.0,delivered,,,2025-06-12 17:06:00
4092,13001,94,2025-01-10,463.0,delivered,,,2025-01-10 22:57:00
4093,13006,832,2025-02-11,338.0,delivered,,,2025-02-11 09:05:00
4094,13012,1103,2025-04-16,374.0,delivered,,,2025-04-16 13:33:00
4095,13017,615,2025-01-24,678.0,delivered,,,2025-01-25 00:24:00
4096,13019,353,2025-04-08,1622.0,delivered,,,2025-04-08 10:13:00
4097,13020,946,2025-06-17,0,cancelled,items_unavailable,system,
4098,13025,868,2025-06-14,36.0,delivered,,,2025-06-14 19:41:00
4099,13026,891,2025-01-18,984.0,delivered,,,2025-01-18 17:51:00
4100,13027,801,2025-02-04,968.0,cancelled,substitute_rejected,customer,
4101,13032,165,2025-02-21,0,cancelled,items_unavailable,system,
4102,13034,822,2025-01-13,423.0,delivered,,,2025-01-13 11:45:00
4103,13041,339,2025-03-16,996.0,cancelled,substitute_rejected,customer,
4104,13045,1113,2025-01-27,165.0,delivered,,,2025-01-27 07:02:00
4105,13049,1135,2025-03-04,960.0,delivered,,,2025-03-04 18:08:00
4106,13051,413,2025-05-31,2186.0,delivered,,,2025-06-01 00:52:00
4107,13052,571,2025-04-10,1861.0,delivered,,,2025-04-10 21:19:00
4108,13054,371,2025-06-06,684.0,delivered,,,2025-06-06 11:49:00
4109,13058,682,2025-03-20,596.0,delivered,,,2025-03-20 18:13:00
4110,13059,338,2025-04-01,888.0,delivered,,,2025-04-01 07:53:00
4111,13069,715,2025-01-29,61.0,delivered,,,2025-01-29 23:45:00
4112,13070,51,2025-05-29,251.0,delivered,,,2025-05-29 17:33:00
4113,13074,1005,2025-03-14,327.0,delivered,,,2025-03-14 21:28:00
4114,13077,230,2025-06-19,158.0,delivered,,,2025-06-19 14:31:00
4115,13082,875,2025-03-17,2349.0,delivered,,,2025-03-17 15:36:00
4116,13083,304,2025-01-13,423.0,delivered,,,2025-01-13 10:46:00
4117,13086,729,2025-06-14,674.0,delivered,,,2025-06-14 22:59:00
4118,13087,708,2025-03-23,1177.0,delivered,,,2025-03-23 17:50:00
4119,13094,745,2025-05-08,880.0,delivered,,,2025-05-08 22:42:00
4120,13097,445,2025-04-08,1693.0,delivered,,,2025-04-08 10:41:00
4121,13104,165,2025-01-15,192.0,delivered,,,2025-01-15 10:25:00
4122,13105,31,2025-01-30,459.0,delivered,,,2025-01-30 20:20:00
4123,13108,661,2025-06-22,423.0,delivered,,,2025-06-22 20:09:00
4124,13109,359,2025-01-04,398.0,delivered,,,2025-01-04 17:04:00
4125,13113,489,2025-04-17,693.0,delivered,,,2025-04-17 10:29:00
4126,13128,471,2025-06-08,0,cancelled,items_unavailable,system,
4127,13131,892,2025-05-31,127.0,delivered,,,2025-05-31 11:02:00
4128,13137,55,2025-02-14,312.0,delivered,,,2025-02-15 01:07:00
4129,13144,1057,2025-05-15,1617.0,delivered,,,2025-05-15 10:36:00
4130,13146,61,2025-02-28,480.0,delivered,,,2025-02-28 16:43:00
4131,13148,358,2025-06-15,390.0,delivered,,,2025-06-15 21:46:00
4132,13151,529,2025-03-20,606.0,delivered,,,2025-03-21 00:35:00
4133,13152,897,2025-01-26,599.0,delivered,,,2025-01-26 10:43:00
4134,13155,877,2025-05-27,180.0,delivered,,,2025-05-27 18:18:00
4135,13156,92,2025-04-04,667.0,delivered,,,2025-04-04 19:41:00
4136,13157,1053,2025-01-07,379.0,delivered,,,2025-01-07 23:05:00
4137,13161,836,2025-02-03,143.0,delivered,,,2025-02-03 18:37:00
4138,13162,1145,2025-03-16,206.0,delivered,,,2025-03-16 09:44:00
4139,13165,954,2025-06-28,341.0,delivered,,,2025-06-28 08:27:00
4140,13166,517,2025-03-11,519.0,cancelled,changed_mind,customer,
4141,13169,970,2025-04-05,572.0,delivered,,,2025-04-05 08:24:00
4142,13173,542,2025-06-22,2515.0,delivered,,,2025-06-22 10:46:00
4143,13175,326,2025-05-22,491.0,delivered,,,2025-05-22 13:57:00
4144,13179,929,2025-06-13,798.0,delivered,,,2025-06-13 14:23:00
4145,13182,428,2025-02-02,584.0,delivered,,,2025-02-03 00:23:00
4146,13186,871,2025-06-23,455.0,cancelled,address_issue,seller,
4147,13193,766,2025-02-03,1128.0,delivered,,,2025-02-03 14:33:00
4148,13195,387,2025-04-03,578.0,delivered,,,2025-04-03 11:02:00
4149,13201,988,2025-03-06,301.0,delivered,,,2025-03-06 08:02:00
4150,13214,707,2025-03-30,1150.0,delivered,,,2025-03-30 14:42:00
4151,13215,169,2025-04-28,374.0,delivered,,,2025-04-28 10:51:00
4152,13216,307,2025-04-06,236.0,delivered,,,2025-04-06 10:18:00
4153,13217,891,2025-04-23,785.0,delivered,,,2025-04-23 09:55:00
4154,13218,1182,2025-06-27,296.0,delivered,,,2025-06-27 19:39:00
4155,13219,425,2025-05-27,345.0,delivered,,,2025-05-27 18:58:00
4156,13224,345,2025-04-09,349.0,delivered,,,2025-04-09 21:20:00
4157,13229,868,2025-03-27,254.0,delivered,,,2025-03-27 14:23:00
4158,13236,464,2025-05-25,1358.0,delivered,,,2025-05-25 22:10:00
4159,13241,1159,2025-04-26,762.0,delivered,,,2025-04-26 12:05:00
4160,13242,650,2025-02-12,540.0,delivered,,,2025-02-12 22:22:00
4161,13250,951,2025-01-21,1376.0,delivered,,,2025-01-21 23:26:00
4162,13253,829,2025-05-12,115.0,delivered,,,2025-05-12 16:19:00
4163,13254,594,2025-05-28,100.0,delivered,,,2025-05-28 23:32:00
4164,13255,633,2025-06-10,1359.0,delivered,,,2025-06-10 20:33:00
4165,13256,20,2025-01-21,1453.0,delivered,,,2025-01-21 20:22:00
4166,13258,211,2025-05-21,781.0,delivered,,,2025-05-21 22:25:00
4167,13259,251,2025-02-15,664.0,delivered,,,2025-02-15 16:33:00
4168,13261,1012,2025-03-06,444.0,delivered,,,2025-03-06 18:25:00
4169,13265,856,2025-03-22,72.0,delivered,,,2025-03-22 11:52:00
4170,13268,417,2025-06-26,186.0,delivered,,,2025-06-26 12:10:00
4171,13269,964,2025-05-22,285.0,delivered,,,2025-05-22 07:39:00
4172,13271,1197,2025-06-18,1256.0,delivered,,,2025-06-18 19:35:00
4173,13273,1029,2025-04-02,803.0,delivered,,,2025-04-02 17:07:00
4174,13275,177,2025-02-20,807.0,delivered,,,2025-02-20 20:32:00
4175,13276,141,2025-03-20,1049.0,delivered,,,2025-03-20 23:50:00
4176,13277,506,2025-02-22,303.0,delivered,,,2025-02-22 22:24:00
4177,13279,268,2025-02-16,767.0,delivered,,,2025-02-16 20:19:00
4178,13283,345,2025-05-20,255.0,delivered,,,2025-05-20 13:53:00
4179,13284,314,2025-06-12,776.0,delivered,,,2025-06-12 12:21:00
4180,13285,547,2025-05-01,664.0,delivered,,,2025-05-01 12:23:00
4181,13293,560,2025-02-03,2639.0,delivered,,,2025-02-03 09:28:00
4182,13295,659,2025-03-04,143.0,delivered,,,2025-03-04 10:56:00
4183,13298,972,2025-05-15,286.0,delivered,,,2025-05-16 00:02:00
4184,13300,623,2025-01-22,777.0,delivered,,,2025-01-22 07:54:00
4185,13303,548,2025-03-19,1365.0,delivered,,,2025-03-19 11:00:00
4186,13304,591,2025-04-07,1190.0,delivered,,,2025-04-07 11:11:00
4187,13305,702,2025-05-18,72.0,delivered,,,2025-05-18 15:50:00
4188,13313,38,2025-01-22,599.0,delivered,,,2025-01-22 09:38:00
4189,13315,228,2025-04-27,911.0,delivered,,,2025-04-27 12:31:00
4190,13316,684,2025-02-01,260.0,delivered,,,2025-02-01 23:21:00
4191,13317,539,2025-03-07,303.0,cancelled,substitute_rejected,customer,
4192,13318,9,2025-06-04,296.0,delivered,,,2025-06-04 13:00:00
4193,13319,754,2025-02-03,439.0,delivered,,,2025-02-03 08:54:00
4194,13320,942,2025-02-28,159.0,delivered,,,2025-02-28 21:43:00
4195,13321,396,2025-01-18,312.0,delivered,,,2025-01-18 13:25:00
4196,13322,728,2025-05-24,909.0,delivered,,,2025-05-24 11:48:00
4197,13324,463,2025-02-07,305.0,delivered,,,2025-02-07 17:19:00
4198,13325,332,2025-01-12,61.0,cancelled,payment_failed,system,
4199,13326,1129,2025-01-05,504.0,delivered,,,2025-01-05 16:58:00
4200,13333,289,2025-05-07,0,cancelled,items_unavailable,system,
4201,13335,334,2025-05-11,154.0,delivered,,,2025-05-11 17:44:00
4202,13344,765,2025-05-15,1514.0,delivered,,,2025-05-15 17:21:00
4203,13345,229,2025-01-19,393.0,cancelled,changed_mind,customer,
4204,13346,969,2025-06-01,1962.0,delivered,,,2025-06-01 16:30:00
4205,13347,126,2025-05-30,108.0,delivered,,,2025-05-30 16:42:00
4206,13351,164,2025-06-01,155.0,delivered,,,2025-06-01 17:43:00
4207,13352,601,2025-03-16,0,cancelled,items_unavailable,system,
4208,13353,91,2025-05-27,224.0,delivered,,,2025-05-27 12:01:00
4209,13356,212,2025-05-12,1093.0,cancelled,changed_mind,customer,
4210,13357,957,2025-03-02,720.0,delivered,,,2025-03-02 23:58:00
4211,13359,1195,2025-02-02,753.0,delivered,,,2025-02-02 16:42:00
4212,13365,43,2025-03-01,345.0,delivered,,,2025-03-01 10:20:00
4213,13366,1070,2025-06-26,31.0,delivered,,,2025-06-26 10:44:00
4214,13367,642,2025-03-21,72.0,delivered,,,2025-03-21 22:21:00
4215,13368,271,2025-06-12,2514.0,delivered,,,2025-06-12 17:45:00
4216,13369,578,2025-01-15,97.0,delivered,,,2025-01-15 13:11:00
4217,13379,406,2025-01-11,549.0,delivered,,,2025-01-11 13:54:00
4218,13381,890,2025-04-01,499.0,delivered,,,2025-04-01 20:15:00
4219,13385,659,2025-06-14,786.0,delivered,,,2025-06-14 18:19:00
4220,13387,285,2025-04-29,599.0,delivered,,,2025-04-29 14:27:00
4221,13391,1149,2025-04-11,1308.0,delivered,,,2025-04-11 13:43:00
4222,13397,720,2025-05-27,576.0,delivered,,,2025-05-27 21:06:00
4223,13398,1116,2025-04-02,1328.0,delivered,,,2025-04-02 19:11:00
4224,13403,341,2025-01-15,322.0,delivered,,,2025-01-15 13:34:00
4225,13405,778,2025-01-05,125.0,delivered,,,2025-01-05 07:09:00
4226,13409,566,2025-03-02,193.0,delivered,,,2025-03-02 13:23:00
4227,13421,141,2025-06-05,686.0,delivered,,,2025-06-05 21:12:00
4228,13423,273,2025-02-06,950.0,delivered,,,2025-02-06 20:31:00
4229,13425,46,2025-06-21,187.0,delivered,,,2025-06-21 18:53:00
4230,13428,252,2025-01-01,662.0,delivered,,,2025-01-01 20:17:00
4231,13430,929,2025-05-11,418.0,delivered,,,2025-05-11 23:49:00
4232,13438,875,2025-02-21,36.0,delivered,,,2025-02-21 19:16:00
4233,13443,359,2025-04-10,726.0,delivered,,,2025-04-10 08:23:00
4234,13445,396,2025-04-11,1159.0,delivered,,,2025-04-12 00:07:00
4235,13446,532,2025-02-23,510.0,delivered,,,2025-02-23 19:14:00
4236,13449,657,2025-05-19,320.0,delivered,,,2025-05-19 17:03:00
4237,13451,105,2025-04-01,1241.0,delivered,,,2025-04-01 10:49:00
4238,13452,307,2025-03-24,309.0,delivered,,,2025-03-24 22:02:00
4239,13453,1066,2025-03-19,254.0,cancelled,payment_failed,system,
4240,13455,43,2025-01-19,911.0,delivered,,,2025-01-19 23:46:00
4241,13456,257,2025-02-11,836.0,delivered,,,2025-02-12 00:08:00
4242,13457,16,2025-02-18,887.0,delivered,,,2025-02-18 14:21:00
4243,13458,202,2025-01-31,1540.0,delivered,,,2025-01-31 09:42:00
4244,13461,804,2025-06-08,1310.0,delivered,,,2025-06-08 16:13:00
4245,13462,331,2025-03-24,0,cancelled,substitute_rejected,customer,
4246,13463,1102,2025-01-31,526.0,delivered,,,2025-01-31 22:24:00
4247,13464,781,2025-05-12,31.0,delivered,,,2025-05-12 19:31:00
4248,13482,44,2025-01-24,62.0,delivered,,,2025-01-24 13:43:00
4249,13489,136,2025-05-04,296.0,cancelled,late_delivery,customer,
4250,13494,520,2025-06-06,393.0,delivered,,,2025-06-06 09:19:00
4251,13495,1026,2025-05-03,1191.0,delivered,,,2025-05-03 22:07:00
4252,13496,3,2025-06-20,270.0,cancelled,substitute_rejected,customer,
4253,13500,71,2025-02-04,259.0,delivered,,,2025-02-04 09:48:00
4254,13502,838,2025-03-03,303.0,delivered,,,2025-03-03 18:28:00
4255,13504,445,2025-05-15,240.0,delivered,,,2025-05-15 14:12:00
4256,13509,859,2025-04-05,159.0,delivered,,,2025-04-05 16:06:00
4257,13514,980,2025-01-20,108.0,delivered,,,2025-01-20 18:18:00
4258,13515,345,2025-03-13,530.0,delivered,,,2025-03-13 20:14:00
4259,13517,816,2025-06-12,393.0,delivered,,,2025-06-12 18:13:00
4260,13521,860,2025-03-10,1043.0,delivered,,,2025-03-10 16:39:00
4261,13528,543,2025-05-26,1830.0,delivered,,,2025-05-26 20:36:00
4262,13529,746,2025-06-23,518.0,cancelled,address_issue,seller,
4263,13534,276,2025-01-31,125.0,delivered,,,2025-02-01 01:01:00
4264,13537,82,2025-02-09,599.0,delivered,,,2025-02-09 23:43:00
4265,13538,235,2025-02-10,664.0,delivered,,,2025-02-10 11:58:00
4266,13541,1034,2025-06-19,517.0,delivered,,,2025-06-19 10:30:00
4267,13546,932,2025-04-04,528.0,delivered,,,2025-04-04 18:15:00
4268,13548,420,2025-02-19,871.0,delivered,,,2025-02-19 13:55:00
4269,13552,310,2025-03-13,483.0,delivered,,,2025-03-13 08:39:00
4270,13568,234,2025-02-22,706.0,delivered,,,2025-02-22 21:52:00
4271,13572,169,2025-06-23,37.0,delivered,,,2025-06-24 00:41:00
4272,13573,950,2025-04-13,1626.0,delivered,,,2025-04-13 10:54:00
4273,13575,440,2025-05-30,310.0,cancelled,changed_mind,customer,
4274,13580,805,2025-06-07,470.0,delivered,,,2025-06-07 14:24:00
4275,13584,34,2025-06-21,1487.0,delivered,,,2025-06-21 10:41:00
4276,13591,125,2025-06-10,752.0,delivered,,,2025-06-10 10:46:00
4277,13594,1005,2025-05-04,310.0,delivered,,,2025-05-04 08:44:00
4278,13599,939,2025-02-27,2089.0,delivered,,,2025-02-27 08:47:00
4279,13607,668,2025-01-22,102.0,delivered,,,2025-01-22 20:08:00
4280,13609,891,2025-04-20,556.0,delivered,,,2025-04-20 18:27:00
4281,13616,207,2025-03-24,997.0,delivered,,,2025-03-24 20:06:00
4282,13619,544,2025-02-14,90.0,delivered,,,2025-02-14 15:20:00
4283,13621,260,2025-01-10,1204.0,delivered,,,2025-01-10 15:48:00
4284,13622,632,2025-03-06,2080.0,delivered,,,2025-03-06 11:39:00
4285,13623,576,2025-02-28,169.0,delivered,,,2025-02-28 09:13:00
4286,13624,721,2025-04-01,737.0,delivered,,,2025-04-02 00:14:00
4287,13627,181,2025-01-31,610.0,delivered,,,2025-01-31 11:03:00
4288,13628,69,2025-03-24,344.0,cancelled,payment_failed,system,
4289,13630,1168,2025-04-03,627.0,delivered,,,2025-04-03 17:30:00
4290,13631,1030,2025-01-23,887.0,delivered,,,2025-01-23 12:18:00
4291,13633,831,2025-06-02,2794.0,delivered,,,2025-06-02 16:25:00
4292,13636,519,2025-01-29,762.0,delivered,,,2025-01-29 12:46:00
4293,13637,480,2025-03-29,370.0,delivered,,,2025-03-29 09:00:00
4294,13640,407,2025-01-25,787.0,delivered,,,2025-01-25 19:39:00
4295,13645,964,2025-03-16,676.0,delivered,,,2025-03-16 21:00:00
4296,13647,759,2025-06-02,59.0,delivered,,,2025-06-02 22:29:00
4297,13648,296,2025-02-10,327.0,delivered,,,2025-02-10 16:14:00
4298,13652,812,2025-04-05,358.0,delivered,,,2025-04-05 13:58:00
4299,13654,681,2025-04-11,1018.0,delivered,,,2025-04-11 18:15:00
4300,13664,241,2025-06-02,233.0,delivered,,,2025-06-02 12:02:00
4301,13669,351,2025-06-04,695.0,delivered,,,2025-06-04 08:47:00
4302,13676,741,2025-06-12,224.0,delivered,,,2025-06-12 21:43:00
4303,13677,568,2025-01-06,1352.0,delivered,,,2025-01-06 16:52:00
4304,13679,962,2025-04-18,238.0,delivered,,,2025-04-18 07:26:00
4305,13683,187,2025-02-22,675.0,delivered,,,2025-02-22 22:36:00
4306,13690,679,2025-01-13,0,cancelled,substitute_rejected,customer,
4307,13694,1001,2025-06-01,1273.0,delivered,,,2025-06-01 17:45:00
4308,13700,673,2025-05-07,525.0,delivered,,,2025-05-07 21:51:00
4309,13701,658,2025-01-30,1428.0,delivered,,,2025-01-30 11:34:00
4310,13714,875,2025-06-15,1399.0,delivered,,,2025-06-15 11:17:00
4311,13718,352,2025-04-01,1177.0,delivered,,,2025-04-01 20:20:00
4312,13722,983,2025-05-12,31.0,cancelled,payment_failed,system,
4313,13725,661,2025-02-11,1521.0,delivered,,,2025-02-11 09:37:00
4314,13727,630,2025-05-30,419.0,delivered,,,2025-05-30 16:42:00
4315,13729,25,2025-03-12,455.0,delivered,,,2025-03-12 23:09:00
4316,13732,137,2025-05-15,776.0,delivered,,,2025-05-15 10:56:00
4317,13733,856,2025-04-04,448.0,delivered,,,2025-04-04 23:17:00
4318,13738,1032,2025-06-01,1296.0,delivered,,,2025-06-01 20:17:00
4319,13739,856,2025-04-05,331.0,delivered,,,2025-04-06 00:05:00
4320,13742,515,2025-01-31,690.0,delivered,,,2025-01-31 20:22:00
4321,13748,611,2025-04-24,251.0,cancelled,late_delivery,customer,
4322,13750,468,2025-04-23,427.0,delivered,,,2025-04-23 07:37:00
4323,13752,494,2025-04-19,173.0,delivered,,,2025-04-19 13:01:00
4324,13758,855,2025-01-12,2584.0,delivered,,,2025-01-12 12:12:00
4325,13762,285,2025-06-16,707.0,delivered,,,2025-06-16 22:12:00
4326,13766,96,2025-04-09,1002.0,delivered,,,2025-04-09 22:23:00
4327,13780,350,2025-06-05,54.0,delivered,,,2025-06-05 18:31:00
4328,13783,812,2025-04-29,224.0,cancelled,substitute_rejected,customer,
4329,13788,721,2025-06-21,798.0,delivered,,,2025-06-21 11:39:00
4330,13789,66,2025-03-07,576.0,delivered,,,2025-03-07 22:51:00
4331,13793,729,2025-01-19,2566.0,delivered,,,2025-01-19 11:20:00
4332,13795,1193,2025-05-29,379.0,delivered,,,2025-05-29 14:38:00
4333,13799,1075,2025-05-10,0,delivered,,,2025-05-10 19:56:00
4334,13800,108,2025-05-31,530.0,delivered,,,2025-05-31 10:55:00
4335,13801,1087,2025-02-07,609.0,delivered,,,2025-02-07 21:03:00
4336,13802,44,2025-03-12,632.0,delivered,,,2025-03-12 12:03:00
4337,13807,987,2025-05-04,311.0,delivered,,,2025-05-04 19:10:00
4338,13812,344,2025-06-07,97.0,delivered,,,2025-06-07 20:02:00
4339,13814,975,2025-04-20,889.0,delivered,,,2025-04-20 23:23:00
4340,13820,685,2025-05-26,586.0,cancelled,address_issue,seller,
4341,13830,350,2025-05-22,1000.0,delivered,,,2025-05-22 21:36:00
4342,13831,864,2025-01-30,50.0,delivered,,,2025-01-30 16:04:00
4343,13832,356,2025-01-12,2107.0,delivered,,,2025-01-12 06:56:00
4344,13834,555,2025-03-08,1305.0,delivered,,,2025-03-08 20:40:00
4345,13840,137,2025-04-22,0,cancelled,substitute_rejected,customer,
4346,13847,827,2025-04-15,1894.0,delivered,,,2025-04-15 19:46:00
4347,13854,350,2025-03-21,1448.0,delivered,,,2025-03-21 14:51:00
4348,13858,141,2025-01-25,2275.0,delivered,,,2025-01-25 12:05:00
4349,13859,248,2025-01-11,1034.0,delivered,,,2025-01-11 18:43:00
4350,13860,66,2025-06-16,1497.0,delivered,,,2025-06-16 14:58:00
4351,13862,876,2025-03-24,472.0,delivered,,,2025-03-25 01:15:00
4352,13863,893,2025-05-16,187.0,delivered,,,2025-05-16 21:57:00
4353,13864,1017,2025-01-03,664.0,delivered,,,2025-01-03 11:09:00
4354,13874,166,2025-06-22,127.0,delivered,,,2025-06-22 10:40:00
4355,13876,634,2025-02-15,1304.0,delivered,,,2025-02-15 16:22:00
4356,13879,407,2025-03-06,1328.0,delivered,,,2025-03-06 10:33:00
4357,13881,609,2025-04-21,161.0,cancelled,changed_mind,customer,
4358,13882,1137,2025-06-06,97.0,delivered,,,2025-06-06 11:41:00
4359,13884,945,2025-03-27,360.0,delivered,,,2025-03-27 20:05:00
4360,13885,363,2025-03-17,623.0,delivered,,,2025-03-17 19:01:00
4361,13886,555,2025-06-23,1940.0,delivered,,,2025-06-23 10:32:00
4362,13890,461,2025-06-24,130.0,delivered,,,2025-06-24 13:54:00
4363,13891,689,2025-04-03,54.0,cancelled,substitute_rejected,customer,
4364,13893,918,2025-04-01,414.0,delivered,,,2025-04-01 11:50:00
4365,13894,898,2025-03-22,97.0,delivered,,,2025-03-22 21:54:00
4366,13896,461,2025-03-10,303.0,delivered,,,2025-03-10 23:11:00
4367,13897,955,2025-02-12,878.0,delivered,,,2025-02-12 15:01:00
4368,13898,536,2025-05-29,334.0,delivered,,,2025-05-29 11:16:00
4369,13907,234,2025-01-02,418.0,delivered,,,2025-01-02 23:14:00
4370,13913,141,2025-06-04,865.0,delivered,,,2025-06-04 08:31:00
4371,13914,736,2025-01-08,480.0,delivered,,,2025-01-08 20:48:00
4372,13915,1178,2025-02-08,90.0,delivered,,,2025-02-08 16:05:00
4373,13920,798,2025-05-03,379.0,cancelled,address_issue,seller,
4374,13925,278,2025-06-08,1877.0,delivered,,,2025-06-08 11:00:00
4375,13929,1110,2025-04-07,59.0,delivered,,,2025-04-07 18:12:00
4376,13939,484,2025-05-12,345.0,delivered,,,2025-05-12 22:19:00
4377,13946,910,2025-04-27,31.0,delivered,,,2025-04-27 15:34:00
4378,13948,373,2025-06-16,115.0,delivered,,,2025-06-16 10:07:00
4379,13950,788,2025-06-12,664.0,delivered,,,2025-06-12 19:13:00
4380,13952,381,2025-03-25,1675.0,delivered,,,2025-03-25 22:55:00
4381,13953,20,2025-05-20,674.0,delivered,,,2025-05-20 11:08:00
4382,13955,368,2025-03-16,480.0,delivered,,,2025-03-16 07:48:00
4383,13959,723,2025-05-20,554.0,delivered,,,2025-05-20 20:44:00
4384,13963,649,2025-06-23,964.0,delivered,,,2025-06-23 20:46:00
4385,13964,1084,2025-01-03,975.0,cancelled,late_delivery,customer,
4386,13965,673,2025-05-21,1231.0,delivered,,,2025-05-21 17:11:00
4387,13967,8,2025-05-15,866.0,delivered,,,2025-05-15 11:40:00
4388,13973,267,2025-03-06,76.0,delivered,,,2025-03-06 08:24:00
4389,13974,70,2025-06-01,304.0,delivered,,,2025-06-01 20:00:00
4390,13985,75,2025-01-04,903.0,delivered,,,2025-01-04 20:30:00
4391,13989,1173,2025-02-05,911.0,delivered,,,2025-02-05 22:03:00
4392,13995,318,2025-01-30,62.0,delivered,,,2025-01-30 11:54:00
4393,13997,527,2025-06-29,901.0,delivered,,,2025-06-29 07:12:00
4394,13999,1078,2025-05-07,693.0,cancelled,late_delivery,customer,
4395,14000,200,2025-03-18,160.0,delivered,,,2025-03-19 00:26:00
