order_item_id,order_id,product_id,quantity,item_price,line_amount,item_status
1,1,1131,2,143.0,286.0,fulfilled
2,2,1087,1,341.0,341.0,fulfilled
3,3,1061,1,310.0,310.0,fulfilled
4,3,1102,1,887.0,887.0,fulfilled
5,4,1082,2,130.0,260.0,fulfilled
6,5,1046,1,31.0,31.0,fulfilled
7,6,1001,1,36.0,36.0,fulfilled
8,7,1136,3,393.0,1179.0,fulfilled
9,8,1136,1,393.0,393.0,fulfilled
10,8,1121,1,549.0,549.0,fulfilled
11,9,1013,1,97.0,97.0,rejected_substitution
12,9,1059,2,444.0,888.0,fulfilled
13,9,1056,1,180.0,180.0,fulfilled
14,10,1072,1,76.0,76.0,rejected_substitution
15,10,1001,1,36.0,36.0,fulfilled
16,11,1083,1,265.0,265.0,fulfilled
17,12,1131,1,143.0,143.0,fulfilled
18,12,1015,1,115.0,115.0,fulfilled
19,12,1141,2,664.0,1328.0,rejected_substitution
20,13,1069,1,313.0,313.0,fulfilled
21,14,1146,1,911.0,911.0,fulfilled
22,15,1063,2,165.0,330.0,fulfilled
23,16,1140,1,240.0,240.0,fulfilled
24,16,1045,1,114.0,114.0,fulfilled
25,16,1103,2,220.0,440.0,fulfilled
26,17,1140,1,240.0,240.0,fulfilled
27,17,1072,1,76.0,76.0,fulfilled
28,17,1132,1,296.0,296.0,fulfilled
29,17,1094,1,308.0,308.0,fulfilled
30,18,1108,1,398.0,398.0,fulfilled
31,19,1132,1,296.0,296.0,rejected_substitution
32,19,1057,1,156.0,156.0,fulfilled
33,19,1116,2,486.0,972.0,fulfilled
34,20,1015,2,115.0,230.0,out_of_stock_removed
35,20,1117,2,61.0,122.0,fulfilled
36,21,1075,3,161.0,483.0,fulfilled
37,21,1132,3,296.0,888.0,fulfilled
38,22,1014,1,94.0,94.0,fulfilled
39,22,1085,2,200.0,400.0,fulfilled
40,22,1015,1,115.0,115.0,fulfilled
41,23,1143,2,259.0,518.0,fulfilled
42,23,1128,2,207.0,414.0,fulfilled
43,24,1108,1,398.0,398.0,fulfilled
44,24,1102,1,887.0,887.0,fulfilled
45,24,1096,1,251.0,251.0,fulfilled
46,25,1135,1,1063.0,1063.0,fulfilled
47,25,1072,1,76.0,76.0,fulfilled
48,26,1117,1,61.0,61.0,fulfilled
49,26,1051,1,158.0,158.0,fulfilled
50,26,1056,1,180.0,180.0,fulfilled
51,27,1131,1,143.0,143.0,fulfilled
52,28,1096,1,251.0,251.0,fulfilled
53,28,1063,1,165.0,165.0,fulfilled
54,28,1131,1,143.0,143.0,fulfilled
55,28,1142,1,147.0,147.0,fulfilled
56,28,1001,1,36.0,36.0,fulfilled
57,29,1082,1,130.0,130.0,fulfilled
58,29,1097,1,336.0,336.0,fulfilled
59,29,1015,1,115.0,115.0,fulfilled
60,30,1140,1,240.0,240.0,fulfilled
61,30,1072,1,76.0,76.0,fulfilled
62,30,1114,1,156.0,156.0,fulfilled
63,31,1068,1,270.0,270.0,fulfilled
64,31,1111,1,60.0,60.0,fulfilled
65,32,1117,3,61.0,183.0,fulfilled
66,33,1078,1,265.0,265.0,fulfilled
67,33,1012,2,192.0,384.0,fulfilled
68,33,1019,1,224.0,224.0,fulfilled
69,34,1102,1,887.0,887.0,fulfilled
70,34,1028,3,311.0,933.0,fulfilled
71,34,1041,2,309.0,618.0,fulfilled
72,35,1137,1,532.0,532.0,fulfilled
73,36,1070,1,303.0,303.0,fulfilled
74,36,1068,3,270.0,810.0,fulfilled
75,36,1012,1,192.0,192.0,substituted
76,37,1021,2,232.0,464.0,fulfilled
77,38,1054,1,49.0,49.0,fulfilled
78,38,1068,1,270.0,270.0,rejected_substitution
79,38,1029,1,238.0,238.0,fulfilled
80,39,1046,2,31.0,62.0,fulfilled
81,40,1143,1,259.0,259.0,fulfilled
82,40,1101,1,561.0,561.0,fulfilled
83,41,1141,1,664.0,664.0,fulfilled
84,42,1070,1,303.0,303.0,fulfilled
85,42,1144,1,438.0,438.0,fulfilled
86,43,1028,3,311.0,933.0,fulfilled
87,44,1003,1,127.0,127.0,fulfilled
88,44,1001,2,36.0,72.0,fulfilled
89,44,1136,1,393.0,393.0,fulfilled
90,44,1130,1,379.0,379.0,fulfilled
91,45,1132,2,296.0,592.0,fulfilled
92,46,1141,1,664.0,664.0,fulfilled
93,46,1005,1,155.0,155.0,out_of_stock_removed
94,47,1128,2,207.0,414.0,fulfilled
95,48,1134,1,935.0,935.0,fulfilled
96,49,1019,1,224.0,224.0,fulfilled
97,49,1012,2,192.0,384.0,rejected_substitution
98,49,1038,1,50.0,50.0,fulfilled
99,50,1028,1,311.0,311.0,fulfilled
100,51,1087,1,341.0,341.0,fulfilled
101,52,1050,1,125.0,125.0,fulfilled
102,53,1143,2,259.0,518.0,fulfilled
103,54,1113,2,185.0,370.0,fulfilled
104,54,1074,2,153.0,306.0,fulfilled
105,54,1141,1,664.0,664.0,fulfilled
106,55,1136,1,393.0,393.0,fulfilled
107,56,1078,2,265.0,530.0,rejected_substitution
108,57,1015,2,115.0,230.0,out_of_stock_removed
109,58,1019,1,224.0,224.0,substituted
110,59,1053,3,37.0,111.0,substituted
111,60,1115,2,460.0,920.0,fulfilled
112,61,1143,1,259.0,259.0,fulfilled
113,62,1071,2,423.0,846.0,fulfilled
114,62,1040,1,74.0,74.0,fulfilled
115,62,1022,3,240.0,720.0,fulfilled
116,63,1018,2,177.0,354.0,fulfilled
117,64,1143,1,259.0,259.0,fulfilled
118,65,1050,1,125.0,125.0,fulfilled
119,65,1132,1,296.0,296.0,fulfilled
120,66,1078,1,265.0,265.0,fulfilled
121,66,1082,1,130.0,130.0,fulfilled
122,67,1098,1,599.0,599.0,fulfilled
123,68,1041,1,309.0,309.0,fulfilled
124,69,1080,2,187.0,374.0,fulfilled
125,69,1050,1,125.0,125.0,fulfilled
126,70,1067,2,275.0,550.0,fulfilled
127,71,1042,1,235.0,235.0,fulfilled
128,71,1072,2,76.0,152.0,fulfilled
129,72,1031,1,159.0,159.0,fulfilled
130,73,1091,1,311.0,311.0,fulfilled
131,73,1071,1,423.0,423.0,fulfilled
132,74,1143,1,259.0,259.0,fulfilled
133,74,1015,2,115.0,230.0,fulfilled
134,75,1141,3,664.0,1992.0,fulfilled
135,75,1056,1,180.0,180.0,fulfilled
136,75,1131,1,143.0,143.0,fulfilled
137,76,1123,1,208.0,208.0,fulfilled
138,77,1015,2,115.0,230.0,fulfilled
139,77,1064,3,255.0,765.0,fulfilled
140,78,1015,1,115.0,115.0,fulfilled
141,78,1025,2,175.0,350.0,fulfilled
142,78,1125,2,667.0,1334.0,fulfilled
143,79,1119,1,172.0,172.0,fulfilled
144,80,1082,3,130.0,390.0,substituted
145,80,1005,2,155.0,310.0,fulfilled
146,80,1141,1,664.0,664.0,fulfilled
147,81,1105,1,623.0,623.0,fulfilled
148,82,1128,1,207.0,207.0,fulfilled
149,82,1142,2,147.0,294.0,rejected_substitution
150,82,1063,1,165.0,165.0,fulfilled
151,83,1084,1,45.0,45.0,fulfilled
152,84,1071,2,423.0,846.0,fulfilled
153,85,1128,1,207.0,207.0,fulfilled
154,85,1089,1,154.0,154.0,fulfilled
155,86,1114,1,156.0,156.0,fulfilled
156,87,1130,2,379.0,758.0,fulfilled
157,88,1136,1,393.0,393.0,fulfilled
158,88,1005,2,155.0,310.0,fulfilled
159,89,1061,1,310.0,310.0,fulfilled
160,89,1141,1,664.0,664.0,fulfilled
161,89,1056,1,180.0,180.0,fulfilled
162,90,1127,2,633.0,1266.0,fulfilled
163,90,1029,2,238.0,476.0,substituted
164,90,1118,1,93.0,93.0,fulfilled
165,91,1131,3,143.0,429.0,fulfilled
166,91,1086,3,62.0,186.0,fulfilled
167,92,1098,1,599.0,599.0,substituted
168,92,1035,1,297.0,297.0,fulfilled
169,93,1114,1,156.0,156.0,fulfilled
170,93,1104,1,737.0,737.0,fulfilled
171,94,1086,1,62.0,62.0,fulfilled
172,95,1143,1,259.0,259.0,fulfilled
173,95,1131,1,143.0,143.0,fulfilled
174,96,1013,1,97.0,97.0,fulfilled
175,96,1007,1,108.0,108.0,fulfilled
176,97,1115,2,460.0,920.0,fulfilled
177,97,1038,3,50.0,150.0,rejected_substitution
178,97,1131,1,143.0,143.0,fulfilled
179,98,1105,2,623.0,1246.0,fulfilled
180,99,1003,2,127.0,254.0,fulfilled
181,100,1123,1,208.0,208.0,fulfilled
182,100,1015,2,115.0,230.0,out_of_stock_removed
183,100,1028,1,311.0,311.0,out_of_stock_removed
184,101,1132,3,296.0,888.0,fulfilled
185,101,1063,1,165.0,165.0,fulfilled
186,102,1070,1,303.0,303.0,fulfilled
187,103,1049,2,59.0,118.0,rejected_substitution
188,104,1140,1,240.0,240.0,fulfilled
189,105,1136,1,393.0,393.0,fulfilled
190,105,1085,1,200.0,200.0,fulfilled
191,106,1103,3,220.0,660.0,fulfilled
192,107,1128,2,207.0,414.0,fulfilled
193,108,1138,1,304.0,304.0,fulfilled
194,109,1041,3,309.0,927.0,fulfilled
195,109,1138,1,304.0,304.0,fulfilled
196,109,1049,2,59.0,118.0,substituted
197,110,1128,1,207.0,207.0,fulfilled
198,111,1059,3,444.0,1332.0,fulfilled
199,112,1078,2,265.0,530.0,substituted
200,112,1128,1,207.0,207.0,fulfilled
201,112,1143,1,259.0,259.0,fulfilled
202,112,1019,1,224.0,224.0,fulfilled
203,113,1070,1,303.0,303.0,fulfilled
204,113,1003,1,127.0,127.0,substituted
205,114,1136,1,393.0,393.0,fulfilled
206,114,1034,1,70.0,70.0,fulfilled
207,115,1024,2,236.0,472.0,substituted
208,115,1117,2,61.0,122.0,fulfilled
209,115,1064,1,255.0,255.0,fulfilled
210,116,1046,1,31.0,31.0,fulfilled
211,116,1131,1,143.0,143.0,fulfilled
212,117,1091,1,311.0,311.0,fulfilled
213,117,1005,1,155.0,155.0,fulfilled
214,118,1004,1,36.0,36.0,fulfilled
215,119,1044,1,30.0,30.0,fulfilled
216,119,1128,1,207.0,207.0,fulfilled
217,120,1141,2,664.0,1328.0,fulfilled
218,121,1132,1,296.0,296.0,fulfilled
219,122,1015,1,115.0,115.0,fulfilled
220,122,1040,1,74.0,74.0,fulfilled
221,122,1141,1,664.0,664.0,fulfilled
222,122,1097,1,336.0,336.0,fulfilled
223,123,1015,1,115.0,115.0,fulfilled
224,123,1041,3,309.0,927.0,substituted
225,124,1082,1,130.0,130.0,fulfilled
226,125,1078,1,265.0,265.0,fulfilled
227,125,1024,3,236.0,708.0,fulfilled
228,126,1092,1,327.0,327.0,fulfilled
229,127,1084,3,45.0,135.0,fulfilled
230,128,1046,1,31.0,31.0,fulfilled
231,129,1131,1,143.0,143.0,fulfilled
232,129,1104,1,737.0,737.0,fulfilled
233,130,1038,2,50.0,100.0,fulfilled
234,130,1129,1,649.0,649.0,fulfilled
235,130,1068,2,270.0,540.0,fulfilled
236,130,1120,1,475.0,475.0,fulfilled
237,130,1070,1,303.0,303.0,fulfilled
238,131,1066,1,203.0,203.0,fulfilled
239,132,1141,1,664.0,664.0,fulfilled
240,133,1028,1,311.0,311.0,fulfilled
241,133,1122,1,672.0,672.0,fulfilled
242,134,1142,1,147.0,147.0,fulfilled
243,134,1141,1,664.0,664.0,fulfilled
244,134,1141,1,664.0,664.0,fulfilled
245,134,1069,1,313.0,313.0,fulfilled
246,134,1125,1,667.0,667.0,fulfilled
247,135,1085,1,200.0,200.0,fulfilled
248,136,1015,1,115.0,115.0,fulfilled
249,136,1035,1,297.0,297.0,fulfilled
250,136,1114,1,156.0,156.0,fulfilled
251,137,1034,1,70.0,70.0,fulfilled
252,138,1126,1,376.0,376.0,fulfilled
253,138,1070,1,303.0,303.0,fulfilled
254,139,1143,1,259.0,259.0,fulfilled
255,140,1050,2,125.0,250.0,fulfilled
256,140,1012,1,192.0,192.0,fulfilled
257,141,1015,1,115.0,115.0,out_of_stock_removed
258,142,1136,1,393.0,393.0,fulfilled
259,143,1084,1,45.0,45.0,out_of_stock_removed
260,144,1143,1,259.0,259.0,fulfilled
261,145,1141,1,664.0,664.0,fulfilled
262,146,1145,1,1144.0,1144.0,fulfilled
263,146,1079,1,90.0,90.0,out_of_stock_removed
264,146,1015,1,115.0,115.0,fulfilled
265,147,1141,1,664.0,664.0,fulfilled
266,148,1132,1,296.0,296.0,fulfilled
267,149,1097,1,336.0,336.0,fulfilled
268,149,1057,1,156.0,156.0,fulfilled
269,149,1136,2,393.0,786.0,fulfilled
270,150,1003,1,127.0,127.0,fulfilled
271,151,1073,2,90.0,180.0,fulfilled
272,151,1022,1,240.0,240.0,fulfilled
273,151,1141,1,664.0,664.0,fulfilled
274,151,1055,1,91.0,91.0,fulfilled
275,152,1070,1,303.0,303.0,fulfilled
276,153,1115,1,460.0,460.0,fulfilled
277,154,1129,1,649.0,649.0,fulfilled
278,154,1080,1,187.0,187.0,fulfilled
279,154,1033,1,282.0,282.0,fulfilled
280,155,1062,1,59.0,59.0,fulfilled
281,156,1132,1,296.0,296.0,fulfilled
282,157,1007,3,108.0,324.0,fulfilled
283,157,1094,1,308.0,308.0,fulfilled
284,158,1024,1,236.0,236.0,fulfilled
285,159,1057,2,156.0,312.0,fulfilled
286,159,1050,1,125.0,125.0,fulfilled
287,160,1003,2,127.0,254.0,fulfilled
288,161,1094,1,308.0,308.0,fulfilled
289,161,1118,1,93.0,93.0,fulfilled
290,161,1132,1,296.0,296.0,fulfilled
291,161,1001,1,36.0,36.0,fulfilled
292,162,1075,1,161.0,161.0,fulfilled
293,162,1072,1,76.0,76.0,fulfilled
294,162,1142,3,147.0,441.0,fulfilled
295,163,1121,3,549.0,1647.0,fulfilled
296,163,1113,1,185.0,185.0,fulfilled
297,164,1125,1,667.0,667.0,fulfilled
298,164,1061,1,310.0,310.0,fulfilled
299,164,1061,1,310.0,310.0,fulfilled
300,165,1056,1,180.0,180.0,fulfilled
301,166,1132,1,296.0,296.0,fulfilled
302,167,1078,1,265.0,265.0,fulfilled
303,167,1132,1,296.0,296.0,fulfilled
304,168,1072,2,76.0,152.0,fulfilled
305,169,1003,1,127.0,127.0,fulfilled
306,170,1080,1,187.0,187.0,fulfilled
307,171,1128,2,207.0,414.0,fulfilled
308,172,1136,3,393.0,1179.0,fulfilled
309,172,1055,1,91.0,91.0,fulfilled
310,172,1014,1,94.0,94.0,substituted
311,173,1043,1,80.0,80.0,fulfilled
312,173,1015,3,115.0,345.0,fulfilled
313,173,1135,1,1063.0,1063.0,fulfilled
314,174,1090,1,305.0,305.0,fulfilled
315,174,1068,2,270.0,540.0,fulfilled
316,174,1086,2,62.0,124.0,fulfilled
317,174,1111,1,60.0,60.0,fulfilled
318,175,1017,1,198.0,198.0,fulfilled
319,176,1009,1,169.0,169.0,fulfilled
320,176,1024,1,236.0,236.0,substituted
321,177,1051,1,158.0,158.0,substituted
322,177,1092,1,327.0,327.0,fulfilled
323,178,1050,1,125.0,125.0,fulfilled
324,179,1019,1,224.0,224.0,fulfilled
325,179,1065,2,388.0,776.0,fulfilled
326,180,1024,2,236.0,472.0,fulfilled
327,180,1092,1,327.0,327.0,fulfilled
328,180,1096,3,251.0,753.0,fulfilled
329,181,1007,1,108.0,108.0,substituted
330,181,1082,1,130.0,130.0,fulfilled
331,182,1118,1,93.0,93.0,fulfilled
332,182,1113,2,185.0,370.0,fulfilled
333,182,1128,3,207.0,621.0,fulfilled
334,183,1145,1,1144.0,1144.0,fulfilled
335,183,1023,1,87.0,87.0,fulfilled
336,183,1140,1,240.0,240.0,fulfilled
337,184,1064,1,255.0,255.0,fulfilled
338,184,1069,1,313.0,313.0,fulfilled
339,185,1058,1,84.0,84.0,fulfilled
340,186,1059,1,444.0,444.0,fulfilled
341,186,1072,1,76.0,76.0,fulfilled
342,186,1034,1,70.0,70.0,fulfilled
343,187,1141,1,664.0,664.0,fulfilled
344,187,1013,2,97.0,194.0,fulfilled
345,188,1079,1,90.0,90.0,fulfilled
346,189,1072,1,76.0,76.0,fulfilled
347,189,1019,2,224.0,448.0,fulfilled
348,189,1042,2,235.0,470.0,fulfilled
349,190,1038,1,50.0,50.0,fulfilled
350,191,1128,1,207.0,207.0,rejected_substitution
351,191,1074,2,153.0,306.0,fulfilled
352,192,1013,1,97.0,97.0,fulfilled
353,193,1014,2,94.0,188.0,fulfilled
354,193,1106,2,337.0,674.0,fulfilled
355,194,1143,1,259.0,259.0,fulfilled
356,195,1007,2,108.0,216.0,fulfilled
357,196,1117,1,61.0,61.0,fulfilled
358,196,1005,2,155.0,310.0,out_of_stock_removed
359,196,1134,2,935.0,1870.0,fulfilled
360,197,1136,2,393.0,786.0,fulfilled
361,197,1009,1,169.0,169.0,fulfilled
362,198,1113,1,185.0,185.0,fulfilled
363,198,1023,1,87.0,87.0,substituted
364,199,1070,2,303.0,606.0,fulfilled
365,200,1022,1,240.0,240.0,fulfilled
366,201,1140,1,240.0,240.0,fulfilled
367,201,1097,1,336.0,336.0,fulfilled
368,201,1031,1,159.0,159.0,fulfilled
369,201,1128,2,207.0,414.0,fulfilled
370,201,1136,1,393.0,393.0,fulfilled
371,202,1136,1,393.0,393.0,fulfilled
372,203,1091,1,311.0,311.0,fulfilled
373,203,1071,1,423.0,423.0,fulfilled
374,204,1131,1,143.0,143.0,fulfilled
375,204,1132,1,296.0,296.0,fulfilled
376,205,1099,2,338.0,676.0,fulfilled
377,206,1119,1,172.0,172.0,fulfilled
378,207,1133,1,586.0,586.0,fulfilled
379,208,1043,1,80.0,80.0,fulfilled
380,209,1116,1,486.0,486.0,fulfilled
381,210,1015,2,115.0,230.0,fulfilled
382,210,1091,1,311.0,311.0,fulfilled
383,210,1086,1,62.0,62.0,fulfilled
384,211,1015,1,115.0,115.0,fulfilled
385,212,1024,2,236.0,472.0,fulfilled
386,213,1143,2,259.0,518.0,substituted
387,213,1050,2,125.0,250.0,fulfilled
388,214,1128,2,207.0,414.0,fulfilled
389,214,1005,2,155.0,310.0,fulfilled
390,215,1080,1,187.0,187.0,fulfilled
391,215,1015,1,115.0,115.0,fulfilled
392,215,1093,2,288.0,576.0,fulfilled
393,216,1112,3,610.0,1830.0,fulfilled
394,216,1042,1,235.0,235.0,substituted
395,217,1143,1,259.0,259.0,fulfilled
396,217,1146,1,911.0,911.0,fulfilled
397,217,1139,1,83.0,83.0,fulfilled
398,218,1063,1,165.0,165.0,fulfilled
399,218,1001,1,36.0,36.0,out_of_stock_removed
400,219,1141,1,664.0,664.0,fulfilled
401,219,1007,1,108.0,108.0,fulfilled
402,220,1141,1,664.0,664.0,substituted
403,221,1005,1,155.0,155.0,out_of_stock_removed
404,221,1140,1,240.0,240.0,fulfilled
405,222,1004,3,36.0,108.0,fulfilled
406,222,1121,1,549.0,549.0,fulfilled
407,223,1061,1,310.0,310.0,fulfilled
408,224,1085,2,200.0,400.0,fulfilled
409,225,1002,1,186.0,186.0,fulfilled
410,225,1091,1,311.0,311.0,fulfilled
411,225,1096,1,251.0,251.0,fulfilled
412,225,1141,1,664.0,664.0,fulfilled
413,226,1143,1,259.0,259.0,rejected_substitution
414,226,1116,1,486.0,486.0,fulfilled
415,226,1140,1,240.0,240.0,fulfilled
416,227,1131,1,143.0,143.0,fulfilled
417,227,1047,1,102.0,102.0,fulfilled
418,228,1017,1,198.0,198.0,out_of_stock_removed
419,229,1015,2,115.0,230.0,fulfilled
420,229,1026,1,210.0,210.0,out_of_stock_removed
421,229,1019,1,224.0,224.0,fulfilled
422,230,1133,2,586.0,1172.0,fulfilled
423,231,1001,1,36.0,36.0,fulfilled
424,232,1045,1,114.0,114.0,fulfilled
425,233,1127,1,633.0,633.0,fulfilled
426,234,1071,1,423.0,423.0,fulfilled
427,234,1008,1,51.0,51.0,fulfilled
428,234,1103,3,220.0,660.0,fulfilled
429,234,1057,2,156.0,312.0,fulfilled
430,235,1080,1,187.0,187.0,fulfilled
431,235,1131,1,143.0,143.0,fulfilled
432,235,1079,1,90.0,90.0,fulfilled
433,236,1015,1,115.0,115.0,fulfilled
434,237,1137,1,532.0,532.0,fulfilled
435,237,1006,1,31.0,31.0,fulfilled
436,237,1034,2,70.0,140.0,fulfilled
437,237,1136,2,393.0,786.0,fulfilled
438,238,1131,1,143.0,143.0,fulfilled
439,238,1016,1,179.0,179.0,fulfilled
440,239,1072,1,76.0,76.0,fulfilled
441,240,1001,1,36.0,36.0,fulfilled
442,240,1005,1,155.0,155.0,fulfilled
443,241,1141,2,664.0,1328.0,fulfilled
444,241,1042,1,235.0,235.0,substituted
445,241,1027,1,44.0,44.0,substituted
446,242,1071,1,423.0,423.0,fulfilled
447,242,1038,1,50.0,50.0,fulfilled
448,243,1046,1,31.0,31.0,fulfilled
449,244,1140,2,240.0,480.0,fulfilled
450,245,1125,1,667.0,667.0,fulfilled
451,246,1046,2,31.0,62.0,fulfilled
452,247,1141,2,664.0,1328.0,fulfilled
453,247,1015,1,115.0,115.0,fulfilled
454,248,1068,3,270.0,810.0,substituted
455,248,1090,1,305.0,305.0,fulfilled
456,248,1015,1,115.0,115.0,out_of_stock_removed
457,249,1143,1,259.0,259.0,fulfilled
458,249,1141,1,664.0,664.0,fulfilled
459,250,1005,3,155.0,465.0,out_of_stock_removed
460,251,1116,1,486.0,486.0,fulfilled
461,252,1015,1,115.0,115.0,out_of_stock_removed
462,253,1078,1,265.0,265.0,rejected_substitution
463,253,1046,2,31.0,62.0,fulfilled
464,254,1033,1,282.0,282.0,rejected_substitution
465,255,1025,2,175.0,350.0,substituted
466,255,1141,1,664.0,664.0,fulfilled
467,256,1069,1,313.0,313.0,fulfilled
468,257,1041,1,309.0,309.0,fulfilled
469,258,1096,1,251.0,251.0,fulfilled
470,258,1128,1,207.0,207.0,fulfilled
471,258,1045,1,114.0,114.0,fulfilled
472,259,1083,2,265.0,530.0,fulfilled
473,260,1016,1,179.0,179.0,substituted
474,261,1015,1,115.0,115.0,out_of_stock_removed
475,261,1136,1,393.0,393.0,fulfilled
476,261,1084,2,45.0,90.0,out_of_stock_removed
477,262,1064,2,255.0,510.0,fulfilled
478,263,1056,1,180.0,180.0,out_of_stock_removed
479,263,1068,1,270.0,270.0,fulfilled
480,263,1142,1,147.0,147.0,rejected_substitution
481,264,1103,1,220.0,220.0,fulfilled
482,264,1094,2,308.0,616.0,fulfilled
483,265,1041,1,309.0,309.0,fulfilled
484,266,1145,1,1144.0,1144.0,rejected_substitution
485,267,1015,2,115.0,230.0,fulfilled
486,268,1143,1,259.0,259.0,fulfilled
487,268,1142,1,147.0,147.0,fulfilled
488,269,1070,3,303.0,909.0,fulfilled
489,270,1003,2,127.0,254.0,fulfilled
490,270,1097,1,336.0,336.0,fulfilled
491,271,1118,1,93.0,93.0,fulfilled
492,272,1143,1,259.0,259.0,fulfilled
493,272,1065,2,388.0,776.0,fulfilled
494,273,1041,1,309.0,309.0,fulfilled
495,273,1005,1,155.0,155.0,fulfilled
496,273,1070,1,303.0,303.0,fulfilled
497,274,1136,2,393.0,786.0,fulfilled
498,275,1118,1,93.0,93.0,fulfilled
499,275,1048,1,136.0,136.0,fulfilled
500,275,1071,1,423.0,423.0,fulfilled
501,275,1097,1,336.0,336.0,fulfilled
502,276,1055,1,91.0,91.0,fulfilled
503,276,1024,1,236.0,236.0,fulfilled
504,276,1076,1,312.0,312.0,fulfilled
505,276,1143,2,259.0,518.0,fulfilled
506,277,1091,1,311.0,311.0,fulfilled
507,277,1023,1,87.0,87.0,fulfilled
508,278,1016,1,179.0,179.0,fulfilled
509,279,1090,1,305.0,305.0,fulfilled
510,279,1003,1,127.0,127.0,fulfilled
511,280,1091,1,311.0,311.0,fulfilled
512,281,1057,1,156.0,156.0,fulfilled
513,281,1085,1,200.0,200.0,fulfilled
514,281,1136,2,393.0,786.0,rejected_substitution
515,281,1115,1,460.0,460.0,fulfilled
516,282,1045,2,114.0,228.0,fulfilled
517,283,1128,1,207.0,207.0,fulfilled
518,284,1024,1,236.0,236.0,fulfilled
519,285,1004,2,36.0,72.0,fulfilled
520,286,1017,2,198.0,396.0,fulfilled
521,286,1048,1,136.0,136.0,fulfilled
522,287,1080,1,187.0,187.0,fulfilled
523,288,1075,1,161.0,161.0,fulfilled
524,288,1012,1,192.0,192.0,fulfilled
525,288,1097,2,336.0,672.0,fulfilled
526,288,1070,2,303.0,606.0,fulfilled
527,288,1128,1,207.0,207.0,fulfilled
528,289,1061,2,310.0,620.0,fulfilled
529,289,1028,1,311.0,311.0,fulfilled
530,290,1139,1,83.0,83.0,fulfilled
531,290,1049,2,59.0,118.0,fulfilled
532,290,1141,2,664.0,1328.0,fulfilled
533,291,1019,2,224.0,448.0,substituted
534,291,1014,1,94.0,94.0,fulfilled
535,291,1095,2,746.0,1492.0,fulfilled
536,291,1142,1,147.0,147.0,fulfilled
537,292,1047,1,102.0,102.0,fulfilled
538,292,1007,2,108.0,216.0,fulfilled
539,292,1047,2,102.0,204.0,fulfilled
540,293,1121,1,549.0,549.0,fulfilled
541,293,1079,1,90.0,90.0,fulfilled
542,293,1010,2,254.0,508.0,fulfilled
543,294,1143,1,259.0,259.0,fulfilled
544,294,1015,1,115.0,115.0,out_of_stock_removed
545,294,1070,1,303.0,303.0,fulfilled
546,295,1007,3,108.0,324.0,fulfilled
547,295,1015,1,115.0,115.0,fulfilled
548,296,1132,3,296.0,888.0,fulfilled
549,297,1111,1,60.0,60.0,fulfilled
550,298,1118,1,93.0,93.0,fulfilled
551,299,1056,1,180.0,180.0,fulfilled
552,299,1141,2,664.0,1328.0,fulfilled
553,299,1132,1,296.0,296.0,fulfilled
554,300,1138,1,304.0,304.0,fulfilled
555,300,1132,3,296.0,888.0,fulfilled
556,300,1031,1,159.0,159.0,fulfilled
557,301,1070,1,303.0,303.0,fulfilled
558,302,1086,1,62.0,62.0,fulfilled
559,302,1096,1,251.0,251.0,fulfilled
560,303,1070,1,303.0,303.0,fulfilled
561,304,1087,2,341.0,682.0,fulfilled
562,305,1069,1,313.0,313.0,fulfilled
563,305,1126,3,376.0,1128.0,fulfilled
564,305,1070,2,303.0,606.0,fulfilled
565,305,1050,1,125.0,125.0,fulfilled
566,306,1038,3,50.0,150.0,substituted
567,306,1024,1,236.0,236.0,fulfilled
568,306,1099,1,338.0,338.0,fulfilled
569,306,1003,1,127.0,127.0,fulfilled
570,307,1015,1,115.0,115.0,fulfilled
571,308,1015,1,115.0,115.0,fulfilled
572,309,1015,1,115.0,115.0,fulfilled
573,309,1141,1,664.0,664.0,fulfilled
574,310,1141,1,664.0,664.0,rejected_substitution
575,311,1019,1,224.0,224.0,substituted
576,311,1113,1,185.0,185.0,fulfilled
577,312,1114,2,156.0,312.0,fulfilled
578,312,1084,1,45.0,45.0,fulfilled
579,312,1125,1,667.0,667.0,fulfilled
580,313,1015,1,115.0,115.0,out_of_stock_removed
581,314,1131,1,143.0,143.0,fulfilled
582,314,1019,1,224.0,224.0,substituted
583,315,1104,1,737.0,737.0,fulfilled
584,315,1010,1,254.0,254.0,fulfilled
585,315,1141,1,664.0,664.0,fulfilled
586,316,1007,1,108.0,108.0,fulfilled
587,316,1034,1,70.0,70.0,fulfilled
588,317,1048,1,136.0,136.0,out_of_stock_removed
589,318,1043,1,80.0,80.0,fulfilled
590,319,1112,1,610.0,610.0,fulfilled
591,320,1136,2,393.0,786.0,fulfilled
592,321,1093,1,288.0,288.0,fulfilled
593,321,1081,1,37.0,37.0,fulfilled
594,322,1143,3,259.0,777.0,substituted
595,323,1074,1,153.0,153.0,rejected_substitution
596,323,1132,1,296.0,296.0,fulfilled
597,323,1128,1,207.0,207.0,fulfilled
598,324,1140,1,240.0,240.0,fulfilled
599,324,1035,1,297.0,297.0,fulfilled
600,325,1041,1,309.0,309.0,fulfilled
601,325,1019,1,224.0,224.0,fulfilled
602,325,1144,1,438.0,438.0,fulfilled
603,326,1007,1,108.0,108.0,fulfilled
604,326,1132,1,296.0,296.0,fulfilled
605,326,1084,2,45.0,90.0,fulfilled
606,326,1009,1,169.0,169.0,fulfilled
607,327,1105,1,623.0,623.0,fulfilled
608,327,1060,2,211.0,422.0,fulfilled
609,327,1112,1,610.0,610.0,fulfilled
610,328,1080,2,187.0,374.0,fulfilled
611,329,1117,3,61.0,183.0,fulfilled
612,330,1032,2,173.0,346.0,substituted
613,330,1015,1,115.0,115.0,out_of_stock_removed
614,331,1028,1,311.0,311.0,out_of_stock_removed
615,331,1019,2,224.0,448.0,fulfilled
616,331,1119,2,172.0,344.0,fulfilled
617,331,1128,1,207.0,207.0,fulfilled
618,332,1117,1,61.0,61.0,fulfilled
619,332,1114,1,156.0,156.0,fulfilled
620,333,1057,2,156.0,312.0,fulfilled
621,334,1069,1,313.0,313.0,rejected_substitution
622,334,1038,2,50.0,100.0,fulfilled
623,335,1078,1,265.0,265.0,fulfilled
624,336,1092,1,327.0,327.0,fulfilled
625,337,1067,1,275.0,275.0,fulfilled
626,337,1077,1,54.0,54.0,fulfilled
627,338,1072,1,76.0,76.0,fulfilled
628,338,1097,1,336.0,336.0,fulfilled
629,339,1005,1,155.0,155.0,fulfilled
630,339,1034,1,70.0,70.0,fulfilled
631,340,1113,1,185.0,185.0,out_of_stock_removed
632,340,1058,1,84.0,84.0,fulfilled
633,340,1125,3,667.0,2001.0,fulfilled
634,340,1080,2,187.0,374.0,fulfilled
635,341,1001,2,36.0,72.0,out_of_stock_removed
636,342,1067,1,275.0,275.0,fulfilled
637,343,1125,1,667.0,667.0,fulfilled
638,343,1050,2,125.0,250.0,substituted
639,343,1079,2,90.0,180.0,fulfilled
640,344,1023,2,87.0,174.0,fulfilled
641,344,1141,1,664.0,664.0,fulfilled
642,345,1003,1,127.0,127.0,substituted
643,345,1130,1,379.0,379.0,fulfilled
644,345,1052,1,30.0,30.0,fulfilled
645,345,1034,1,70.0,70.0,fulfilled
646,346,1005,1,155.0,155.0,fulfilled
647,346,1030,1,214.0,214.0,fulfilled
648,347,1003,1,127.0,127.0,rejected_substitution
649,348,1015,3,115.0,345.0,fulfilled
650,348,1025,1,175.0,175.0,fulfilled
651,348,1028,1,311.0,311.0,fulfilled
652,349,1112,1,610.0,610.0,fulfilled
653,349,1105,1,623.0,623.0,fulfilled
654,349,1128,1,207.0,207.0,fulfilled
655,349,1015,2,115.0,230.0,out_of_stock_removed
656,349,1015,1,115.0,115.0,fulfilled
657,350,1143,1,259.0,259.0,fulfilled
658,350,1034,1,70.0,70.0,fulfilled
659,351,1024,1,236.0,236.0,fulfilled
660,351,1068,1,270.0,270.0,fulfilled
661,352,1078,1,265.0,265.0,fulfilled
662,353,1044,1,30.0,30.0,rejected_substitution
663,353,1030,1,214.0,214.0,substituted
664,353,1077,1,54.0,54.0,fulfilled
665,353,1024,3,236.0,708.0,rejected_substitution
666,354,1094,1,308.0,308.0,fulfilled
667,355,1120,1,475.0,475.0,fulfilled
668,355,1080,2,187.0,374.0,fulfilled
669,356,1136,2,393.0,786.0,fulfilled
670,356,1059,1,444.0,444.0,fulfilled
671,357,1020,2,103.0,206.0,fulfilled
672,357,1029,1,238.0,238.0,fulfilled
673,358,1069,2,313.0,626.0,fulfilled
674,359,1128,1,207.0,207.0,fulfilled
675,360,1015,2,115.0,230.0,fulfilled
676,360,1125,1,667.0,667.0,fulfilled
677,361,1024,1,236.0,236.0,fulfilled
678,361,1003,1,127.0,127.0,fulfilled
679,361,1035,2,297.0,594.0,fulfilled
680,362,1140,1,240.0,240.0,fulfilled
681,362,1114,2,156.0,312.0,fulfilled
682,363,1128,1,207.0,207.0,fulfilled
683,364,1089,1,154.0,154.0,fulfilled
684,364,1015,1,115.0,115.0,fulfilled
685,365,1118,2,93.0,186.0,fulfilled
686,365,1048,1,136.0,136.0,fulfilled
687,366,1143,1,259.0,259.0,fulfilled
688,367,1069,1,313.0,313.0,fulfilled
689,368,1004,1,36.0,36.0,fulfilled
690,369,1040,1,74.0,74.0,fulfilled
691,370,1117,1,61.0,61.0,fulfilled
692,371,1019,2,224.0,448.0,fulfilled
693,371,1014,3,94.0,282.0,fulfilled
694,372,1133,1,586.0,586.0,fulfilled
695,372,1047,1,102.0,102.0,fulfilled
696,373,1015,3,115.0,345.0,fulfilled
697,373,1071,2,423.0,846.0,fulfilled
698,373,1131,1,143.0,143.0,fulfilled
699,374,1089,1,154.0,154.0,fulfilled
700,375,1015,1,115.0,115.0,fulfilled
701,375,1099,2,338.0,676.0,fulfilled
702,375,1142,2,147.0,294.0,fulfilled
703,376,1021,2,232.0,464.0,fulfilled
704,376,1076,1,312.0,312.0,fulfilled
705,377,1057,1,156.0,156.0,fulfilled
706,377,1007,1,108.0,108.0,fulfilled
707,378,1028,1,311.0,311.0,out_of_stock_removed
708,379,1081,1,37.0,37.0,fulfilled
709,380,1135,1,1063.0,1063.0,out_of_stock_removed
710,380,1036,2,58.0,116.0,substituted
711,381,1042,1,235.0,235.0,fulfilled
712,381,1134,1,935.0,935.0,fulfilled
713,381,1125,2,667.0,1334.0,fulfilled
714,382,1100,2,548.0,1096.0,fulfilled
715,382,1143,1,259.0,259.0,substituted
716,382,1087,3,341.0,1023.0,fulfilled
717,382,1007,2,108.0,216.0,fulfilled
718,383,1131,2,143.0,286.0,fulfilled
719,384,1128,2,207.0,414.0,fulfilled
720,384,1140,2,240.0,480.0,fulfilled
721,384,1071,2,423.0,846.0,fulfilled
722,384,1033,1,282.0,282.0,fulfilled
723,385,1044,3,30.0,90.0,rejected_substitution
724,386,1093,1,288.0,288.0,fulfilled
725,386,1030,2,214.0,428.0,fulfilled
726,387,1053,1,37.0,37.0,fulfilled
727,387,1097,3,336.0,1008.0,fulfilled
728,388,1075,1,161.0,161.0,fulfilled
729,388,1040,1,74.0,74.0,fulfilled
730,388,1143,1,259.0,259.0,fulfilled
731,389,1080,2,187.0,374.0,fulfilled
732,390,1027,1,44.0,44.0,fulfilled
733,390,1086,1,62.0,62.0,fulfilled
734,390,1101,1,561.0,561.0,fulfilled
735,390,1140,1,240.0,240.0,fulfilled
736,391,1136,1,393.0,393.0,fulfilled
737,391,1141,1,664.0,664.0,fulfilled
738,392,1056,2,180.0,360.0,fulfilled
739,393,1015,1,115.0,115.0,out_of_stock_removed
740,393,1141,1,664.0,664.0,fulfilled
741,393,1071,1,423.0,423.0,fulfilled
742,394,1024,2,236.0,472.0,fulfilled
743,395,1124,3,482.0,1446.0,fulfilled
744,395,1125,1,667.0,667.0,fulfilled
745,395,1104,1,737.0,737.0,fulfilled
746,395,1007,2,108.0,216.0,substituted
747,396,1089,3,154.0,462.0,out_of_stock_removed
748,397,1128,2,207.0,414.0,fulfilled
749,397,1070,3,303.0,909.0,fulfilled
750,398,1055,1,91.0,91.0,fulfilled
751,399,1141,1,664.0,664.0,fulfilled
752,400,1015,1,115.0,115.0,out_of_stock_removed
753,400,1142,1,147.0,147.0,fulfilled
754,400,1061,1,310.0,310.0,fulfilled
755,401,1085,1,200.0,200.0,fulfilled
756,401,1133,1,586.0,586.0,fulfilled
757,402,1086,3,62.0,186.0,rejected_substitution
758,402,1110,1,577.0,577.0,fulfilled
759,402,1080,3,187.0,561.0,fulfilled
760,403,1086,2,62.0,124.0,fulfilled
761,404,1110,1,577.0,577.0,fulfilled
762,405,1105,1,623.0,623.0,fulfilled
763,406,1117,1,61.0,61.0,fulfilled
764,407,1115,3,460.0,1380.0,fulfilled
765,407,1132,2,296.0,592.0,fulfilled
766,407,1018,1,177.0,177.0,fulfilled
767,408,1124,1,482.0,482.0,fulfilled
768,408,1070,1,303.0,303.0,fulfilled
769,408,1115,1,460.0,460.0,fulfilled
770,409,1006,2,31.0,62.0,fulfilled
771,410,1086,1,62.0,62.0,fulfilled
772,411,1015,1,115.0,115.0,fulfilled
773,412,1094,1,308.0,308.0,fulfilled
774,413,1061,1,310.0,310.0,rejected_substitution
775,414,1131,1,143.0,143.0,fulfilled
776,414,1057,1,156.0,156.0,substituted
777,415,1132,1,296.0,296.0,fulfilled
778,415,1054,1,49.0,49.0,fulfilled
779,416,1128,1,207.0,207.0,fulfilled
780,416,1113,3,185.0,555.0,fulfilled
781,417,1029,1,238.0,238.0,substituted
782,418,1044,1,30.0,30.0,fulfilled
783,418,1071,1,423.0,423.0,fulfilled
784,419,1071,1,423.0,423.0,fulfilled
785,419,1128,1,207.0,207.0,fulfilled
786,420,1008,1,51.0,51.0,fulfilled
787,421,1005,2,155.0,310.0,fulfilled
788,421,1046,2,31.0,62.0,fulfilled
789,421,1141,2,664.0,1328.0,fulfilled
790,422,1004,2,36.0,72.0,fulfilled
791,422,1022,1,240.0,240.0,fulfilled
792,423,1128,2,207.0,414.0,fulfilled
793,423,1088,1,240.0,240.0,fulfilled
794,424,1108,2,398.0,796.0,fulfilled
795,424,1024,1,236.0,236.0,fulfilled
796,425,1125,3,667.0,2001.0,fulfilled
797,425,1101,1,561.0,561.0,fulfilled
798,426,1029,2,238.0,476.0,fulfilled
799,427,1007,1,108.0,108.0,fulfilled
800,428,1050,1,125.0,125.0,fulfilled
801,429,1093,1,288.0,288.0,fulfilled
802,429,1086,1,62.0,62.0,fulfilled
803,429,1015,1,115.0,115.0,out_of_stock_removed
804,429,1015,1,115.0,115.0,out_of_stock_removed
805,430,1059,1,444.0,444.0,rejected_substitution
806,430,1019,3,224.0,672.0,fulfilled
807,430,1015,2,115.0,230.0,fulfilled
808,431,1128,1,207.0,207.0,fulfilled
809,431,1015,1,115.0,115.0,fulfilled
810,431,1093,1,288.0,288.0,fulfilled
811,431,1143,1,259.0,259.0,fulfilled
812,431,1080,1,187.0,187.0,fulfilled
813,432,1091,2,311.0,622.0,fulfilled
814,432,1130,1,379.0,379.0,fulfilled
815,432,1054,2,49.0,98.0,substituted
816,433,1134,1,935.0,935.0,fulfilled
817,434,1144,3,438.0,1314.0,fulfilled
818,435,1019,1,224.0,224.0,substituted
819,436,1068,1,270.0,270.0,fulfilled
820,437,1084,2,45.0,90.0,fulfilled
821,438,1015,1,115.0,115.0,fulfilled
822,438,1013,1,97.0,97.0,rejected_substitution
823,438,1015,1,115.0,115.0,out_of_stock_removed
824,438,1007,1,108.0,108.0,fulfilled
825,439,1140,2,240.0,480.0,fulfilled
826,440,1046,1,31.0,31.0,fulfilled
827,440,1015,1,115.0,115.0,fulfilled
828,441,1118,1,93.0,93.0,fulfilled
829,442,1096,1,251.0,251.0,substituted
830,442,1108,1,398.0,398.0,fulfilled
831,443,1072,1,76.0,76.0,fulfilled
832,443,1019,1,224.0,224.0,fulfilled
833,443,1125,1,667.0,667.0,fulfilled
834,444,1032,1,173.0,173.0,fulfilled
835,445,1093,1,288.0,288.0,fulfilled
836,445,1145,2,1144.0,2288.0,fulfilled
837,445,1038,1,50.0,50.0,fulfilled
838,445,1131,1,143.0,143.0,fulfilled
839,446,1128,1,207.0,207.0,fulfilled
840,447,1118,1,93.0,93.0,fulfilled
841,448,1086,3,62.0,186.0,fulfilled
842,449,1021,1,232.0,232.0,fulfilled
843,449,1071,1,423.0,423.0,fulfilled
844,450,1113,1,185.0,185.0,fulfilled
845,450,1086,1,62.0,62.0,rejected_substitution
846,450,1040,1,74.0,74.0,fulfilled
847,451,1132,1,296.0,296.0,fulfilled
848,452,1086,1,62.0,62.0,rejected_substitution
849,453,1144,1,438.0,438.0,out_of_stock_removed
850,454,1036,2,58.0,116.0,fulfilled
851,455,1071,1,423.0,423.0,fulfilled
852,456,1126,1,376.0,376.0,fulfilled
853,457,1024,1,236.0,236.0,substituted
854,458,1135,3,1063.0,3189.0,out_of_stock_removed
855,458,1141,1,664.0,664.0,fulfilled
856,459,1007,2,108.0,216.0,fulfilled
857,459,1115,2,460.0,920.0,fulfilled
858,460,1132,1,296.0,296.0,substituted
859,461,1007,1,108.0,108.0,fulfilled
860,462,1020,1,103.0,103.0,fulfilled
861,462,1125,2,667.0,1334.0,fulfilled
862,463,1010,1,254.0,254.0,fulfilled
863,463,1138,1,304.0,304.0,fulfilled
864,464,1096,1,251.0,251.0,fulfilled
865,464,1071,1,423.0,423.0,fulfilled
866,464,1101,1,561.0,561.0,fulfilled
867,465,1142,3,147.0,441.0,fulfilled
868,465,1135,1,1063.0,1063.0,out_of_stock_removed
869,466,1067,1,275.0,275.0,fulfilled
870,466,1135,1,1063.0,1063.0,fulfilled
871,466,1091,2,311.0,622.0,fulfilled
872,467,1011,1,221.0,221.0,substituted
873,468,1092,1,327.0,327.0,fulfilled
874,468,1010,1,254.0,254.0,substituted
875,469,1091,1,311.0,311.0,fulfilled
876,469,1141,1,664.0,664.0,fulfilled
877,469,1108,2,398.0,796.0,fulfilled
878,470,1128,1,207.0,207.0,fulfilled
879,471,1097,2,336.0,672.0,fulfilled
880,471,1105,1,623.0,623.0,fulfilled
881,472,1024,1,236.0,236.0,fulfilled
882,473,1082,1,130.0,130.0,fulfilled
883,473,1128,1,207.0,207.0,substituted
884,474,1118,3,93.0,279.0,fulfilled
885,475,1109,1,413.0,413.0,fulfilled
886,476,1136,2,393.0,786.0,fulfilled
887,477,1103,1,220.0,220.0,fulfilled
888,477,1132,1,296.0,296.0,fulfilled
889,478,1061,1,310.0,310.0,fulfilled
890,478,1046,1,31.0,31.0,fulfilled
891,478,1128,1,207.0,207.0,fulfilled
892,479,1125,1,667.0,667.0,fulfilled
893,479,1057,1,156.0,156.0,substituted
894,480,1050,1,125.0,125.0,fulfilled
895,480,1111,1,60.0,60.0,fulfilled
896,481,1117,2,61.0,122.0,fulfilled
897,481,1012,1,192.0,192.0,fulfilled
898,481,1018,1,177.0,177.0,fulfilled
899,482,1038,2,50.0,100.0,rejected_substitution
900,482,1134,1,935.0,935.0,fulfilled
901,483,1095,1,746.0,746.0,fulfilled
902,484,1024,1,236.0,236.0,rejected_substitution
903,484,1141,1,664.0,664.0,fulfilled
904,484,1132,2,296.0,592.0,fulfilled
905,485,1019,1,224.0,224.0,fulfilled
906,485,1015,1,115.0,115.0,fulfilled
907,486,1015,1,115.0,115.0,out_of_stock_removed
908,486,1027,1,44.0,44.0,rejected_substitution
909,487,1057,1,156.0,156.0,fulfilled
910,488,1113,2,185.0,370.0,fulfilled
911,489,1075,1,161.0,161.0,fulfilled
912,490,1034,2,70.0,140.0,fulfilled
913,490,1026,3,210.0,630.0,fulfilled
914,491,1005,3,155.0,465.0,fulfilled
915,491,1114,1,156.0,156.0,substituted
916,491,1109,1,413.0,413.0,fulfilled
917,492,1015,1,115.0,115.0,fulfilled
918,492,1136,3,393.0,1179.0,fulfilled
919,492,1131,1,143.0,143.0,fulfilled
920,493,1094,1,308.0,308.0,fulfilled
921,493,1098,1,599.0,599.0,fulfilled
922,494,1029,3,238.0,714.0,substituted
923,494,1132,1,296.0,296.0,fulfilled
924,495,1033,1,282.0,282.0,fulfilled
925,495,1041,1,309.0,309.0,substituted
926,496,1091,2,311.0,622.0,fulfilled
927,496,1112,1,610.0,610.0,fulfilled
928,496,1135,1,1063.0,1063.0,fulfilled
929,497,1061,1,310.0,310.0,fulfilled
930,498,1015,1,115.0,115.0,fulfilled
931,498,1141,3,664.0,1992.0,fulfilled
932,498,1091,1,311.0,311.0,fulfilled
933,499,1071,1,423.0,423.0,fulfilled
934,499,1141,3,664.0,1992.0,fulfilled
935,500,1048,1,136.0,136.0,out_of_stock_removed
936,500,1143,2,259.0,518.0,fulfilled
937,501,1050,3,125.0,375.0,fulfilled
938,501,1092,1,327.0,327.0,fulfilled
939,502,1038,1,50.0,50.0,fulfilled
940,502,1072,1,76.0,76.0,fulfilled
941,502,1015,1,115.0,115.0,out_of_stock_removed
942,503,1019,1,224.0,224.0,fulfilled
943,504,1141,1,664.0,664.0,fulfilled
944,505,1025,3,175.0,525.0,fulfilled
945,505,1024,3,236.0,708.0,fulfilled
946,506,1082,2,130.0,260.0,fulfilled
947,506,1003,1,127.0,127.0,substituted
948,507,1128,1,207.0,207.0,fulfilled
949,508,1088,1,240.0,240.0,fulfilled
950,509,1005,1,155.0,155.0,fulfilled
951,509,1046,1,31.0,31.0,fulfilled
952,509,1070,1,303.0,303.0,fulfilled
953,510,1105,2,623.0,1246.0,substituted
954,510,1108,2,398.0,796.0,fulfilled
955,511,1086,3,62.0,186.0,fulfilled
956,512,1061,1,310.0,310.0,fulfilled
957,513,1131,3,143.0,429.0,fulfilled
958,514,1078,1,265.0,265.0,fulfilled
959,515,1020,1,103.0,103.0,fulfilled
960,516,1140,1,240.0,240.0,fulfilled
961,517,1136,1,393.0,393.0,fulfilled
962,518,1028,1,311.0,311.0,fulfilled
963,518,1056,1,180.0,180.0,fulfilled
964,518,1125,2,667.0,1334.0,fulfilled
965,519,1015,1,115.0,115.0,fulfilled
966,519,1027,1,44.0,44.0,substituted
967,520,1132,2,296.0,592.0,fulfilled
968,521,1132,2,296.0,592.0,fulfilled
969,522,1139,1,83.0,83.0,fulfilled
970,523,1145,3,1144.0,3432.0,fulfilled
971,523,1015,1,115.0,115.0,out_of_stock_removed
972,524,1031,1,159.0,159.0,fulfilled
973,524,1047,1,102.0,102.0,fulfilled
974,524,1024,1,236.0,236.0,rejected_substitution
975,525,1115,1,460.0,460.0,fulfilled
976,525,1008,2,51.0,102.0,fulfilled
977,525,1103,1,220.0,220.0,fulfilled
978,526,1127,3,633.0,1899.0,fulfilled
979,526,1128,2,207.0,414.0,fulfilled
980,527,1111,3,60.0,180.0,fulfilled
981,528,1032,1,173.0,173.0,fulfilled
982,528,1087,1,341.0,341.0,fulfilled
983,529,1104,1,737.0,737.0,fulfilled
984,529,1143,1,259.0,259.0,fulfilled
985,530,1136,1,393.0,393.0,fulfilled
986,531,1128,3,207.0,621.0,fulfilled
987,531,1106,1,337.0,337.0,fulfilled
988,531,1036,1,58.0,58.0,fulfilled
989,532,1096,1,251.0,251.0,fulfilled
990,532,1035,1,297.0,297.0,fulfilled
991,533,1086,2,62.0,124.0,fulfilled
992,533,1034,1,70.0,70.0,fulfilled
993,534,1140,1,240.0,240.0,fulfilled
994,535,1116,1,486.0,486.0,fulfilled
995,535,1096,3,251.0,753.0,fulfilled
996,535,1141,2,664.0,1328.0,fulfilled
997,536,1144,3,438.0,1314.0,out_of_stock_removed
998,537,1006,1,31.0,31.0,out_of_stock_removed
999,538,1015,2,115.0,230.0,out_of_stock_removed
1000,538,1005,2,155.0,310.0,out_of_stock_removed
1001,538,1071,1,423.0,423.0,fulfilled
1002,538,1143,1,259.0,259.0,fulfilled
1003,539,1112,1,610.0,610.0,fulfilled
1004,539,1077,1,54.0,54.0,fulfilled
1005,539,1097,1,336.0,336.0,fulfilled
1006,540,1109,2,413.0,826.0,fulfilled
1007,540,1029,2,238.0,476.0,fulfilled
1008,540,1128,2,207.0,414.0,fulfilled
1009,540,1037,1,116.0,116.0,fulfilled
1010,541,1116,2,486.0,972.0,fulfilled
1011,542,1015,1,115.0,115.0,out_of_stock_removed
1012,542,1110,2,577.0,1154.0,fulfilled
1013,543,1024,2,236.0,472.0,substituted
1014,544,1061,1,310.0,310.0,fulfilled
1015,545,1141,1,664.0,664.0,fulfilled
1016,546,1072,1,76.0,76.0,fulfilled
1017,547,1100,1,548.0,548.0,fulfilled
1018,547,1047,2,102.0,204.0,fulfilled
1019,548,1089,2,154.0,308.0,fulfilled
1020,548,1111,1,60.0,60.0,rejected_substitution
1021,548,1079,1,90.0,90.0,fulfilled
1022,549,1059,1,444.0,444.0,fulfilled
1023,549,1017,1,198.0,198.0,fulfilled
1024,549,1037,1,116.0,116.0,fulfilled
1025,549,1038,1,50.0,50.0,fulfilled
1026,550,1009,1,169.0,169.0,substituted
1027,550,1128,3,207.0,621.0,fulfilled
1028,551,1099,1,338.0,338.0,fulfilled
1029,552,1015,1,115.0,115.0,fulfilled
1030,553,1028,1,311.0,311.0,fulfilled
1031,553,1060,1,211.0,211.0,fulfilled
1032,554,1126,3,376.0,1128.0,out_of_stock_removed
1033,555,1131,1,143.0,143.0,fulfilled
1034,556,1098,1,599.0,599.0,fulfilled
1035,556,1072,2,76.0,152.0,fulfilled
1036,556,1131,2,143.0,286.0,fulfilled
1037,557,1140,1,240.0,240.0,fulfilled
1038,558,1011,1,221.0,221.0,rejected_substitution
1039,559,1020,1,103.0,103.0,fulfilled
1040,559,1042,1,235.0,235.0,fulfilled
1041,559,1061,1,310.0,310.0,fulfilled
1042,560,1074,1,153.0,153.0,fulfilled
1043,561,1022,1,240.0,240.0,fulfilled
1044,561,1037,2,116.0,232.0,fulfilled
1045,562,1132,2,296.0,592.0,fulfilled
1046,563,1096,3,251.0,753.0,fulfilled
1047,563,1136,1,393.0,393.0,rejected_substitution
1048,563,1143,1,259.0,259.0,fulfilled
1049,564,1091,2,311.0,622.0,fulfilled
1050,564,1094,1,308.0,308.0,fulfilled
1051,564,1024,1,236.0,236.0,substituted
1052,564,1136,1,393.0,393.0,fulfilled
1053,565,1078,1,265.0,265.0,fulfilled
1054,565,1117,1,61.0,61.0,fulfilled
1055,565,1091,1,311.0,311.0,substituted
1056,566,1127,1,633.0,633.0,fulfilled
1057,566,1042,1,235.0,235.0,fulfilled
1058,566,1079,1,90.0,90.0,fulfilled
1059,566,1070,1,303.0,303.0,fulfilled
1060,567,1136,1,393.0,393.0,rejected_substitution
1061,568,1141,1,664.0,664.0,fulfilled
1062,569,1095,1,746.0,746.0,fulfilled
1063,569,1117,1,61.0,61.0,fulfilled
1064,569,1081,1,37.0,37.0,fulfilled
1065,570,1029,3,238.0,714.0,rejected_substitution
1066,570,1082,1,130.0,130.0,substituted
1067,570,1080,2,187.0,374.0,fulfilled
1068,570,1128,1,207.0,207.0,fulfilled
1069,571,1093,1,288.0,288.0,fulfilled
1070,572,1084,1,45.0,45.0,fulfilled
1071,572,1034,1,70.0,70.0,fulfilled
1072,572,1019,1,224.0,224.0,fulfilled
1073,572,1027,1,44.0,44.0,fulfilled
1074,573,1108,1,398.0,398.0,fulfilled
1075,573,1027,1,44.0,44.0,fulfilled
1076,574,1102,1,887.0,887.0,fulfilled
1077,575,1015,1,115.0,115.0,fulfilled
1078,576,1084,2,45.0,90.0,fulfilled
1079,577,1008,1,51.0,51.0,fulfilled
1080,578,1132,1,296.0,296.0,fulfilled
1081,579,1114,1,156.0,156.0,fulfilled
1082,579,1112,1,610.0,610.0,fulfilled
1083,580,1023,1,87.0,87.0,fulfilled
1084,581,1136,1,393.0,393.0,fulfilled
1085,582,1006,3,31.0,93.0,fulfilled
1086,583,1050,1,125.0,125.0,fulfilled
1087,583,1060,2,211.0,422.0,fulfilled
1088,584,1040,2,74.0,148.0,fulfilled
1089,585,1132,2,296.0,592.0,fulfilled
1090,585,1040,1,74.0,74.0,fulfilled
1091,586,1096,3,251.0,753.0,fulfilled
1092,586,1106,1,337.0,337.0,fulfilled
1093,587,1068,2,270.0,540.0,fulfilled
1094,587,1079,1,90.0,90.0,fulfilled
1095,587,1031,1,159.0,159.0,fulfilled
1096,587,1015,1,115.0,115.0,out_of_stock_removed
1097,588,1114,1,156.0,156.0,fulfilled
1098,589,1144,2,438.0,876.0,fulfilled
1099,590,1031,1,159.0,159.0,fulfilled
1100,591,1117,1,61.0,61.0,fulfilled
1101,592,1015,1,115.0,115.0,out_of_stock_removed
1102,593,1132,3,296.0,888.0,fulfilled
1103,594,1015,1,115.0,115.0,fulfilled
1104,594,1046,1,31.0,31.0,fulfilled
1105,594,1054,1,49.0,49.0,fulfilled
1106,594,1096,1,251.0,251.0,fulfilled
1107,595,1091,2,311.0,622.0,fulfilled
1108,595,1128,3,207.0,621.0,fulfilled
1109,596,1097,2,336.0,672.0,fulfilled
1110,597,1118,1,93.0,93.0,fulfilled
1111,598,1131,1,143.0,143.0,fulfilled
1112,599,1127,1,633.0,633.0,fulfilled
1113,599,1131,1,143.0,143.0,fulfilled
1114,599,1146,1,911.0,911.0,fulfilled
1115,600,1135,1,1063.0,1063.0,fulfilled
1116,600,1131,2,143.0,286.0,fulfilled
1117,601,1050,2,125.0,250.0,fulfilled
1118,601,1098,1,599.0,599.0,fulfilled
1119,601,1113,1,185.0,185.0,fulfilled
1120,602,1103,1,220.0,220.0,fulfilled
1121,603,1141,1,664.0,664.0,fulfilled
1122,604,1042,1,235.0,235.0,fulfilled
1123,604,1003,2,127.0,254.0,fulfilled
1124,604,1028,1,311.0,311.0,fulfilled
1125,605,1050,2,125.0,250.0,rejected_substitution
1126,605,1115,1,460.0,460.0,fulfilled
1127,606,1141,1,664.0,664.0,fulfilled
1128,606,1091,1,311.0,311.0,fulfilled
1129,606,1126,1,376.0,376.0,fulfilled
1130,606,1024,3,236.0,708.0,substituted
1131,607,1045,2,114.0,228.0,fulfilled
1132,608,1082,1,130.0,130.0,fulfilled
1133,609,1025,3,175.0,525.0,fulfilled
1134,610,1132,1,296.0,296.0,fulfilled
1135,611,1131,1,143.0,143.0,fulfilled
1136,611,1097,2,336.0,672.0,fulfilled
1137,611,1132,1,296.0,296.0,fulfilled
1138,611,1002,1,186.0,186.0,out_of_stock_removed
1139,612,1080,1,187.0,187.0,fulfilled
1140,613,1060,1,211.0,211.0,fulfilled
1141,613,1015,1,115.0,115.0,out_of_stock_removed
1142,614,1010,1,254.0,254.0,rejected_substitution
1143,615,1127,1,633.0,633.0,fulfilled
1144,616,1145,1,1144.0,1144.0,substituted
1145,617,1136,1,393.0,393.0,fulfilled
1146,618,1070,1,303.0,303.0,fulfilled
1147,618,1061,1,310.0,310.0,fulfilled
1148,619,1132,1,296.0,296.0,fulfilled
1149,619,1064,1,255.0,255.0,fulfilled
1150,619,1057,1,156.0,156.0,fulfilled
1151,619,1005,1,155.0,155.0,fulfilled
1152,619,1086,1,62.0,62.0,fulfilled
1153,620,1095,1,746.0,746.0,fulfilled
1154,621,1024,1,236.0,236.0,substituted
1155,622,1132,1,296.0,296.0,fulfilled
1156,622,1063,1,165.0,165.0,fulfilled
1157,623,1060,1,211.0,211.0,fulfilled
1158,623,1125,3,667.0,2001.0,fulfilled
1159,623,1136,3,393.0,1179.0,fulfilled
1160,624,1030,1,214.0,214.0,fulfilled
1161,625,1072,2,76.0,152.0,fulfilled
1162,625,1093,1,288.0,288.0,fulfilled
1163,626,1038,2,50.0,100.0,substituted
1164,627,1141,3,664.0,1992.0,fulfilled
1165,628,1038,1,50.0,50.0,fulfilled
1166,629,1117,1,61.0,61.0,fulfilled
1167,629,1110,2,577.0,1154.0,fulfilled
1168,630,1112,1,610.0,610.0,fulfilled
1169,630,1002,2,186.0,372.0,fulfilled
1170,630,1017,1,198.0,198.0,fulfilled
1171,631,1049,1,59.0,59.0,fulfilled
1172,631,1003,2,127.0,254.0,substituted
1173,632,1142,1,147.0,147.0,fulfilled
1174,633,1026,1,210.0,210.0,fulfilled
1175,634,1066,1,203.0,203.0,fulfilled
1176,634,1060,1,211.0,211.0,fulfilled
1177,635,1129,3,649.0,1947.0,fulfilled
1178,636,1051,1,158.0,158.0,fulfilled
1179,637,1140,1,240.0,240.0,fulfilled
1180,638,1048,2,136.0,272.0,fulfilled
1181,638,1015,1,115.0,115.0,fulfilled
1182,639,1053,2,37.0,74.0,fulfilled
1183,640,1015,1,115.0,115.0,fulfilled
1184,641,1015,1,115.0,115.0,fulfilled
1185,641,1050,1,125.0,125.0,fulfilled
1186,641,1029,1,238.0,238.0,substituted
1187,641,1072,3,76.0,228.0,rejected_substitution
1188,642,1146,3,911.0,2733.0,fulfilled
1189,642,1136,1,393.0,393.0,fulfilled
1190,643,1146,1,911.0,911.0,fulfilled
1191,644,1070,1,303.0,303.0,fulfilled
1192,644,1102,1,887.0,887.0,fulfilled
1193,645,1015,1,115.0,115.0,fulfilled
1194,646,1019,2,224.0,448.0,fulfilled
1195,646,1003,1,127.0,127.0,rejected_substitution
1196,647,1132,1,296.0,296.0,fulfilled
1197,648,1072,1,76.0,76.0,fulfilled
1198,648,1116,2,486.0,972.0,fulfilled
1199,649,1004,1,36.0,36.0,rejected_substitution
1200,650,1141,1,664.0,664.0,fulfilled
1201,650,1003,1,127.0,127.0,fulfilled
1202,651,1128,1,207.0,207.0,fulfilled
1203,651,1044,1,30.0,30.0,fulfilled
1204,652,1113,1,185.0,185.0,fulfilled
1205,653,1091,1,311.0,311.0,fulfilled
1206,653,1040,1,74.0,74.0,fulfilled
1207,654,1132,1,296.0,296.0,fulfilled
1208,654,1116,1,486.0,486.0,fulfilled
1209,655,1128,1,207.0,207.0,fulfilled
1210,655,1066,1,203.0,203.0,fulfilled
1211,656,1081,3,37.0,111.0,fulfilled
1212,656,1067,2,275.0,550.0,fulfilled
1213,656,1005,1,155.0,155.0,fulfilled
1214,657,1024,1,236.0,236.0,fulfilled
1215,658,1092,1,327.0,327.0,fulfilled
1216,658,1049,2,59.0,118.0,fulfilled
1217,658,1114,1,156.0,156.0,fulfilled
1218,658,1142,2,147.0,294.0,fulfilled
1219,659,1140,1,240.0,240.0,fulfilled
1220,660,1114,1,156.0,156.0,fulfilled
1221,660,1127,1,633.0,633.0,fulfilled
1222,661,1126,2,376.0,752.0,fulfilled
1223,661,1131,1,143.0,143.0,fulfilled
1224,662,1091,1,311.0,311.0,fulfilled
1225,662,1053,1,37.0,37.0,fulfilled
1226,663,1136,2,393.0,786.0,substituted
1227,663,1142,2,147.0,294.0,substituted
1228,664,1097,3,336.0,1008.0,fulfilled
1229,664,1137,1,532.0,532.0,fulfilled
1230,665,1057,1,156.0,156.0,fulfilled
1231,665,1103,1,220.0,220.0,fulfilled
1232,666,1036,2,58.0,116.0,fulfilled
1233,667,1053,2,37.0,74.0,fulfilled
1234,667,1045,3,114.0,342.0,fulfilled
1235,667,1086,2,62.0,124.0,fulfilled
1236,667,1038,2,50.0,100.0,fulfilled
1237,667,1106,2,337.0,674.0,fulfilled
1238,668,1087,1,341.0,341.0,fulfilled
1239,668,1086,1,62.0,62.0,substituted
1240,668,1087,2,341.0,682.0,fulfilled
1241,669,1072,1,76.0,76.0,fulfilled
1242,669,1036,1,58.0,58.0,fulfilled
1243,670,1082,2,130.0,260.0,fulfilled
1244,670,1125,1,667.0,667.0,fulfilled
1245,671,1117,1,61.0,61.0,fulfilled
1246,672,1017,2,198.0,396.0,fulfilled
1247,672,1005,1,155.0,155.0,out_of_stock_removed
1248,673,1002,1,186.0,186.0,fulfilled
1249,674,1127,1,633.0,633.0,fulfilled
1250,674,1013,1,97.0,97.0,fulfilled
1251,675,1098,1,599.0,599.0,fulfilled
1252,676,1024,2,236.0,472.0,substituted
1253,676,1080,1,187.0,187.0,fulfilled
1254,677,1141,1,664.0,664.0,fulfilled
1255,678,1063,3,165.0,495.0,fulfilled
1256,679,1037,2,116.0,232.0,fulfilled
1257,679,1136,1,393.0,393.0,fulfilled
1258,679,1137,1,532.0,532.0,fulfilled
1259,680,1145,1,1144.0,1144.0,fulfilled
1260,681,1136,1,393.0,393.0,substituted
1261,682,1136,1,393.0,393.0,fulfilled
1262,682,1110,1,577.0,577.0,fulfilled
1263,683,1091,1,311.0,311.0,fulfilled
1264,683,1035,1,297.0,297.0,fulfilled
1265,684,1105,1,623.0,623.0,fulfilled
1266,684,1092,1,327.0,327.0,fulfilled
1267,685,1067,2,275.0,550.0,fulfilled
1268,686,1131,1,143.0,143.0,fulfilled
1269,687,1141,2,664.0,1328.0,fulfilled
1270,687,1132,1,296.0,296.0,fulfilled
1271,688,1018,2,177.0,354.0,substituted
1272,689,1058,3,84.0,252.0,fulfilled
1273,690,1001,1,36.0,36.0,out_of_stock_removed
1274,690,1132,1,296.0,296.0,fulfilled
1275,691,1002,1,186.0,186.0,fulfilled
1276,691,1115,1,460.0,460.0,fulfilled
1277,691,1088,1,240.0,240.0,fulfilled
1278,691,1115,2,460.0,920.0,fulfilled
1279,692,1065,1,388.0,388.0,fulfilled
1280,692,1005,1,155.0,155.0,fulfilled
1281,693,1038,1,50.0,50.0,fulfilled
1282,694,1118,1,93.0,93.0,fulfilled
1283,694,1023,1,87.0,87.0,rejected_substitution
1284,694,1071,1,423.0,423.0,fulfilled
1285,695,1115,2,460.0,920.0,out_of_stock_removed
1286,695,1038,1,50.0,50.0,fulfilled
1287,696,1073,1,90.0,90.0,fulfilled
1288,696,1096,1,251.0,251.0,fulfilled
1289,696,1113,2,185.0,370.0,fulfilled
1290,697,1007,2,108.0,216.0,fulfilled
1291,698,1037,1,116.0,116.0,fulfilled
1292,698,1007,1,108.0,108.0,substituted
1293,699,1053,1,37.0,37.0,fulfilled
1294,700,1021,1,232.0,232.0,fulfilled
1295,700,1070,1,303.0,303.0,fulfilled
1296,700,1137,1,532.0,532.0,fulfilled
1297,701,1052,1,30.0,30.0,out_of_stock_removed
1298,701,1096,1,251.0,251.0,fulfilled
1299,701,1097,1,336.0,336.0,fulfilled
1300,702,1093,1,288.0,288.0,fulfilled
1301,702,1128,1,207.0,207.0,fulfilled
1302,703,1024,2,236.0,472.0,fulfilled
1303,703,1036,1,58.0,58.0,fulfilled
1304,703,1077,2,54.0,108.0,fulfilled
1305,704,1062,1,59.0,59.0,fulfilled
1306,705,1077,1,54.0,54.0,out_of_stock_removed
1307,706,1015,1,115.0,115.0,fulfilled
1308,706,1132,1,296.0,296.0,fulfilled
1309,706,1036,1,58.0,58.0,substituted
1310,706,1145,1,1144.0,1144.0,substituted
1311,707,1128,2,207.0,414.0,fulfilled
1312,707,1119,2,172.0,344.0,fulfilled
1313,708,1015,2,115.0,230.0,fulfilled
1314,708,1088,2,240.0,480.0,fulfilled
1315,708,1087,1,341.0,341.0,fulfilled
1316,709,1018,1,177.0,177.0,fulfilled
1317,709,1026,2,210.0,420.0,out_of_stock_removed
1318,710,1076,1,312.0,312.0,fulfilled
1319,710,1015,1,115.0,115.0,fulfilled
1320,711,1143,1,259.0,259.0,fulfilled
1321,712,1068,1,270.0,270.0,fulfilled
1322,712,1141,1,664.0,664.0,fulfilled
1323,713,1143,1,259.0,259.0,rejected_substitution
1324,713,1076,1,312.0,312.0,fulfilled
1325,713,1112,3,610.0,1830.0,fulfilled
1326,714,1081,1,37.0,37.0,fulfilled
1327,714,1131,1,143.0,143.0,fulfilled
1328,715,1062,1,59.0,59.0,fulfilled
1329,715,1097,1,336.0,336.0,fulfilled
1330,715,1035,1,297.0,297.0,fulfilled
1331,715,1131,1,143.0,143.0,fulfilled
1332,716,1072,2,76.0,152.0,fulfilled
1333,717,1050,1,125.0,125.0,substituted
1334,718,1125,1,667.0,667.0,fulfilled
1335,719,1132,2,296.0,592.0,fulfilled
1336,719,1070,2,303.0,606.0,fulfilled
1337,719,1086,1,62.0,62.0,fulfilled
1338,720,1132,1,296.0,296.0,fulfilled
1339,721,1054,1,49.0,49.0,fulfilled
1340,722,1133,2,586.0,1172.0,fulfilled
1341,722,1070,1,303.0,303.0,fulfilled
1342,722,1143,1,259.0,259.0,fulfilled
1343,723,1115,3,460.0,1380.0,fulfilled
1344,723,1061,1,310.0,310.0,fulfilled
1345,723,1128,1,207.0,207.0,fulfilled
1346,723,1082,1,130.0,130.0,fulfilled
1347,724,1114,1,156.0,156.0,fulfilled
1348,725,1007,2,108.0,216.0,fulfilled
1349,725,1024,2,236.0,472.0,fulfilled
1350,726,1015,1,115.0,115.0,fulfilled
1351,726,1041,1,309.0,309.0,fulfilled
1352,726,1121,1,549.0,549.0,fulfilled
1353,727,1146,1,911.0,911.0,fulfilled
1354,728,1132,1,296.0,296.0,fulfilled
1355,729,1128,1,207.0,207.0,fulfilled
1356,729,1050,1,125.0,125.0,fulfilled
1357,730,1114,1,156.0,156.0,fulfilled
1358,731,1046,1,31.0,31.0,fulfilled
1359,732,1077,1,54.0,54.0,fulfilled
1360,733,1050,1,125.0,125.0,fulfilled
1361,734,1093,1,288.0,288.0,fulfilled
1362,734,1141,1,664.0,664.0,fulfilled
1363,734,1049,1,59.0,59.0,substituted
1364,734,1125,1,667.0,667.0,fulfilled
1365,735,1101,1,561.0,561.0,fulfilled
1366,735,1037,1,116.0,116.0,fulfilled
1367,735,1123,1,208.0,208.0,fulfilled
1368,736,1056,1,180.0,180.0,fulfilled
1369,736,1054,1,49.0,49.0,substituted
1370,737,1016,1,179.0,179.0,fulfilled
1371,737,1108,2,398.0,796.0,fulfilled
1372,737,1141,1,664.0,664.0,fulfilled
1373,738,1141,1,664.0,664.0,fulfilled
1374,738,1103,3,220.0,660.0,fulfilled
1375,738,1128,1,207.0,207.0,fulfilled
1376,739,1074,2,153.0,306.0,fulfilled
1377,740,1038,1,50.0,50.0,rejected_substitution
1378,741,1041,1,309.0,309.0,fulfilled
1379,741,1101,2,561.0,1122.0,fulfilled
1380,742,1034,3,70.0,210.0,fulfilled
1381,743,1136,2,393.0,786.0,fulfilled
1382,744,1054,1,49.0,49.0,substituted
1383,744,1029,1,238.0,238.0,fulfilled
1384,745,1142,1,147.0,147.0,fulfilled
1385,746,1001,2,36.0,72.0,fulfilled
1386,746,1066,2,203.0,406.0,fulfilled
1387,747,1005,2,155.0,310.0,out_of_stock_removed
1388,748,1099,1,338.0,338.0,fulfilled
1389,748,1089,1,154.0,154.0,fulfilled
1390,749,1072,1,76.0,76.0,fulfilled
1391,750,1143,1,259.0,259.0,fulfilled
1392,750,1064,1,255.0,255.0,fulfilled
1393,751,1141,1,664.0,664.0,fulfilled
1394,751,1024,2,236.0,472.0,fulfilled
1395,751,1063,1,165.0,165.0,fulfilled
1396,752,1101,2,561.0,1122.0,fulfilled
1397,753,1146,3,911.0,2733.0,fulfilled
1398,754,1015,2,115.0,230.0,fulfilled
1399,754,1104,2,737.0,1474.0,fulfilled
1400,755,1058,2,84.0,168.0,fulfilled
1401,755,1098,2,599.0,1198.0,fulfilled
1402,756,1038,1,50.0,50.0,fulfilled
1403,757,1038,1,50.0,50.0,fulfilled
1404,757,1007,1,108.0,108.0,fulfilled
1405,757,1039,1,182.0,182.0,fulfilled
1406,757,1118,2,93.0,186.0,fulfilled
1407,757,1083,2,265.0,530.0,fulfilled
1408,757,1080,1,187.0,187.0,fulfilled
1409,758,1049,1,59.0,59.0,rejected_substitution
1410,758,1024,1,236.0,236.0,fulfilled
1411,758,1119,1,172.0,172.0,fulfilled
1412,759,1130,1,379.0,379.0,fulfilled
1413,759,1058,1,84.0,84.0,fulfilled
1414,760,1117,1,61.0,61.0,fulfilled
1415,761,1108,1,398.0,398.0,fulfilled
1416,761,1095,1,746.0,746.0,fulfilled
1417,762,1086,2,62.0,124.0,fulfilled
1418,762,1107,2,665.0,1330.0,fulfilled
1419,763,1142,2,147.0,294.0,fulfilled
1420,763,1132,2,296.0,592.0,fulfilled
1421,763,1078,2,265.0,530.0,fulfilled
1422,764,1080,2,187.0,374.0,fulfilled
1423,765,1009,3,169.0,507.0,fulfilled
1424,766,1040,1,74.0,74.0,fulfilled
1425,766,1043,1,80.0,80.0,fulfilled
1426,767,1015,1,115.0,115.0,fulfilled
1427,767,1035,1,297.0,297.0,fulfilled
1428,768,1132,3,296.0,888.0,fulfilled
1429,769,1060,1,211.0,211.0,out_of_stock_removed
1430,770,1118,2,93.0,186.0,fulfilled
1431,770,1050,1,125.0,125.0,fulfilled
1432,770,1082,3,130.0,390.0,fulfilled
1433,771,1091,1,311.0,311.0,fulfilled
1434,771,1135,1,1063.0,1063.0,fulfilled
1435,772,1004,3,36.0,108.0,fulfilled
1436,772,1142,1,147.0,147.0,fulfilled
1437,773,1062,1,59.0,59.0,fulfilled
1438,774,1091,1,311.0,311.0,fulfilled
1439,775,1091,1,311.0,311.0,fulfilled
1440,776,1031,1,159.0,159.0,fulfilled
1441,777,1113,2,185.0,370.0,fulfilled
1442,777,1106,2,337.0,674.0,fulfilled
1443,778,1057,1,156.0,156.0,fulfilled
1444,779,1122,1,672.0,672.0,fulfilled
1445,779,1143,1,259.0,259.0,fulfilled
1446,779,1142,1,147.0,147.0,fulfilled
1447,780,1117,1,61.0,61.0,fulfilled
1448,780,1108,3,398.0,1194.0,fulfilled
1449,780,1128,2,207.0,414.0,fulfilled
1450,781,1136,3,393.0,1179.0,fulfilled
1451,781,1128,1,207.0,207.0,fulfilled
1452,782,1117,1,61.0,61.0,fulfilled
1453,782,1092,1,327.0,327.0,fulfilled
1454,782,1089,1,154.0,154.0,fulfilled
1455,782,1108,1,398.0,398.0,fulfilled
1456,782,1028,2,311.0,622.0,fulfilled
1457,783,1062,2,59.0,118.0,fulfilled
1458,784,1118,1,93.0,93.0,fulfilled
1459,784,1002,1,186.0,186.0,fulfilled
1460,785,1096,1,251.0,251.0,fulfilled
1461,786,1141,1,664.0,664.0,fulfilled
1462,786,1038,1,50.0,50.0,fulfilled
1463,787,1146,1,911.0,911.0,fulfilled
1464,787,1015,1,115.0,115.0,fulfilled
1465,787,1112,1,610.0,610.0,fulfilled
1466,788,1019,2,224.0,448.0,fulfilled
1467,789,1132,1,296.0,296.0,fulfilled
1468,790,1109,1,413.0,413.0,fulfilled
1469,790,1112,1,610.0,610.0,fulfilled
1470,791,1061,2,310.0,620.0,fulfilled
1471,791,1118,1,93.0,93.0,fulfilled
1472,791,1062,1,59.0,59.0,fulfilled
1473,791,1072,1,76.0,76.0,fulfilled
1474,792,1003,1,127.0,127.0,fulfilled
1475,792,1001,1,36.0,36.0,fulfilled
1476,793,1034,1,70.0,70.0,fulfilled
1477,793,1044,2,30.0,60.0,fulfilled
1478,793,1061,1,310.0,310.0,fulfilled
1479,793,1001,2,36.0,72.0,fulfilled
1480,794,1001,1,36.0,36.0,fulfilled
1481,795,1136,2,393.0,786.0,fulfilled
1482,796,1015,1,115.0,115.0,fulfilled
1483,797,1094,3,308.0,924.0,fulfilled
1484,798,1125,1,667.0,667.0,fulfilled
1485,799,1003,1,127.0,127.0,fulfilled
1486,799,1037,1,116.0,116.0,fulfilled
1487,799,1070,2,303.0,606.0,fulfilled
1488,800,1144,2,438.0,876.0,fulfilled
1489,800,1128,2,207.0,414.0,fulfilled
1490,801,1023,1,87.0,87.0,fulfilled
1491,802,1019,1,224.0,224.0,substituted
1492,802,1021,3,232.0,696.0,fulfilled
1493,802,1128,1,207.0,207.0,fulfilled
1494,803,1072,1,76.0,76.0,fulfilled
1495,803,1093,1,288.0,288.0,substituted
1496,803,1145,1,1144.0,1144.0,fulfilled
1497,803,1015,3,115.0,345.0,out_of_stock_removed
1498,803,1103,1,220.0,220.0,fulfilled
1499,804,1025,2,175.0,350.0,rejected_substitution
1500,805,1024,2,236.0,472.0,fulfilled
1501,806,1087,1,341.0,341.0,fulfilled
1502,807,1111,2,60.0,120.0,fulfilled
1503,808,1088,1,240.0,240.0,fulfilled
1504,809,1113,1,185.0,185.0,out_of_stock_removed
1505,810,1136,2,393.0,786.0,fulfilled
1506,811,1010,2,254.0,508.0,substituted
1507,812,1110,2,577.0,1154.0,fulfilled
1508,813,1005,1,155.0,155.0,fulfilled
1509,813,1141,1,664.0,664.0,fulfilled
1510,813,1142,1,147.0,147.0,fulfilled
1511,814,1068,1,270.0,270.0,fulfilled
1512,815,1143,3,259.0,777.0,fulfilled
1513,816,1041,1,309.0,309.0,fulfilled
1514,817,1015,1,115.0,115.0,fulfilled
1515,817,1015,2,115.0,230.0,fulfilled
1516,818,1015,1,115.0,115.0,fulfilled
1517,819,1023,1,87.0,87.0,fulfilled
1518,819,1092,2,327.0,654.0,fulfilled
1519,820,1102,1,887.0,887.0,fulfilled
1520,820,1089,2,154.0,308.0,fulfilled
1521,820,1037,1,116.0,116.0,fulfilled
1522,821,1114,1,156.0,156.0,fulfilled
1523,821,1141,1,664.0,664.0,fulfilled
1524,822,1072,2,76.0,152.0,fulfilled
1525,822,1127,1,633.0,633.0,fulfilled
1526,822,1143,1,259.0,259.0,fulfilled
1527,823,1052,1,30.0,30.0,fulfilled
1528,823,1100,1,548.0,548.0,fulfilled
1529,824,1024,1,236.0,236.0,fulfilled
1530,824,1019,1,224.0,224.0,fulfilled
1531,824,1140,1,240.0,240.0,fulfilled
1532,825,1128,1,207.0,207.0,fulfilled
1533,825,1015,3,115.0,345.0,fulfilled
1534,825,1025,2,175.0,350.0,fulfilled
1535,826,1007,3,108.0,324.0,fulfilled
1536,827,1017,1,198.0,198.0,fulfilled
1537,827,1089,1,154.0,154.0,fulfilled
1538,828,1037,1,116.0,116.0,fulfilled
1539,828,1117,1,61.0,61.0,fulfilled
1540,828,1032,1,173.0,173.0,fulfilled
1541,828,1128,2,207.0,414.0,fulfilled
1542,829,1136,1,393.0,393.0,fulfilled
1543,830,1036,1,58.0,58.0,fulfilled
1544,830,1027,2,44.0,88.0,fulfilled
1545,830,1118,1,93.0,93.0,fulfilled
1546,830,1035,2,297.0,594.0,fulfilled
1547,831,1143,1,259.0,259.0,fulfilled
1548,831,1093,1,288.0,288.0,fulfilled
1549,832,1061,3,310.0,930.0,fulfilled
1550,832,1069,1,313.0,313.0,fulfilled
1551,832,1041,1,309.0,309.0,fulfilled
1552,833,1053,1,37.0,37.0,fulfilled
1553,834,1058,1,84.0,84.0,fulfilled
1554,834,1132,1,296.0,296.0,rejected_substitution
1555,834,1144,1,438.0,438.0,fulfilled
1556,835,1132,3,296.0,888.0,fulfilled
1557,835,1019,1,224.0,224.0,fulfilled
1558,836,1145,2,1144.0,2288.0,fulfilled
1559,836,1044,1,30.0,30.0,fulfilled
1560,837,1004,2,36.0,72.0,rejected_substitution
1561,837,1080,1,187.0,187.0,fulfilled
1562,838,1007,1,108.0,108.0,fulfilled
1563,838,1078,1,265.0,265.0,fulfilled
1564,839,1070,2,303.0,606.0,fulfilled
1565,840,1115,1,460.0,460.0,fulfilled
1566,840,1072,3,76.0,228.0,fulfilled
1567,841,1015,1,115.0,115.0,fulfilled
1568,842,1080,3,187.0,561.0,fulfilled
1569,843,1060,2,211.0,422.0,fulfilled
1570,843,1140,1,240.0,240.0,fulfilled
1571,844,1061,1,310.0,310.0,rejected_substitution
1572,844,1074,2,153.0,306.0,fulfilled
1573,844,1143,1,259.0,259.0,fulfilled
1574,845,1132,2,296.0,592.0,fulfilled
1575,845,1141,1,664.0,664.0,fulfilled
1576,845,1069,1,313.0,313.0,fulfilled
1577,846,1080,1,187.0,187.0,fulfilled
1578,846,1127,1,633.0,633.0,fulfilled
1579,846,1084,1,45.0,45.0,fulfilled
1580,846,1117,1,61.0,61.0,fulfilled
1581,847,1132,1,296.0,296.0,fulfilled
1582,847,1024,1,236.0,236.0,fulfilled
1583,848,1143,1,259.0,259.0,fulfilled
1584,848,1078,1,265.0,265.0,fulfilled
1585,848,1044,1,30.0,30.0,fulfilled
1586,849,1082,3,130.0,390.0,rejected_substitution
1587,849,1056,1,180.0,180.0,fulfilled
1588,850,1128,2,207.0,414.0,fulfilled
1589,851,1093,1,288.0,288.0,fulfilled
1590,851,1015,1,115.0,115.0,out_of_stock_removed
1591,852,1124,1,482.0,482.0,fulfilled
1592,852,1135,1,1063.0,1063.0,fulfilled
1593,852,1063,1,165.0,165.0,fulfilled
1594,852,1012,1,192.0,192.0,rejected_substitution
1595,853,1103,1,220.0,220.0,fulfilled
1596,854,1015,1,115.0,115.0,fulfilled
1597,854,1041,1,309.0,309.0,fulfilled
1598,855,1096,2,251.0,502.0,fulfilled
1599,855,1086,1,62.0,62.0,fulfilled
1600,856,1098,3,599.0,1797.0,fulfilled
1601,857,1115,1,460.0,460.0,fulfilled
1602,858,1103,3,220.0,660.0,fulfilled
1603,858,1141,1,664.0,664.0,fulfilled
1604,859,1117,2,61.0,122.0,fulfilled
1605,859,1132,2,296.0,592.0,fulfilled
1606,860,1136,1,393.0,393.0,fulfilled
1607,860,1012,1,192.0,192.0,fulfilled
1608,860,1115,1,460.0,460.0,fulfilled
1609,861,1070,1,303.0,303.0,fulfilled
1610,861,1021,1,232.0,232.0,fulfilled
1611,861,1015,2,115.0,230.0,fulfilled
1612,861,1080,2,187.0,374.0,fulfilled
1613,862,1024,1,236.0,236.0,fulfilled
1614,862,1098,1,599.0,599.0,fulfilled
1615,863,1114,2,156.0,312.0,fulfilled
1616,863,1038,1,50.0,50.0,fulfilled
1617,863,1113,2,185.0,370.0,out_of_stock_removed
1618,864,1088,1,240.0,240.0,fulfilled
1619,865,1015,1,115.0,115.0,fulfilled
1620,865,1068,3,270.0,810.0,rejected_substitution
1621,865,1075,1,161.0,161.0,fulfilled
1622,866,1053,1,37.0,37.0,fulfilled
1623,866,1132,2,296.0,592.0,fulfilled
1624,866,1019,1,224.0,224.0,substituted
1625,867,1114,1,156.0,156.0,fulfilled
1626,868,1103,1,220.0,220.0,fulfilled
1627,869,1098,1,599.0,599.0,rejected_substitution
1628,869,1031,1,159.0,159.0,fulfilled
1629,870,1036,1,58.0,58.0,fulfilled
1630,871,1114,1,156.0,156.0,fulfilled
1631,872,1096,2,251.0,502.0,fulfilled
1632,873,1005,1,155.0,155.0,fulfilled
1633,873,1065,2,388.0,776.0,fulfilled
1634,873,1097,1,336.0,336.0,fulfilled
1635,874,1142,1,147.0,147.0,rejected_substitution
1636,875,1041,1,309.0,309.0,fulfilled
1637,876,1077,1,54.0,54.0,fulfilled
1638,877,1132,1,296.0,296.0,fulfilled
1639,878,1132,1,296.0,296.0,fulfilled
1640,879,1028,1,311.0,311.0,fulfilled
1641,880,1046,1,31.0,31.0,substituted
1642,880,1136,1,393.0,393.0,fulfilled
1643,881,1078,1,265.0,265.0,fulfilled
1644,882,1088,1,240.0,240.0,fulfilled
1645,882,1143,1,259.0,259.0,fulfilled
1646,882,1136,3,393.0,1179.0,fulfilled
1647,882,1024,2,236.0,472.0,fulfilled
1648,883,1046,3,31.0,93.0,fulfilled
1649,884,1072,3,76.0,228.0,fulfilled
1650,884,1025,1,175.0,175.0,fulfilled
1651,885,1128,2,207.0,414.0,substituted
1652,885,1026,1,210.0,210.0,fulfilled
1653,885,1142,1,147.0,147.0,fulfilled
1654,885,1131,1,143.0,143.0,fulfilled
1655,886,1104,3,737.0,2211.0,fulfilled
1656,887,1143,1,259.0,259.0,fulfilled
1657,887,1127,2,633.0,1266.0,fulfilled
1658,888,1080,2,187.0,374.0,fulfilled
1659,889,1026,3,210.0,630.0,fulfilled
1660,889,1057,1,156.0,156.0,fulfilled
1661,889,1078,1,265.0,265.0,fulfilled
1662,890,1132,2,296.0,592.0,fulfilled
1663,890,1140,2,240.0,480.0,fulfilled
1664,890,1142,2,147.0,294.0,fulfilled
1665,890,1141,1,664.0,664.0,fulfilled
1666,890,1115,1,460.0,460.0,out_of_stock_removed
1667,890,1095,1,746.0,746.0,fulfilled
1668,891,1070,3,303.0,909.0,fulfilled
1669,891,1054,2,49.0,98.0,fulfilled
1670,891,1141,2,664.0,1328.0,fulfilled
1671,892,1015,1,115.0,115.0,fulfilled
1672,893,1072,2,76.0,152.0,fulfilled
1673,894,1131,1,143.0,143.0,fulfilled
1674,894,1142,3,147.0,441.0,fulfilled
1675,894,1117,1,61.0,61.0,fulfilled
1676,895,1045,2,114.0,228.0,fulfilled
1677,895,1088,1,240.0,240.0,fulfilled
1678,895,1115,1,460.0,460.0,fulfilled
1679,895,1019,1,224.0,224.0,fulfilled
1680,896,1145,2,1144.0,2288.0,fulfilled
1681,896,1141,2,664.0,1328.0,fulfilled
1682,896,1015,1,115.0,115.0,out_of_stock_removed
1683,897,1141,2,664.0,1328.0,fulfilled
1684,897,1071,2,423.0,846.0,fulfilled
1685,897,1055,1,91.0,91.0,fulfilled
1686,898,1129,1,649.0,649.0,fulfilled
1687,898,1015,1,115.0,115.0,fulfilled
1688,899,1141,3,664.0,1992.0,fulfilled
1689,900,1103,3,220.0,660.0,fulfilled
1690,901,1107,1,665.0,665.0,fulfilled
1691,902,1093,1,288.0,288.0,fulfilled
1692,902,1082,1,130.0,130.0,fulfilled
1693,902,1128,2,207.0,414.0,fulfilled
1694,903,1121,1,549.0,549.0,fulfilled
1695,903,1059,1,444.0,444.0,fulfilled
1696,904,1015,3,115.0,345.0,out_of_stock_removed
1697,905,1089,2,154.0,308.0,out_of_stock_removed
1698,905,1144,1,438.0,438.0,fulfilled
1699,906,1127,1,633.0,633.0,fulfilled
1700,907,1132,2,296.0,592.0,fulfilled
1701,908,1143,1,259.0,259.0,fulfilled
1702,908,1073,1,90.0,90.0,fulfilled
1703,909,1128,1,207.0,207.0,substituted
1704,909,1080,1,187.0,187.0,fulfilled
1705,909,1141,1,664.0,664.0,fulfilled
1706,910,1071,1,423.0,423.0,fulfilled
1707,911,1056,2,180.0,360.0,fulfilled
1708,912,1017,1,198.0,198.0,fulfilled
1709,912,1131,1,143.0,143.0,fulfilled
1710,913,1047,1,102.0,102.0,substituted
1711,914,1132,3,296.0,888.0,fulfilled
1712,914,1032,2,173.0,346.0,substituted
1713,914,1039,2,182.0,364.0,fulfilled
1714,915,1141,1,664.0,664.0,fulfilled
1715,915,1034,2,70.0,140.0,fulfilled
1716,915,1015,1,115.0,115.0,fulfilled
1717,916,1112,1,610.0,610.0,fulfilled
1718,916,1136,1,393.0,393.0,fulfilled
1719,916,1074,3,153.0,459.0,fulfilled
1720,916,1018,1,177.0,177.0,fulfilled
1721,917,1070,1,303.0,303.0,fulfilled
1722,918,1099,1,338.0,338.0,fulfilled
1723,919,1081,1,37.0,37.0,fulfilled
1724,920,1061,3,310.0,930.0,fulfilled
1725,921,1057,3,156.0,468.0,fulfilled
1726,921,1046,2,31.0,62.0,fulfilled
1727,921,1129,1,649.0,649.0,fulfilled
1728,922,1005,3,155.0,465.0,fulfilled
1729,923,1069,3,313.0,939.0,fulfilled
1730,923,1033,1,282.0,282.0,fulfilled
1731,924,1132,3,296.0,888.0,substituted
1732,925,1028,1,311.0,311.0,fulfilled
1733,926,1124,2,482.0,964.0,fulfilled
1734,926,1137,1,532.0,532.0,fulfilled
1735,926,1136,1,393.0,393.0,fulfilled
1736,926,1067,1,275.0,275.0,fulfilled
1737,926,1132,1,296.0,296.0,rejected_substitution
1738,927,1072,1,76.0,76.0,fulfilled
1739,928,1080,1,187.0,187.0,fulfilled
1740,928,1141,1,664.0,664.0,fulfilled
1741,928,1131,2,143.0,286.0,fulfilled
1742,929,1070,1,303.0,303.0,fulfilled
1743,929,1036,1,58.0,58.0,fulfilled
1744,929,1047,1,102.0,102.0,fulfilled
1745,929,1042,2,235.0,470.0,fulfilled
1746,929,1026,1,210.0,210.0,fulfilled
1747,929,1024,3,236.0,708.0,substituted
1748,930,1048,1,136.0,136.0,out_of_stock_removed
1749,931,1015,1,115.0,115.0,fulfilled
1750,931,1143,1,259.0,259.0,fulfilled
1751,931,1122,1,672.0,672.0,fulfilled
1752,932,1021,2,232.0,464.0,fulfilled
1753,932,1086,1,62.0,62.0,rejected_substitution
1754,933,1114,1,156.0,156.0,fulfilled
1755,933,1134,1,935.0,935.0,fulfilled
1756,934,1115,2,460.0,920.0,fulfilled
1757,934,1135,2,1063.0,2126.0,fulfilled
1758,935,1061,1,310.0,310.0,fulfilled
1759,935,1015,1,115.0,115.0,fulfilled
1760,936,1096,1,251.0,251.0,fulfilled
1761,936,1101,1,561.0,561.0,fulfilled
1762,937,1132,1,296.0,296.0,fulfilled
1763,938,1039,1,182.0,182.0,fulfilled
1764,939,1117,1,61.0,61.0,fulfilled
1765,939,1028,1,311.0,311.0,fulfilled
1766,940,1066,2,203.0,406.0,fulfilled
1767,940,1091,1,311.0,311.0,fulfilled
1768,940,1032,1,173.0,173.0,rejected_substitution
1769,941,1140,1,240.0,240.0,fulfilled
1770,941,1086,1,62.0,62.0,fulfilled
1771,942,1038,2,50.0,100.0,rejected_substitution
1772,942,1016,1,179.0,179.0,fulfilled
1773,942,1035,1,297.0,297.0,fulfilled
1774,943,1070,2,303.0,606.0,fulfilled
1775,944,1028,1,311.0,311.0,fulfilled
1776,944,1071,2,423.0,846.0,fulfilled
1777,944,1128,1,207.0,207.0,fulfilled
1778,945,1141,1,664.0,664.0,fulfilled
1779,945,1022,1,240.0,240.0,fulfilled
1780,945,1015,1,115.0,115.0,fulfilled
1781,946,1071,1,423.0,423.0,fulfilled
1782,947,1098,1,599.0,599.0,fulfilled
1783,948,1076,2,312.0,624.0,fulfilled
1784,948,1044,1,30.0,30.0,fulfilled
1785,948,1070,2,303.0,606.0,fulfilled
1786,949,1139,1,83.0,83.0,substituted
1787,950,1060,1,211.0,211.0,fulfilled
1788,951,1117,1,61.0,61.0,fulfilled
1789,951,1015,1,115.0,115.0,fulfilled
1790,951,1093,2,288.0,576.0,fulfilled
1791,951,1070,2,303.0,606.0,fulfilled
1792,952,1052,2,30.0,60.0,fulfilled
1793,953,1062,1,59.0,59.0,fulfilled
1794,954,1029,1,238.0,238.0,substituted
1795,954,1004,1,36.0,36.0,fulfilled
1796,954,1041,1,309.0,309.0,fulfilled
1797,955,1128,2,207.0,414.0,fulfilled
1798,955,1128,1,207.0,207.0,fulfilled
1799,955,1024,1,236.0,236.0,fulfilled
1800,955,1007,1,108.0,108.0,rejected_substitution
1801,956,1023,1,87.0,87.0,fulfilled
1802,956,1019,2,224.0,448.0,fulfilled
1803,956,1093,1,288.0,288.0,fulfilled
1804,957,1071,1,423.0,423.0,fulfilled
1805,957,1139,1,83.0,83.0,fulfilled
1806,958,1140,1,240.0,240.0,fulfilled
1807,958,1020,1,103.0,103.0,fulfilled
1808,959,1132,2,296.0,592.0,fulfilled
1809,959,1132,1,296.0,296.0,fulfilled
1810,959,1015,1,115.0,115.0,fulfilled
1811,959,1139,3,83.0,249.0,fulfilled
1812,960,1131,1,143.0,143.0,fulfilled
1813,960,1140,2,240.0,480.0,fulfilled
1814,961,1080,1,187.0,187.0,fulfilled
1815,962,1124,1,482.0,482.0,fulfilled
1816,962,1070,1,303.0,303.0,fulfilled
1817,963,1024,1,236.0,236.0,fulfilled
1818,964,1015,1,115.0,115.0,fulfilled
1819,965,1018,1,177.0,177.0,fulfilled
1820,965,1080,1,187.0,187.0,fulfilled
1821,966,1132,1,296.0,296.0,fulfilled
1822,967,1092,1,327.0,327.0,fulfilled
1823,968,1016,2,179.0,358.0,substituted
1824,969,1038,1,50.0,50.0,fulfilled
1825,969,1028,2,311.0,622.0,fulfilled
1826,969,1106,1,337.0,337.0,fulfilled
1827,970,1047,3,102.0,306.0,substituted
1828,970,1141,1,664.0,664.0,fulfilled
1829,971,1070,1,303.0,303.0,fulfilled
1830,972,1114,3,156.0,468.0,fulfilled
1831,973,1096,1,251.0,251.0,fulfilled
1832,974,1019,1,224.0,224.0,fulfilled
1833,974,1067,1,275.0,275.0,fulfilled
1834,974,1091,1,311.0,311.0,fulfilled
1835,975,1033,1,282.0,282.0,fulfilled
1836,976,1115,1,460.0,460.0,fulfilled
1837,977,1086,1,62.0,62.0,fulfilled
1838,977,1076,1,312.0,312.0,fulfilled
1839,977,1133,2,586.0,1172.0,fulfilled
1840,978,1022,1,240.0,240.0,substituted
1841,979,1020,1,103.0,103.0,substituted
1842,980,1060,1,211.0,211.0,fulfilled
1843,980,1024,1,236.0,236.0,fulfilled
1844,981,1043,1,80.0,80.0,fulfilled
1845,981,1024,1,236.0,236.0,substituted
1846,982,1047,1,102.0,102.0,fulfilled
1847,982,1060,1,211.0,211.0,fulfilled
1848,982,1134,2,935.0,1870.0,fulfilled
1849,983,1067,1,275.0,275.0,fulfilled
1850,984,1060,1,211.0,211.0,fulfilled
1851,984,1085,2,200.0,400.0,fulfilled
1852,984,1060,1,211.0,211.0,fulfilled
1853,985,1063,1,165.0,165.0,fulfilled
1854,986,1128,2,207.0,414.0,fulfilled
1855,987,1019,3,224.0,672.0,fulfilled
1856,988,1067,2,275.0,550.0,fulfilled
1857,988,1141,2,664.0,1328.0,fulfilled
1858,988,1056,1,180.0,180.0,out_of_stock_removed
1859,989,1112,1,610.0,610.0,fulfilled
1860,989,1006,1,31.0,31.0,fulfilled
1861,989,1060,2,211.0,422.0,fulfilled
1862,989,1061,1,310.0,310.0,fulfilled
1863,990,1069,1,313.0,313.0,fulfilled
1864,991,1013,1,97.0,97.0,rejected_substitution
1865,992,1125,1,667.0,667.0,fulfilled
1866,993,1087,2,341.0,682.0,fulfilled
1867,994,1101,1,561.0,561.0,fulfilled
1868,994,1034,2,70.0,140.0,fulfilled
1869,995,1016,1,179.0,179.0,substituted
1870,995,1053,1,37.0,37.0,fulfilled
1871,995,1037,2,116.0,232.0,fulfilled
1872,996,1074,1,153.0,153.0,rejected_substitution
1873,996,1136,1,393.0,393.0,fulfilled
1874,996,1082,1,130.0,130.0,fulfilled
1875,997,1053,2,37.0,74.0,substituted
1876,998,1006,1,31.0,31.0,fulfilled
1877,998,1101,2,561.0,1122.0,fulfilled
1878,998,1055,1,91.0,91.0,fulfilled
1879,999,1021,1,232.0,232.0,fulfilled
1880,1000,1141,1,664.0,664.0,fulfilled
1881,1000,1104,2,737.0,1474.0,fulfilled
1882,1001,1053,1,37.0,37.0,fulfilled
1883,1001,1075,1,161.0,161.0,fulfilled
1884,1002,1046,2,31.0,62.0,fulfilled
1885,1002,1127,1,633.0,633.0,fulfilled
1886,1003,1046,1,31.0,31.0,fulfilled
1887,1003,1131,3,143.0,429.0,fulfilled
1888,1004,1076,1,312.0,312.0,fulfilled
1889,1005,1118,1,93.0,93.0,rejected_substitution
1890,1006,1101,3,561.0,1683.0,fulfilled
1891,1006,1013,1,97.0,97.0,fulfilled
1892,1007,1113,1,185.0,185.0,fulfilled
1893,1008,1089,1,154.0,154.0,fulfilled
1894,1008,1046,1,31.0,31.0,rejected_substitution
1895,1008,1108,1,398.0,398.0,fulfilled
1896,1009,1141,1,664.0,664.0,fulfilled
1897,1009,1141,1,664.0,664.0,fulfilled
1898,1009,1143,1,259.0,259.0,fulfilled
1899,1010,1141,1,664.0,664.0,fulfilled
1900,1010,1015,2,115.0,230.0,out_of_stock_removed
1901,1011,1053,1,37.0,37.0,fulfilled
1902,1011,1019,2,224.0,448.0,fulfilled
1903,1012,1005,2,155.0,310.0,out_of_stock_removed
1904,1013,1140,1,240.0,240.0,fulfilled
1905,1014,1015,1,115.0,115.0,fulfilled
1906,1014,1061,1,310.0,310.0,substituted
1907,1015,1035,2,297.0,594.0,fulfilled
1908,1015,1015,1,115.0,115.0,out_of_stock_removed
1909,1016,1132,1,296.0,296.0,fulfilled
1910,1016,1062,1,59.0,59.0,out_of_stock_removed
1911,1016,1041,1,309.0,309.0,fulfilled
1912,1017,1113,2,185.0,370.0,fulfilled
1913,1017,1132,1,296.0,296.0,fulfilled
1914,1017,1055,1,91.0,91.0,fulfilled
1915,1018,1143,1,259.0,259.0,fulfilled
1916,1018,1025,1,175.0,175.0,substituted
1917,1019,1104,1,737.0,737.0,fulfilled
1918,1020,1117,1,61.0,61.0,fulfilled
1919,1021,1093,1,288.0,288.0,fulfilled
1920,1022,1063,2,165.0,330.0,fulfilled
1921,1023,1091,1,311.0,311.0,fulfilled
1922,1023,1041,1,309.0,309.0,fulfilled
1923,1023,1136,2,393.0,786.0,fulfilled
1924,1024,1060,1,211.0,211.0,fulfilled
1925,1025,1079,1,90.0,90.0,fulfilled
1926,1026,1132,1,296.0,296.0,fulfilled
1927,1027,1024,1,236.0,236.0,substituted
1928,1027,1029,1,238.0,238.0,fulfilled
1929,1028,1120,1,475.0,475.0,fulfilled
1930,1028,1099,1,338.0,338.0,fulfilled
1931,1028,1136,1,393.0,393.0,fulfilled
1932,1029,1143,3,259.0,777.0,fulfilled
1933,1029,1140,1,240.0,240.0,fulfilled
1934,1030,1024,1,236.0,236.0,fulfilled
1935,1030,1079,1,90.0,90.0,fulfilled
1936,1030,1112,2,610.0,1220.0,fulfilled
1937,1031,1127,1,633.0,633.0,fulfilled
1938,1031,1055,1,91.0,91.0,rejected_substitution
1939,1032,1003,1,127.0,127.0,fulfilled
1940,1033,1069,1,313.0,313.0,fulfilled
1941,1034,1015,1,115.0,115.0,fulfilled
1942,1034,1001,1,36.0,36.0,fulfilled
1943,1035,1027,1,44.0,44.0,fulfilled
1944,1036,1140,1,240.0,240.0,fulfilled
1945,1036,1091,1,311.0,311.0,fulfilled
1946,1037,1067,3,275.0,825.0,fulfilled
1947,1037,1015,1,115.0,115.0,out_of_stock_removed
1948,1038,1007,1,108.0,108.0,fulfilled
1949,1038,1046,3,31.0,93.0,fulfilled
1950,1038,1086,1,62.0,62.0,rejected_substitution
1951,1039,1015,2,115.0,230.0,fulfilled
1952,1040,1085,1,200.0,200.0,fulfilled
1953,1040,1019,1,224.0,224.0,fulfilled
1954,1041,1069,1,313.0,313.0,fulfilled
1955,1042,1141,1,664.0,664.0,fulfilled
1956,1043,1132,1,296.0,296.0,fulfilled
1957,1044,1071,1,423.0,423.0,fulfilled
1958,1045,1091,1,311.0,311.0,fulfilled
1959,1045,1118,2,93.0,186.0,fulfilled
1960,1046,1089,1,154.0,154.0,fulfilled
1961,1046,1141,1,664.0,664.0,fulfilled
1962,1046,1072,1,76.0,76.0,substituted
1963,1047,1084,1,45.0,45.0,fulfilled
1964,1047,1144,3,438.0,1314.0,fulfilled
1965,1048,1066,3,203.0,609.0,fulfilled
1966,1048,1110,1,577.0,577.0,fulfilled
1967,1048,1099,3,338.0,1014.0,fulfilled
1968,1049,1007,1,108.0,108.0,fulfilled
1969,1050,1050,2,125.0,250.0,fulfilled
1970,1050,1094,3,308.0,924.0,fulfilled
1971,1051,1070,1,303.0,303.0,fulfilled
1972,1052,1131,1,143.0,143.0,fulfilled
1973,1052,1140,1,240.0,240.0,fulfilled
1974,1052,1038,1,50.0,50.0,fulfilled
1975,1053,1132,1,296.0,296.0,fulfilled
1976,1054,1053,1,37.0,37.0,fulfilled
1977,1054,1114,1,156.0,156.0,fulfilled
1978,1055,1005,1,155.0,155.0,fulfilled
1979,1055,1018,1,177.0,177.0,fulfilled
1980,1056,1052,3,30.0,90.0,fulfilled
1981,1057,1024,1,236.0,236.0,fulfilled
1982,1057,1042,1,235.0,235.0,fulfilled
1983,1057,1132,1,296.0,296.0,fulfilled
1984,1057,1128,2,207.0,414.0,fulfilled
1985,1058,1007,2,108.0,216.0,fulfilled
1986,1059,1071,3,423.0,1269.0,fulfilled
1987,1059,1116,1,486.0,486.0,fulfilled
1988,1059,1082,3,130.0,390.0,fulfilled
1989,1059,1013,1,97.0,97.0,fulfilled
1990,1060,1098,1,599.0,599.0,fulfilled
1991,1060,1031,1,159.0,159.0,fulfilled
1992,1061,1070,1,303.0,303.0,fulfilled
1993,1062,1070,1,303.0,303.0,fulfilled
1994,1062,1112,1,610.0,610.0,fulfilled
1995,1062,1141,2,664.0,1328.0,fulfilled
1996,1063,1096,1,251.0,251.0,fulfilled
1997,1063,1083,1,265.0,265.0,fulfilled
1998,1063,1024,3,236.0,708.0,substituted
1999,1063,1025,1,175.0,175.0,fulfilled
2000,1064,1141,2,664.0,1328.0,fulfilled
2001,1064,1092,1,327.0,327.0,fulfilled
2002,1065,1023,1,87.0,87.0,fulfilled
2003,1065,1131,1,143.0,143.0,fulfilled
2004,1066,1142,2,147.0,294.0,substituted
2005,1066,1079,2,90.0,180.0,fulfilled
2006,1067,1015,1,115.0,115.0,fulfilled
2007,1068,1080,1,187.0,187.0,fulfilled
2008,1069,1115,1,460.0,460.0,fulfilled
2009,1069,1131,1,143.0,143.0,fulfilled
2010,1070,1083,2,265.0,530.0,substituted
2011,1071,1103,2,220.0,440.0,fulfilled
2012,1072,1005,2,155.0,310.0,fulfilled
2013,1072,1132,1,296.0,296.0,fulfilled
2014,1072,1098,2,599.0,1198.0,fulfilled
2015,1073,1141,3,664.0,1992.0,fulfilled
2016,1074,1061,1,310.0,310.0,fulfilled
2017,1074,1125,1,667.0,667.0,fulfilled
2018,1075,1088,1,240.0,240.0,fulfilled
2019,1075,1080,1,187.0,187.0,fulfilled
2020,1076,1057,1,156.0,156.0,fulfilled
2021,1076,1059,1,444.0,444.0,fulfilled
2022,1077,1072,1,76.0,76.0,fulfilled
2023,1077,1098,2,599.0,1198.0,fulfilled
2024,1077,1073,2,90.0,180.0,fulfilled
2025,1078,1131,1,143.0,143.0,fulfilled
2026,1079,1024,3,236.0,708.0,fulfilled
2027,1080,1012,1,192.0,192.0,substituted
2028,1080,1106,1,337.0,337.0,fulfilled
2029,1080,1097,1,336.0,336.0,fulfilled
2030,1081,1110,1,577.0,577.0,fulfilled
2031,1082,1041,2,309.0,618.0,fulfilled
2032,1082,1140,1,240.0,240.0,fulfilled
2033,1082,1141,2,664.0,1328.0,fulfilled
2034,1083,1102,1,887.0,887.0,fulfilled
2035,1083,1068,1,270.0,270.0,fulfilled
2036,1084,1046,1,31.0,31.0,fulfilled
2037,1085,1091,1,311.0,311.0,fulfilled
2038,1086,1131,1,143.0,143.0,fulfilled
2039,1087,1012,1,192.0,192.0,fulfilled
2040,1088,1017,1,198.0,198.0,out_of_stock_removed
2041,1088,1027,1,44.0,44.0,rejected_substitution
2042,1088,1128,2,207.0,414.0,fulfilled
2043,1089,1141,2,664.0,1328.0,fulfilled
2044,1090,1046,1,31.0,31.0,substituted
2045,1090,1078,1,265.0,265.0,fulfilled
2046,1090,1141,1,664.0,664.0,fulfilled
2047,1091,1046,2,31.0,62.0,fulfilled
2048,1092,1069,1,313.0,313.0,fulfilled
2049,1092,1097,2,336.0,672.0,fulfilled
2050,1092,1143,1,259.0,259.0,fulfilled
2051,1093,1104,2,737.0,1474.0,fulfilled
2052,1093,1064,1,255.0,255.0,fulfilled
2053,1094,1107,1,665.0,665.0,fulfilled
2054,1095,1110,2,577.0,1154.0,fulfilled
2055,1096,1015,3,115.0,345.0,fulfilled
2056,1097,1117,2,61.0,122.0,fulfilled
2057,1097,1026,1,210.0,210.0,out_of_stock_removed
2058,1098,1141,1,664.0,664.0,fulfilled
2059,1099,1070,2,303.0,606.0,fulfilled
2060,1099,1045,2,114.0,228.0,fulfilled
2061,1099,1128,2,207.0,414.0,fulfilled
2062,1099,1061,1,310.0,310.0,fulfilled
2063,1100,1089,1,154.0,154.0,fulfilled
2064,1100,1003,3,127.0,381.0,fulfilled
2065,1101,1141,1,664.0,664.0,fulfilled
2066,1101,1072,1,76.0,76.0,fulfilled
2067,1101,1080,2,187.0,374.0,fulfilled
2068,1102,1136,3,393.0,1179.0,fulfilled
2069,1102,1015,1,115.0,115.0,fulfilled
2070,1102,1131,1,143.0,143.0,fulfilled
2071,1103,1083,2,265.0,530.0,substituted
2072,1104,1114,1,156.0,156.0,fulfilled
2073,1105,1132,1,296.0,296.0,fulfilled
2074,1106,1070,1,303.0,303.0,fulfilled
2075,1107,1013,3,97.0,291.0,fulfilled
2076,1107,1050,1,125.0,125.0,fulfilled
2077,1108,1114,1,156.0,156.0,fulfilled
2078,1108,1089,3,154.0,462.0,fulfilled
2079,1108,1128,1,207.0,207.0,fulfilled
2080,1108,1136,1,393.0,393.0,fulfilled
2081,1109,1085,1,200.0,200.0,fulfilled
2082,1109,1001,3,36.0,108.0,fulfilled
2083,1109,1076,1,312.0,312.0,fulfilled
2084,1109,1019,1,224.0,224.0,fulfilled
2085,1110,1132,2,296.0,592.0,fulfilled
2086,1110,1068,2,270.0,540.0,fulfilled
2087,1111,1105,2,623.0,1246.0,fulfilled
2088,1111,1024,1,236.0,236.0,fulfilled
2089,1112,1009,2,169.0,338.0,fulfilled
2090,1112,1070,1,303.0,303.0,substituted
2091,1113,1140,2,240.0,480.0,fulfilled
2092,1113,1103,1,220.0,220.0,fulfilled
2093,1114,1021,3,232.0,696.0,fulfilled
2094,1115,1100,1,548.0,548.0,fulfilled
2095,1116,1048,1,136.0,136.0,fulfilled
2096,1116,1005,1,155.0,155.0,fulfilled
2097,1117,1014,1,94.0,94.0,fulfilled
2098,1118,1128,3,207.0,621.0,fulfilled
2099,1119,1117,1,61.0,61.0,fulfilled
2100,1120,1062,1,59.0,59.0,fulfilled
2101,1121,1028,1,311.0,311.0,fulfilled
2102,1122,1021,2,232.0,464.0,rejected_substitution
2103,1123,1069,2,313.0,626.0,fulfilled
2104,1123,1132,3,296.0,888.0,fulfilled
2105,1124,1111,1,60.0,60.0,fulfilled
2106,1124,1025,1,175.0,175.0,substituted
2107,1125,1140,1,240.0,240.0,fulfilled
2108,1126,1062,1,59.0,59.0,fulfilled
2109,1127,1072,1,76.0,76.0,fulfilled
2110,1128,1136,1,393.0,393.0,fulfilled
2111,1129,1061,2,310.0,620.0,fulfilled
2112,1129,1128,2,207.0,414.0,fulfilled
2113,1130,1138,2,304.0,608.0,fulfilled
2114,1131,1047,1,102.0,102.0,rejected_substitution
2115,1132,1013,1,97.0,97.0,rejected_substitution
2116,1132,1065,1,388.0,388.0,fulfilled
2117,1133,1121,1,549.0,549.0,fulfilled
2118,1133,1053,1,37.0,37.0,fulfilled
2119,1134,1018,1,177.0,177.0,fulfilled
2120,1134,1038,1,50.0,50.0,fulfilled
2121,1135,1141,1,664.0,664.0,fulfilled
2122,1135,1086,1,62.0,62.0,fulfilled
2123,1136,1125,1,667.0,667.0,fulfilled
2124,1136,1024,1,236.0,236.0,fulfilled
2125,1136,1022,1,240.0,240.0,fulfilled
2126,1136,1007,1,108.0,108.0,fulfilled
2127,1136,1121,1,549.0,549.0,fulfilled
2128,1136,1002,1,186.0,186.0,fulfilled
2129,1137,1140,1,240.0,240.0,fulfilled
2130,1138,1014,1,94.0,94.0,fulfilled
2131,1138,1023,1,87.0,87.0,fulfilled
2132,1138,1140,1,240.0,240.0,fulfilled
2133,1139,1015,1,115.0,115.0,fulfilled
2134,1139,1032,2,173.0,346.0,fulfilled
2135,1140,1093,1,288.0,288.0,fulfilled
2136,1140,1144,1,438.0,438.0,fulfilled
2137,1140,1024,1,236.0,236.0,substituted
2138,1141,1132,1,296.0,296.0,fulfilled
2139,1142,1113,3,185.0,555.0,fulfilled
2140,1143,1128,1,207.0,207.0,fulfilled
2141,1143,1015,2,115.0,230.0,fulfilled
2142,1143,1070,2,303.0,606.0,fulfilled
2143,1144,1121,1,549.0,549.0,fulfilled
2144,1144,1034,1,70.0,70.0,fulfilled
2145,1144,1141,1,664.0,664.0,fulfilled
2146,1145,1084,2,45.0,90.0,fulfilled
2147,1145,1070,3,303.0,909.0,fulfilled
2148,1146,1015,1,115.0,115.0,fulfilled
2149,1146,1027,1,44.0,44.0,rejected_substitution
2150,1146,1111,1,60.0,60.0,fulfilled
2151,1147,1101,1,561.0,561.0,fulfilled
2152,1148,1099,2,338.0,676.0,fulfilled
2153,1149,1132,3,296.0,888.0,fulfilled
2154,1149,1070,1,303.0,303.0,fulfilled
2155,1149,1050,2,125.0,250.0,fulfilled
2156,1150,1121,1,549.0,549.0,fulfilled
2157,1151,1029,1,238.0,238.0,fulfilled
2158,1152,1086,1,62.0,62.0,rejected_substitution
2159,1153,1098,1,599.0,599.0,fulfilled
2160,1153,1093,3,288.0,864.0,fulfilled
2161,1154,1091,3,311.0,933.0,fulfilled
2162,1155,1132,1,296.0,296.0,fulfilled
2163,1155,1104,1,737.0,737.0,fulfilled
2164,1156,1027,1,44.0,44.0,fulfilled
2165,1157,1142,1,147.0,147.0,fulfilled
2166,1157,1030,2,214.0,428.0,substituted
2167,1158,1143,1,259.0,259.0,fulfilled
2168,1159,1071,1,423.0,423.0,fulfilled
2169,1160,1131,1,143.0,143.0,fulfilled
2170,1160,1024,3,236.0,708.0,fulfilled
2171,1160,1005,2,155.0,310.0,fulfilled
2172,1160,1015,1,115.0,115.0,fulfilled
2173,1160,1066,1,203.0,203.0,fulfilled
2174,1161,1117,1,61.0,61.0,fulfilled
2175,1162,1130,1,379.0,379.0,fulfilled
2176,1163,1114,2,156.0,312.0,substituted
2177,1163,1140,1,240.0,240.0,fulfilled
2178,1163,1128,1,207.0,207.0,fulfilled
2179,1164,1104,1,737.0,737.0,rejected_substitution
2180,1164,1019,1,224.0,224.0,fulfilled
2181,1164,1114,1,156.0,156.0,fulfilled
2182,1165,1017,3,198.0,594.0,fulfilled
2183,1166,1131,1,143.0,143.0,fulfilled
2184,1166,1110,1,577.0,577.0,fulfilled
2185,1167,1135,1,1063.0,1063.0,fulfilled
2186,1167,1099,2,338.0,676.0,fulfilled
2187,1168,1143,1,259.0,259.0,rejected_substitution
2188,1168,1102,1,887.0,887.0,fulfilled
2189,1168,1056,2,180.0,360.0,fulfilled
2190,1169,1005,1,155.0,155.0,fulfilled
2191,1169,1038,2,50.0,100.0,substituted
2192,1169,1132,1,296.0,296.0,rejected_substitution
2193,1170,1031,1,159.0,159.0,fulfilled
2194,1171,1136,1,393.0,393.0,rejected_substitution
2195,1172,1074,2,153.0,306.0,fulfilled
2196,1172,1009,1,169.0,169.0,fulfilled
2197,1172,1137,1,532.0,532.0,fulfilled
2198,1173,1104,1,737.0,737.0,fulfilled
2199,1173,1132,1,296.0,296.0,fulfilled
2200,1174,1125,1,667.0,667.0,fulfilled
2201,1174,1025,2,175.0,350.0,rejected_substitution
2202,1175,1086,2,62.0,124.0,fulfilled
2203,1176,1007,1,108.0,108.0,fulfilled
2204,1176,1131,1,143.0,143.0,fulfilled
2205,1176,1031,1,159.0,159.0,fulfilled
2206,1177,1069,1,313.0,313.0,fulfilled
2207,1178,1005,3,155.0,465.0,fulfilled
2208,1179,1090,1,305.0,305.0,fulfilled
2209,1179,1141,1,664.0,664.0,fulfilled
2210,1180,1063,1,165.0,165.0,fulfilled
2211,1180,1019,1,224.0,224.0,substituted
2212,1180,1082,2,130.0,260.0,fulfilled
2213,1180,1141,1,664.0,664.0,fulfilled
2214,1181,1146,1,911.0,911.0,fulfilled
2215,1182,1072,1,76.0,76.0,fulfilled
2216,1182,1080,2,187.0,374.0,fulfilled
2217,1182,1117,1,61.0,61.0,out_of_stock_removed
2218,1183,1067,3,275.0,825.0,fulfilled
2219,1183,1112,1,610.0,610.0,fulfilled
2220,1183,1143,1,259.0,259.0,fulfilled
2221,1184,1072,1,76.0,76.0,rejected_substitution
2222,1185,1131,1,143.0,143.0,fulfilled
2223,1186,1015,1,115.0,115.0,fulfilled
2224,1186,1076,1,312.0,312.0,fulfilled
2225,1186,1143,1,259.0,259.0,fulfilled
2226,1187,1028,1,311.0,311.0,fulfilled
2227,1188,1063,1,165.0,165.0,fulfilled
2228,1188,1128,1,207.0,207.0,fulfilled
2229,1189,1100,1,548.0,548.0,fulfilled
2230,1189,1111,1,60.0,60.0,fulfilled
2231,1189,1005,1,155.0,155.0,out_of_stock_removed
2232,1190,1097,1,336.0,336.0,fulfilled
2233,1191,1050,1,125.0,125.0,rejected_substitution
2234,1191,1070,3,303.0,909.0,fulfilled
2235,1192,1140,1,240.0,240.0,fulfilled
2236,1192,1024,1,236.0,236.0,fulfilled
2237,1193,1048,3,136.0,408.0,fulfilled
2238,1193,1131,2,143.0,286.0,fulfilled
2239,1193,1025,1,175.0,175.0,fulfilled
2240,1194,1024,3,236.0,708.0,substituted
2241,1195,1098,1,599.0,599.0,fulfilled
2242,1195,1044,1,30.0,30.0,fulfilled
2243,1195,1012,3,192.0,576.0,fulfilled
2244,1195,1111,2,60.0,120.0,fulfilled
2245,1195,1141,2,664.0,1328.0,fulfilled
2246,1196,1114,1,156.0,156.0,fulfilled
2247,1196,1117,1,61.0,61.0,fulfilled
2248,1197,1028,1,311.0,311.0,fulfilled
2249,1197,1117,1,61.0,61.0,fulfilled
2250,1197,1015,2,115.0,230.0,fulfilled
2251,1198,1025,1,175.0,175.0,substituted
2252,1199,1131,2,143.0,286.0,fulfilled
2253,1200,1076,2,312.0,624.0,fulfilled
2254,1200,1110,2,577.0,1154.0,fulfilled
2255,1200,1073,1,90.0,90.0,fulfilled
2256,1201,1104,1,737.0,737.0,fulfilled
2257,1201,1135,1,1063.0,1063.0,fulfilled
2258,1202,1005,1,155.0,155.0,fulfilled
2259,1202,1016,1,179.0,179.0,substituted
2260,1203,1109,1,413.0,413.0,fulfilled
2261,1204,1140,2,240.0,480.0,fulfilled
2262,1204,1132,1,296.0,296.0,fulfilled
2263,1204,1073,1,90.0,90.0,fulfilled
2264,1204,1122,2,672.0,1344.0,fulfilled
2265,1205,1090,1,305.0,305.0,fulfilled
2266,1205,1099,1,338.0,338.0,fulfilled
2267,1206,1141,1,664.0,664.0,fulfilled
2268,1207,1141,1,664.0,664.0,fulfilled
2269,1207,1137,1,532.0,532.0,fulfilled
2270,1208,1136,1,393.0,393.0,substituted
2271,1208,1052,1,30.0,30.0,out_of_stock_removed
2272,1209,1080,1,187.0,187.0,fulfilled
2273,1209,1086,1,62.0,62.0,rejected_substitution
2274,1210,1090,1,305.0,305.0,fulfilled
2275,1210,1027,1,44.0,44.0,substituted
2276,1210,1037,2,116.0,232.0,fulfilled
2277,1211,1088,1,240.0,240.0,fulfilled
2278,1211,1107,1,665.0,665.0,fulfilled
2279,1212,1141,1,664.0,664.0,fulfilled
2280,1213,1037,2,116.0,232.0,fulfilled
2281,1213,1108,2,398.0,796.0,fulfilled
2282,1213,1095,1,746.0,746.0,fulfilled
2283,1214,1018,2,177.0,354.0,fulfilled
2284,1215,1121,1,549.0,549.0,fulfilled
2285,1216,1039,1,182.0,182.0,fulfilled
2286,1216,1136,1,393.0,393.0,fulfilled
2287,1216,1046,1,31.0,31.0,fulfilled
2288,1217,1121,2,549.0,1098.0,fulfilled
2289,1217,1015,3,115.0,345.0,out_of_stock_removed
2290,1217,1056,3,180.0,540.0,fulfilled
2291,1218,1140,2,240.0,480.0,fulfilled
2292,1218,1024,2,236.0,472.0,fulfilled
2293,1219,1074,2,153.0,306.0,fulfilled
2294,1220,1015,1,115.0,115.0,fulfilled
2295,1220,1041,1,309.0,309.0,fulfilled
2296,1220,1112,2,610.0,1220.0,fulfilled
2297,1221,1027,1,44.0,44.0,fulfilled
2298,1222,1117,1,61.0,61.0,fulfilled
2299,1222,1046,1,31.0,31.0,fulfilled
2300,1223,1018,2,177.0,354.0,substituted
2301,1224,1088,2,240.0,480.0,fulfilled
2302,1224,1091,1,311.0,311.0,fulfilled
2303,1225,1143,2,259.0,518.0,fulfilled
2304,1225,1146,1,911.0,911.0,fulfilled
2305,1226,1010,1,254.0,254.0,rejected_substitution
2306,1226,1092,1,327.0,327.0,fulfilled
2307,1226,1115,2,460.0,920.0,fulfilled
2308,1226,1081,1,37.0,37.0,fulfilled
2309,1227,1117,1,61.0,61.0,out_of_stock_removed
2310,1227,1015,1,115.0,115.0,fulfilled
2311,1227,1015,1,115.0,115.0,fulfilled
2312,1228,1035,1,297.0,297.0,fulfilled
2313,1228,1091,1,311.0,311.0,fulfilled
2314,1229,1015,1,115.0,115.0,fulfilled
2315,1230,1128,1,207.0,207.0,fulfilled
2316,1231,1082,1,130.0,130.0,fulfilled
2317,1231,1086,1,62.0,62.0,rejected_substitution
2318,1232,1067,2,275.0,550.0,fulfilled
2319,1233,1041,2,309.0,618.0,fulfilled
2320,1234,1007,1,108.0,108.0,fulfilled
2321,1234,1141,1,664.0,664.0,fulfilled
2322,1234,1114,1,156.0,156.0,fulfilled
2323,1235,1142,1,147.0,147.0,fulfilled
2324,1236,1141,1,664.0,664.0,fulfilled
2325,1236,1099,2,338.0,676.0,fulfilled
2326,1237,1070,2,303.0,606.0,fulfilled
2327,1237,1093,1,288.0,288.0,fulfilled
2328,1238,1082,1,130.0,130.0,fulfilled
2329,1238,1037,1,116.0,116.0,fulfilled
2330,1238,1088,1,240.0,240.0,fulfilled
2331,1238,1113,1,185.0,185.0,fulfilled
2332,1238,1056,1,180.0,180.0,out_of_stock_removed
2333,1239,1132,2,296.0,592.0,fulfilled
2334,1240,1024,2,236.0,472.0,fulfilled
2335,1240,1136,1,393.0,393.0,fulfilled
2336,1240,1091,1,311.0,311.0,fulfilled
2337,1241,1047,2,102.0,204.0,fulfilled
2338,1242,1061,1,310.0,310.0,substituted
2339,1242,1006,1,31.0,31.0,fulfilled
2340,1243,1143,3,259.0,777.0,rejected_substitution
2341,1243,1086,1,62.0,62.0,substituted
2342,1244,1117,1,61.0,61.0,fulfilled
2343,1245,1053,1,37.0,37.0,fulfilled
2344,1246,1010,2,254.0,508.0,rejected_substitution
2345,1246,1050,3,125.0,375.0,fulfilled
2346,1247,1128,1,207.0,207.0,fulfilled
2347,1247,1093,1,288.0,288.0,fulfilled
2348,1248,1058,1,84.0,84.0,substituted
2349,1248,1049,1,59.0,59.0,fulfilled
2350,1249,1007,1,108.0,108.0,fulfilled
2351,1250,1090,2,305.0,610.0,fulfilled
2352,1251,1125,1,667.0,667.0,fulfilled
2353,1251,1131,2,143.0,286.0,fulfilled
2354,1252,1128,1,207.0,207.0,fulfilled
2355,1252,1017,1,198.0,198.0,fulfilled
2356,1253,1068,1,270.0,270.0,fulfilled
2357,1253,1132,1,296.0,296.0,fulfilled
2358,1253,1128,1,207.0,207.0,fulfilled
2359,1254,1023,1,87.0,87.0,fulfilled
2360,1255,1094,1,308.0,308.0,fulfilled
2361,1256,1052,1,30.0,30.0,fulfilled
2362,1256,1025,1,175.0,175.0,fulfilled
2363,1256,1011,1,221.0,221.0,rejected_substitution
2364,1257,1091,3,311.0,933.0,fulfilled
2365,1257,1053,3,37.0,111.0,rejected_substitution
2366,1258,1012,1,192.0,192.0,fulfilled
2367,1258,1131,1,143.0,143.0,fulfilled
2368,1259,1141,1,664.0,664.0,fulfilled
2369,1259,1007,1,108.0,108.0,fulfilled
2370,1260,1080,3,187.0,561.0,fulfilled
2371,1260,1003,1,127.0,127.0,fulfilled
2372,1260,1005,1,155.0,155.0,fulfilled
2373,1260,1136,1,393.0,393.0,fulfilled
2374,1261,1141,1,664.0,664.0,fulfilled
2375,1262,1132,1,296.0,296.0,fulfilled
2376,1262,1107,2,665.0,1330.0,fulfilled
2377,1262,1115,1,460.0,460.0,fulfilled
2378,1263,1084,1,45.0,45.0,fulfilled
2379,1264,1015,3,115.0,345.0,fulfilled
2380,1264,1091,1,311.0,311.0,fulfilled
2381,1264,1097,1,336.0,336.0,fulfilled
2382,1264,1104,1,737.0,737.0,fulfilled
2383,1265,1124,1,482.0,482.0,fulfilled
2384,1266,1134,3,935.0,2805.0,fulfilled
2385,1267,1005,2,155.0,310.0,fulfilled
2386,1267,1049,1,59.0,59.0,fulfilled
2387,1268,1121,1,549.0,549.0,fulfilled
2388,1269,1128,2,207.0,414.0,fulfilled
2389,1269,1024,1,236.0,236.0,fulfilled
2390,1269,1002,1,186.0,186.0,out_of_stock_removed
2391,1269,1103,1,220.0,220.0,fulfilled
2392,1270,1061,3,310.0,930.0,substituted
2393,1270,1013,1,97.0,97.0,fulfilled
2394,1271,1015,1,115.0,115.0,out_of_stock_removed
2395,1271,1037,1,116.0,116.0,fulfilled
2396,1271,1141,1,664.0,664.0,fulfilled
2397,1272,1136,3,393.0,1179.0,fulfilled
2398,1272,1126,2,376.0,752.0,fulfilled
2399,1273,1085,3,200.0,600.0,fulfilled
2400,1274,1117,2,61.0,122.0,fulfilled
2401,1274,1046,1,31.0,31.0,fulfilled
2402,1275,1012,3,192.0,576.0,fulfilled
2403,1276,1086,1,62.0,62.0,fulfilled
2404,1276,1005,3,155.0,465.0,fulfilled
2405,1277,1055,1,91.0,91.0,substituted
2406,1278,1088,3,240.0,720.0,fulfilled
2407,1279,1074,1,153.0,153.0,fulfilled
2408,1280,1014,3,94.0,282.0,fulfilled
2409,1281,1141,2,664.0,1328.0,fulfilled
2410,1282,1132,1,296.0,296.0,fulfilled
2411,1282,1082,2,130.0,260.0,fulfilled
2412,1283,1005,1,155.0,155.0,out_of_stock_removed
2413,1283,1091,2,311.0,622.0,fulfilled
2414,1283,1044,1,30.0,30.0,fulfilled
2415,1283,1034,2,70.0,140.0,fulfilled
2416,1284,1144,2,438.0,876.0,fulfilled
2417,1284,1043,1,80.0,80.0,fulfilled
2418,1285,1109,2,413.0,826.0,fulfilled
2419,1285,1012,2,192.0,384.0,fulfilled
2420,1285,1072,1,76.0,76.0,rejected_substitution
2421,1285,1121,2,549.0,1098.0,fulfilled
2422,1285,1084,1,45.0,45.0,fulfilled
2423,1286,1045,1,114.0,114.0,fulfilled
2424,1286,1012,1,192.0,192.0,substituted
2425,1287,1079,1,90.0,90.0,fulfilled
2426,1288,1146,1,911.0,911.0,fulfilled
2427,1289,1047,1,102.0,102.0,fulfilled
2428,1289,1071,1,423.0,423.0,fulfilled
2429,1290,1059,1,444.0,444.0,fulfilled
2430,1290,1080,1,187.0,187.0,fulfilled
2431,1291,1054,1,49.0,49.0,fulfilled
2432,1291,1050,2,125.0,250.0,fulfilled
2433,1292,1112,2,610.0,1220.0,fulfilled
2434,1292,1111,1,60.0,60.0,fulfilled
2435,1292,1135,1,1063.0,1063.0,fulfilled
2436,1293,1086,1,62.0,62.0,fulfilled
2437,1293,1115,1,460.0,460.0,fulfilled
2438,1293,1093,1,288.0,288.0,fulfilled
2439,1294,1143,1,259.0,259.0,fulfilled
2440,1294,1143,2,259.0,518.0,rejected_substitution
2441,1294,1141,1,664.0,664.0,fulfilled
2442,1294,1017,2,198.0,396.0,fulfilled
2443,1295,1002,1,186.0,186.0,fulfilled
2444,1295,1051,1,158.0,158.0,fulfilled
2445,1296,1094,2,308.0,616.0,fulfilled
2446,1297,1080,1,187.0,187.0,fulfilled
2447,1298,1048,2,136.0,272.0,fulfilled
2448,1298,1132,1,296.0,296.0,fulfilled
2449,1298,1114,1,156.0,156.0,fulfilled
2450,1299,1141,2,664.0,1328.0,fulfilled
2451,1300,1051,2,158.0,316.0,substituted
2452,1300,1128,1,207.0,207.0,fulfilled
2453,1301,1072,1,76.0,76.0,fulfilled
2454,1302,1069,3,313.0,939.0,fulfilled
2455,1303,1091,1,311.0,311.0,fulfilled
2456,1303,1003,1,127.0,127.0,rejected_substitution
2457,1304,1072,3,76.0,228.0,rejected_substitution
2458,1304,1015,1,115.0,115.0,fulfilled
2459,1305,1143,2,259.0,518.0,fulfilled
2460,1305,1125,3,667.0,2001.0,fulfilled
2461,1306,1088,1,240.0,240.0,fulfilled
2462,1307,1101,1,561.0,561.0,fulfilled
2463,1307,1051,2,158.0,316.0,fulfilled
2464,1308,1005,2,155.0,310.0,fulfilled
2465,1308,1029,1,238.0,238.0,fulfilled
2466,1309,1110,1,577.0,577.0,rejected_substitution
2467,1310,1136,1,393.0,393.0,fulfilled
2468,1310,1104,1,737.0,737.0,fulfilled
2469,1310,1130,1,379.0,379.0,fulfilled
2470,1310,1129,1,649.0,649.0,fulfilled
2471,1310,1031,1,159.0,159.0,fulfilled
2472,1311,1070,1,303.0,303.0,fulfilled
2473,1312,1015,1,115.0,115.0,fulfilled
2474,1312,1136,1,393.0,393.0,fulfilled
2475,1313,1145,1,1144.0,1144.0,fulfilled
2476,1313,1068,1,270.0,270.0,fulfilled
2477,1314,1108,3,398.0,1194.0,fulfilled
2478,1315,1009,2,169.0,338.0,substituted
2479,1315,1106,1,337.0,337.0,fulfilled
2480,1316,1143,2,259.0,518.0,fulfilled
2481,1317,1035,1,297.0,297.0,substituted
2482,1318,1048,1,136.0,136.0,fulfilled
2483,1318,1117,1,61.0,61.0,fulfilled
2484,1318,1091,2,311.0,622.0,fulfilled
2485,1318,1008,1,51.0,51.0,fulfilled
2486,1319,1103,1,220.0,220.0,fulfilled
2487,1320,1141,1,664.0,664.0,fulfilled
2488,1320,1040,1,74.0,74.0,fulfilled
2489,1321,1140,3,240.0,720.0,fulfilled
2490,1321,1019,1,224.0,224.0,fulfilled
2491,1322,1141,1,664.0,664.0,fulfilled
2492,1323,1141,2,664.0,1328.0,fulfilled
2493,1323,1143,1,259.0,259.0,rejected_substitution
2494,1324,1050,1,125.0,125.0,fulfilled
2495,1324,1132,1,296.0,296.0,fulfilled
2496,1324,1030,1,214.0,214.0,fulfilled
2497,1324,1082,1,130.0,130.0,fulfilled
2498,1325,1080,2,187.0,374.0,fulfilled
2499,1325,1055,1,91.0,91.0,rejected_substitution
2500,1326,1015,1,115.0,115.0,fulfilled
2501,1326,1092,1,327.0,327.0,fulfilled
2502,1327,1141,1,664.0,664.0,fulfilled
2503,1328,1132,2,296.0,592.0,fulfilled
2504,1328,1011,1,221.0,221.0,fulfilled
2505,1328,1082,1,130.0,130.0,fulfilled
2506,1329,1002,2,186.0,372.0,fulfilled
2507,1330,1136,2,393.0,786.0,fulfilled
2508,1331,1057,1,156.0,156.0,fulfilled
2509,1332,1024,1,236.0,236.0,substituted
2510,1333,1140,1,240.0,240.0,fulfilled
2511,1333,1066,1,203.0,203.0,fulfilled
2512,1333,1059,1,444.0,444.0,fulfilled
2513,1333,1093,2,288.0,576.0,fulfilled
2514,1333,1091,1,311.0,311.0,fulfilled
2515,1334,1128,1,207.0,207.0,fulfilled
2516,1334,1046,2,31.0,62.0,fulfilled
2517,1335,1063,1,165.0,165.0,fulfilled
2518,1336,1098,1,599.0,599.0,fulfilled
2519,1337,1083,2,265.0,530.0,fulfilled
2520,1338,1145,1,1144.0,1144.0,fulfilled
2521,1338,1125,2,667.0,1334.0,fulfilled
2522,1339,1131,1,143.0,143.0,fulfilled
2523,1339,1005,1,155.0,155.0,fulfilled
2524,1340,1113,2,185.0,370.0,fulfilled
2525,1340,1089,3,154.0,462.0,fulfilled
2526,1340,1140,1,240.0,240.0,fulfilled
2527,1340,1097,3,336.0,1008.0,fulfilled
2528,1341,1015,1,115.0,115.0,fulfilled
2529,1341,1123,1,208.0,208.0,out_of_stock_removed
2530,1341,1009,1,169.0,169.0,fulfilled
2531,1342,1131,1,143.0,143.0,fulfilled
2532,1342,1002,1,186.0,186.0,fulfilled
2533,1343,1022,2,240.0,480.0,fulfilled
2534,1344,1110,1,577.0,577.0,substituted
2535,1345,1123,1,208.0,208.0,fulfilled
2536,1346,1033,2,282.0,564.0,rejected_substitution
2537,1347,1112,1,610.0,610.0,fulfilled
2538,1347,1046,1,31.0,31.0,rejected_substitution
2539,1348,1034,1,70.0,70.0,fulfilled
2540,1349,1111,1,60.0,60.0,fulfilled
2541,1350,1143,1,259.0,259.0,fulfilled
2542,1350,1096,1,251.0,251.0,fulfilled
2543,1351,1001,3,36.0,108.0,out_of_stock_removed
2544,1352,1080,1,187.0,187.0,fulfilled
2545,1352,1126,2,376.0,752.0,fulfilled
2546,1352,1140,1,240.0,240.0,fulfilled
2547,1352,1098,1,599.0,599.0,fulfilled
2548,1353,1055,1,91.0,91.0,rejected_substitution
2549,1354,1142,1,147.0,147.0,fulfilled
2550,1354,1008,1,51.0,51.0,fulfilled
2551,1354,1054,1,49.0,49.0,fulfilled
2552,1355,1047,1,102.0,102.0,fulfilled
2553,1355,1082,1,130.0,130.0,fulfilled
2554,1356,1015,1,115.0,115.0,fulfilled
2555,1356,1102,1,887.0,887.0,fulfilled
2556,1357,1143,2,259.0,518.0,fulfilled
2557,1358,1142,2,147.0,294.0,fulfilled
2558,1359,1143,1,259.0,259.0,fulfilled
2559,1359,1016,1,179.0,179.0,fulfilled
2560,1360,1110,1,577.0,577.0,fulfilled
2561,1360,1024,1,236.0,236.0,fulfilled
2562,1360,1132,1,296.0,296.0,fulfilled
2563,1360,1091,2,311.0,622.0,fulfilled
2564,1361,1053,1,37.0,37.0,fulfilled
2565,1361,1075,1,161.0,161.0,fulfilled
2566,1362,1015,1,115.0,115.0,fulfilled
2567,1362,1030,1,214.0,214.0,fulfilled
2568,1363,1071,1,423.0,423.0,fulfilled
2569,1363,1143,2,259.0,518.0,substituted
2570,1364,1036,1,58.0,58.0,fulfilled
2571,1364,1024,1,236.0,236.0,fulfilled
2572,1364,1128,1,207.0,207.0,rejected_substitution
2573,1364,1084,1,45.0,45.0,fulfilled
2574,1365,1039,1,182.0,182.0,out_of_stock_removed
2575,1365,1080,1,187.0,187.0,fulfilled
2576,1366,1053,2,37.0,74.0,fulfilled
2577,1367,1015,2,115.0,230.0,fulfilled
2578,1367,1058,1,84.0,84.0,fulfilled
2579,1368,1057,1,156.0,156.0,fulfilled
2580,1369,1097,1,336.0,336.0,fulfilled
2581,1369,1065,1,388.0,388.0,fulfilled
2582,1369,1061,1,310.0,310.0,fulfilled
2583,1370,1141,2,664.0,1328.0,fulfilled
2584,1370,1005,3,155.0,465.0,fulfilled
2585,1371,1143,1,259.0,259.0,fulfilled
2586,1372,1027,2,44.0,88.0,rejected_substitution
2587,1373,1140,2,240.0,480.0,substituted
2588,1374,1031,2,159.0,318.0,fulfilled
2589,1375,1141,2,664.0,1328.0,fulfilled
2590,1375,1079,2,90.0,180.0,fulfilled
2591,1375,1003,1,127.0,127.0,fulfilled
2592,1376,1132,2,296.0,592.0,fulfilled
2593,1376,1141,1,664.0,664.0,fulfilled
2594,1377,1015,1,115.0,115.0,fulfilled
2595,1378,1042,1,235.0,235.0,fulfilled
2596,1378,1080,1,187.0,187.0,fulfilled
2597,1379,1143,2,259.0,518.0,fulfilled
2598,1380,1133,1,586.0,586.0,fulfilled
2599,1380,1080,2,187.0,374.0,fulfilled
2600,1381,1015,1,115.0,115.0,out_of_stock_removed
2601,1382,1005,1,155.0,155.0,fulfilled
2602,1382,1004,3,36.0,108.0,fulfilled
2603,1383,1095,3,746.0,2238.0,fulfilled
2604,1384,1086,1,62.0,62.0,fulfilled
2605,1384,1132,2,296.0,592.0,fulfilled
2606,1384,1040,1,74.0,74.0,fulfilled
2607,1385,1070,1,303.0,303.0,fulfilled
2608,1385,1060,1,211.0,211.0,fulfilled
2609,1385,1078,1,265.0,265.0,fulfilled
2610,1385,1128,1,207.0,207.0,fulfilled
2611,1385,1062,1,59.0,59.0,fulfilled
2612,1386,1143,2,259.0,518.0,fulfilled
2613,1387,1132,1,296.0,296.0,fulfilled
2614,1387,1070,1,303.0,303.0,fulfilled
2615,1388,1099,2,338.0,676.0,fulfilled
2616,1388,1009,1,169.0,169.0,fulfilled
2617,1389,1078,2,265.0,530.0,fulfilled
2618,1390,1128,1,207.0,207.0,fulfilled
2619,1391,1136,1,393.0,393.0,fulfilled
2620,1392,1132,1,296.0,296.0,fulfilled
2621,1392,1015,1,115.0,115.0,fulfilled
2622,1393,1114,1,156.0,156.0,fulfilled
2623,1394,1112,1,610.0,610.0,fulfilled
2624,1394,1050,1,125.0,125.0,fulfilled
2625,1394,1066,3,203.0,609.0,fulfilled
2626,1395,1117,1,61.0,61.0,fulfilled
2627,1395,1015,1,115.0,115.0,fulfilled
2628,1395,1067,1,275.0,275.0,fulfilled
2629,1396,1087,2,341.0,682.0,fulfilled
2630,1396,1003,3,127.0,381.0,fulfilled
2631,1397,1007,3,108.0,324.0,fulfilled
2632,1397,1084,1,45.0,45.0,fulfilled
2633,1398,1117,3,61.0,183.0,fulfilled
2634,1399,1046,1,31.0,31.0,fulfilled
2635,1399,1029,2,238.0,476.0,fulfilled
2636,1399,1141,1,664.0,664.0,fulfilled
2637,1400,1128,1,207.0,207.0,fulfilled
2638,1401,1128,1,207.0,207.0,fulfilled
2639,1402,1132,1,296.0,296.0,fulfilled
2640,1403,1132,1,296.0,296.0,fulfilled
2641,1403,1111,1,60.0,60.0,fulfilled
2642,1404,1131,2,143.0,286.0,substituted
2643,1404,1028,2,311.0,622.0,fulfilled
2644,1404,1132,2,296.0,592.0,fulfilled
2645,1405,1086,1,62.0,62.0,fulfilled
2646,1406,1031,2,159.0,318.0,fulfilled
2647,1407,1040,1,74.0,74.0,fulfilled
2648,1407,1141,1,664.0,664.0,fulfilled
2649,1407,1015,1,115.0,115.0,out_of_stock_removed
2650,1408,1132,1,296.0,296.0,fulfilled
2651,1408,1131,3,143.0,429.0,fulfilled
2652,1409,1005,2,155.0,310.0,fulfilled
2653,1410,1096,1,251.0,251.0,fulfilled
2654,1410,1071,1,423.0,423.0,fulfilled
2655,1411,1126,1,376.0,376.0,fulfilled
2656,1411,1038,1,50.0,50.0,fulfilled
2657,1412,1100,1,548.0,548.0,fulfilled
2658,1413,1041,3,309.0,927.0,fulfilled
2659,1414,1143,1,259.0,259.0,substituted
2660,1415,1117,1,61.0,61.0,fulfilled
2661,1415,1143,1,259.0,259.0,fulfilled
2662,1416,1125,1,667.0,667.0,fulfilled
2663,1417,1005,1,155.0,155.0,fulfilled
2664,1417,1056,2,180.0,360.0,fulfilled
2665,1418,1117,2,61.0,122.0,fulfilled
2666,1419,1128,1,207.0,207.0,fulfilled
2667,1420,1128,1,207.0,207.0,substituted
2668,1421,1061,2,310.0,620.0,fulfilled
2669,1421,1016,2,179.0,358.0,fulfilled
2670,1422,1042,2,235.0,470.0,fulfilled
2671,1422,1109,1,413.0,413.0,fulfilled
2672,1423,1066,1,203.0,203.0,fulfilled
2673,1423,1128,2,207.0,414.0,fulfilled
2674,1424,1074,1,153.0,153.0,fulfilled
2675,1425,1001,3,36.0,108.0,fulfilled
2676,1426,1083,1,265.0,265.0,fulfilled
2677,1427,1070,2,303.0,606.0,fulfilled
2678,1427,1037,2,116.0,232.0,fulfilled
2679,1427,1042,2,235.0,470.0,fulfilled
2680,1428,1071,1,423.0,423.0,fulfilled
2681,1429,1015,1,115.0,115.0,out_of_stock_removed
2682,1429,1015,1,115.0,115.0,fulfilled
2683,1429,1008,1,51.0,51.0,fulfilled
2684,1429,1070,1,303.0,303.0,fulfilled
2685,1430,1099,1,338.0,338.0,fulfilled
2686,1430,1146,2,911.0,1822.0,fulfilled
2687,1431,1015,1,115.0,115.0,fulfilled
2688,1431,1088,2,240.0,480.0,fulfilled
2689,1431,1108,1,398.0,398.0,fulfilled
2690,1432,1005,2,155.0,310.0,fulfilled
2691,1433,1037,1,116.0,116.0,fulfilled
2692,1433,1071,3,423.0,1269.0,fulfilled
2693,1433,1096,2,251.0,502.0,fulfilled
2694,1433,1043,2,80.0,160.0,fulfilled
2695,1434,1024,1,236.0,236.0,fulfilled
2696,1435,1099,1,338.0,338.0,fulfilled
2697,1435,1042,1,235.0,235.0,substituted
2698,1435,1118,2,93.0,186.0,fulfilled
2699,1435,1131,1,143.0,143.0,fulfilled
2700,1436,1135,1,1063.0,1063.0,fulfilled
2701,1436,1019,1,224.0,224.0,fulfilled
2702,1436,1109,2,413.0,826.0,fulfilled
2703,1436,1024,2,236.0,472.0,fulfilled
2704,1437,1114,1,156.0,156.0,fulfilled
2705,1437,1079,1,90.0,90.0,fulfilled
2706,1438,1023,1,87.0,87.0,fulfilled
2707,1438,1121,1,549.0,549.0,fulfilled
2708,1439,1116,2,486.0,972.0,fulfilled
2709,1439,1013,1,97.0,97.0,fulfilled
2710,1440,1126,1,376.0,376.0,fulfilled
2711,1440,1107,2,665.0,1330.0,fulfilled
2712,1441,1112,1,610.0,610.0,fulfilled
2713,1441,1113,1,185.0,185.0,fulfilled
2714,1442,1131,1,143.0,143.0,fulfilled
2715,1442,1080,1,187.0,187.0,fulfilled
2716,1442,1132,3,296.0,888.0,fulfilled
2717,1443,1011,1,221.0,221.0,fulfilled
2718,1443,1086,1,62.0,62.0,fulfilled
2719,1443,1086,2,62.0,124.0,fulfilled
2720,1444,1056,2,180.0,360.0,fulfilled
2721,1445,1015,3,115.0,345.0,fulfilled
2722,1446,1038,1,50.0,50.0,fulfilled
2723,1447,1114,1,156.0,156.0,substituted
2724,1447,1049,1,59.0,59.0,fulfilled
2725,1447,1132,2,296.0,592.0,fulfilled
2726,1448,1136,2,393.0,786.0,fulfilled
2727,1449,1094,1,308.0,308.0,fulfilled
2728,1450,1127,3,633.0,1899.0,fulfilled
2729,1451,1028,1,311.0,311.0,fulfilled
2730,1452,1091,2,311.0,622.0,fulfilled
2731,1453,1141,1,664.0,664.0,fulfilled
2732,1454,1023,1,87.0,87.0,fulfilled
2733,1455,1083,1,265.0,265.0,fulfilled
2734,1456,1132,1,296.0,296.0,fulfilled
2735,1457,1133,1,586.0,586.0,fulfilled
2736,1458,1105,2,623.0,1246.0,fulfilled
2737,1459,1019,1,224.0,224.0,substituted
2738,1459,1007,1,108.0,108.0,substituted
2739,1460,1084,1,45.0,45.0,fulfilled
2740,1461,1070,2,303.0,606.0,fulfilled
2741,1461,1117,1,61.0,61.0,fulfilled
2742,1461,1113,1,185.0,185.0,fulfilled
2743,1462,1128,1,207.0,207.0,fulfilled
2744,1462,1138,1,304.0,304.0,fulfilled
2745,1463,1033,2,282.0,564.0,fulfilled
2746,1463,1111,3,60.0,180.0,fulfilled
2747,1464,1132,1,296.0,296.0,fulfilled
2748,1465,1097,2,336.0,672.0,fulfilled
2749,1466,1038,3,50.0,150.0,fulfilled
2750,1467,1091,1,311.0,311.0,fulfilled
2751,1467,1012,3,192.0,576.0,fulfilled
2752,1467,1080,2,187.0,374.0,fulfilled
2753,1467,1050,1,125.0,125.0,substituted
2754,1468,1136,1,393.0,393.0,fulfilled
2755,1468,1080,2,187.0,374.0,fulfilled
2756,1469,1031,1,159.0,159.0,fulfilled
2757,1470,1138,1,304.0,304.0,fulfilled
2758,1471,1141,2,664.0,1328.0,fulfilled
2759,1471,1054,2,49.0,98.0,fulfilled
2760,1472,1003,3,127.0,381.0,fulfilled
2761,1473,1096,1,251.0,251.0,fulfilled
2762,1474,1093,1,288.0,288.0,fulfilled
2763,1474,1127,2,633.0,1266.0,fulfilled
2764,1475,1111,1,60.0,60.0,fulfilled
2765,1476,1070,1,303.0,303.0,fulfilled
2766,1477,1136,1,393.0,393.0,fulfilled
2767,1478,1111,1,60.0,60.0,fulfilled
2768,1478,1005,1,155.0,155.0,fulfilled
2769,1479,1069,1,313.0,313.0,fulfilled
2770,1479,1136,1,393.0,393.0,fulfilled
2771,1479,1130,2,379.0,758.0,fulfilled
2772,1479,1023,2,87.0,174.0,fulfilled
2773,1480,1068,1,270.0,270.0,fulfilled
2774,1480,1015,1,115.0,115.0,fulfilled
2775,1480,1061,2,310.0,620.0,fulfilled
2776,1481,1111,1,60.0,60.0,substituted
2777,1481,1115,3,460.0,1380.0,fulfilled
2778,1481,1127,2,633.0,1266.0,fulfilled
2779,1482,1132,1,296.0,296.0,fulfilled
2780,1483,1089,1,154.0,154.0,fulfilled
2781,1483,1066,1,203.0,203.0,fulfilled
2782,1483,1124,2,482.0,964.0,fulfilled
2783,1484,1038,1,50.0,50.0,fulfilled
2784,1484,1015,1,115.0,115.0,out_of_stock_removed
2785,1485,1047,1,102.0,102.0,fulfilled
2786,1486,1095,1,746.0,746.0,fulfilled
2787,1487,1071,1,423.0,423.0,fulfilled
2788,1487,1054,2,49.0,98.0,fulfilled
2789,1487,1019,1,224.0,224.0,fulfilled
2790,1488,1012,1,192.0,192.0,fulfilled
2791,1488,1086,1,62.0,62.0,fulfilled
2792,1489,1013,3,97.0,291.0,substituted
2793,1489,1118,2,93.0,186.0,fulfilled
2794,1490,1104,3,737.0,2211.0,fulfilled
2795,1491,1035,1,297.0,297.0,fulfilled
2796,1491,1015,1,115.0,115.0,out_of_stock_removed
2797,1491,1073,1,90.0,90.0,fulfilled
2798,1492,1037,1,116.0,116.0,fulfilled
2799,1493,1141,3,664.0,1992.0,fulfilled
2800,1494,1071,2,423.0,846.0,fulfilled
2801,1494,1093,1,288.0,288.0,fulfilled
2802,1494,1133,2,586.0,1172.0,fulfilled
2803,1495,1131,1,143.0,143.0,fulfilled
2804,1495,1136,1,393.0,393.0,fulfilled
2805,1496,1068,1,270.0,270.0,fulfilled
2806,1497,1085,2,200.0,400.0,fulfilled
2807,1498,1126,1,376.0,376.0,fulfilled
2808,1498,1117,1,61.0,61.0,fulfilled
2809,1499,1082,1,130.0,130.0,fulfilled
2810,1500,1098,1,599.0,599.0,fulfilled
2811,1500,1141,1,664.0,664.0,fulfilled
2812,1501,1079,1,90.0,90.0,fulfilled
2813,1501,1066,2,203.0,406.0,fulfilled
2814,1502,1053,1,37.0,37.0,fulfilled
2815,1503,1084,1,45.0,45.0,fulfilled
2816,1503,1143,1,259.0,259.0,fulfilled
2817,1503,1105,1,623.0,623.0,fulfilled
2818,1504,1028,1,311.0,311.0,fulfilled
2819,1505,1143,1,259.0,259.0,fulfilled
2820,1505,1015,1,115.0,115.0,fulfilled
2821,1505,1131,1,143.0,143.0,fulfilled
2822,1506,1126,2,376.0,752.0,fulfilled
2823,1506,1140,1,240.0,240.0,fulfilled
2824,1506,1141,1,664.0,664.0,fulfilled
2825,1507,1108,1,398.0,398.0,fulfilled
2826,1508,1132,1,296.0,296.0,fulfilled
2827,1509,1031,1,159.0,159.0,fulfilled
2828,1509,1053,1,37.0,37.0,fulfilled
2829,1509,1112,1,610.0,610.0,fulfilled
2830,1510,1005,1,155.0,155.0,out_of_stock_removed
2831,1510,1041,1,309.0,309.0,fulfilled
2832,1510,1004,1,36.0,36.0,fulfilled
2833,1511,1038,1,50.0,50.0,fulfilled
2834,1512,1128,3,207.0,621.0,fulfilled
2835,1513,1105,1,623.0,623.0,fulfilled
2836,1513,1141,1,664.0,664.0,fulfilled
2837,1514,1114,2,156.0,312.0,fulfilled
2838,1514,1019,1,224.0,224.0,substituted
2839,1515,1013,2,97.0,194.0,fulfilled
2840,1516,1115,1,460.0,460.0,fulfilled
2841,1516,1048,2,136.0,272.0,out_of_stock_removed
2842,1517,1118,1,93.0,93.0,fulfilled
2843,1517,1107,1,665.0,665.0,rejected_substitution
2844,1518,1060,2,211.0,422.0,fulfilled
2845,1519,1079,3,90.0,270.0,fulfilled
2846,1519,1104,2,737.0,1474.0,fulfilled
2847,1520,1145,1,1144.0,1144.0,substituted
2848,1521,1123,1,208.0,208.0,fulfilled
2849,1521,1055,1,91.0,91.0,fulfilled
2850,1522,1136,1,393.0,393.0,fulfilled
2851,1523,1033,2,282.0,564.0,fulfilled
2852,1524,1143,2,259.0,518.0,fulfilled
2853,1525,1131,1,143.0,143.0,fulfilled
2854,1526,1069,1,313.0,313.0,fulfilled
2855,1526,1145,3,1144.0,3432.0,fulfilled
2856,1527,1080,2,187.0,374.0,fulfilled
2857,1528,1063,1,165.0,165.0,fulfilled
2858,1528,1015,1,115.0,115.0,fulfilled
2859,1528,1089,1,154.0,154.0,fulfilled
2860,1528,1015,1,115.0,115.0,fulfilled
2861,1529,1007,1,108.0,108.0,fulfilled
2862,1529,1080,1,187.0,187.0,fulfilled
2863,1530,1068,2,270.0,540.0,fulfilled
2864,1530,1139,2,83.0,166.0,rejected_substitution
2865,1531,1103,1,220.0,220.0,fulfilled
2866,1532,1002,2,186.0,372.0,out_of_stock_removed
2867,1532,1144,1,438.0,438.0,fulfilled
2868,1533,1080,1,187.0,187.0,fulfilled
2869,1534,1017,1,198.0,198.0,fulfilled
2870,1535,1012,1,192.0,192.0,fulfilled
2871,1536,1143,1,259.0,259.0,fulfilled
2872,1536,1049,1,59.0,59.0,fulfilled
2873,1536,1143,1,259.0,259.0,fulfilled
2874,1537,1132,3,296.0,888.0,fulfilled
2875,1537,1093,1,288.0,288.0,fulfilled
2876,1538,1143,1,259.0,259.0,fulfilled
2877,1538,1046,1,31.0,31.0,fulfilled
2878,1539,1086,1,62.0,62.0,rejected_substitution
2879,1539,1086,2,62.0,124.0,fulfilled
2880,1540,1115,2,460.0,920.0,fulfilled
2881,1541,1131,3,143.0,429.0,rejected_substitution
2882,1542,1023,1,87.0,87.0,fulfilled
2883,1543,1118,1,93.0,93.0,fulfilled
2884,1544,1051,3,158.0,474.0,substituted
2885,1544,1112,1,610.0,610.0,fulfilled
2886,1544,1133,1,586.0,586.0,fulfilled
2887,1545,1040,3,74.0,222.0,fulfilled
2888,1546,1128,1,207.0,207.0,rejected_substitution
2889,1547,1102,2,887.0,1774.0,fulfilled
2890,1547,1102,2,887.0,1774.0,fulfilled
2891,1548,1136,2,393.0,786.0,fulfilled
2892,1549,1126,1,376.0,376.0,fulfilled
2893,1550,1131,1,143.0,143.0,fulfilled
2894,1551,1015,1,115.0,115.0,out_of_stock_removed
2895,1551,1043,2,80.0,160.0,fulfilled
2896,1552,1092,1,327.0,327.0,fulfilled
2897,1553,1040,1,74.0,74.0,fulfilled
2898,1553,1029,2,238.0,476.0,substituted
2899,1554,1097,1,336.0,336.0,fulfilled
2900,1555,1044,2,30.0,60.0,fulfilled
2901,1556,1096,3,251.0,753.0,fulfilled
2902,1556,1029,2,238.0,476.0,substituted
2903,1557,1026,1,210.0,210.0,fulfilled
2904,1557,1063,2,165.0,330.0,fulfilled
2905,1557,1041,2,309.0,618.0,fulfilled
2906,1558,1050,1,125.0,125.0,fulfilled
2907,1558,1132,2,296.0,592.0,fulfilled
2908,1559,1068,1,270.0,270.0,fulfilled
2909,1560,1128,1,207.0,207.0,fulfilled
2910,1561,1070,1,303.0,303.0,fulfilled
2911,1562,1015,1,115.0,115.0,fulfilled
2912,1563,1103,3,220.0,660.0,fulfilled
2913,1564,1070,2,303.0,606.0,fulfilled
2914,1565,1103,1,220.0,220.0,fulfilled
2915,1566,1062,1,59.0,59.0,fulfilled
2916,1566,1143,1,259.0,259.0,fulfilled
2917,1567,1050,1,125.0,125.0,fulfilled
2918,1568,1005,1,155.0,155.0,fulfilled
2919,1569,1046,2,31.0,62.0,fulfilled
2920,1569,1053,1,37.0,37.0,fulfilled
2921,1569,1013,2,97.0,194.0,fulfilled
2922,1570,1007,1,108.0,108.0,fulfilled
2923,1570,1033,1,282.0,282.0,fulfilled
2924,1570,1061,1,310.0,310.0,substituted
2925,1571,1133,1,586.0,586.0,fulfilled
2926,1572,1136,2,393.0,786.0,fulfilled
2927,1573,1027,1,44.0,44.0,fulfilled
2928,1574,1028,1,311.0,311.0,fulfilled
2929,1574,1015,1,115.0,115.0,fulfilled
2930,1574,1056,1,180.0,180.0,fulfilled
2931,1575,1132,1,296.0,296.0,fulfilled
2932,1576,1055,1,91.0,91.0,fulfilled
2933,1577,1136,2,393.0,786.0,fulfilled
2934,1577,1131,1,143.0,143.0,fulfilled
2935,1577,1141,3,664.0,1992.0,fulfilled
2936,1578,1143,1,259.0,259.0,fulfilled
2937,1578,1114,2,156.0,312.0,fulfilled
2938,1579,1057,1,156.0,156.0,fulfilled
2939,1580,1133,3,586.0,1758.0,fulfilled
2940,1580,1070,1,303.0,303.0,fulfilled
2941,1581,1044,1,30.0,30.0,fulfilled
2942,1582,1111,3,60.0,180.0,fulfilled
2943,1582,1141,1,664.0,664.0,fulfilled
2944,1583,1019,1,224.0,224.0,fulfilled
2945,1583,1108,1,398.0,398.0,fulfilled
2946,1584,1057,1,156.0,156.0,fulfilled
2947,1585,1028,1,311.0,311.0,fulfilled
2948,1586,1113,1,185.0,185.0,out_of_stock_removed
2949,1586,1141,1,664.0,664.0,fulfilled
2950,1586,1008,1,51.0,51.0,fulfilled
2951,1587,1044,1,30.0,30.0,rejected_substitution
2952,1587,1128,2,207.0,414.0,fulfilled
2953,1588,1117,1,61.0,61.0,fulfilled
2954,1588,1113,1,185.0,185.0,fulfilled
2955,1589,1094,2,308.0,616.0,fulfilled
2956,1590,1134,1,935.0,935.0,fulfilled
2957,1590,1097,2,336.0,672.0,fulfilled
2958,1590,1120,1,475.0,475.0,fulfilled
2959,1591,1091,1,311.0,311.0,fulfilled
2960,1592,1111,1,60.0,60.0,fulfilled
2961,1592,1117,1,61.0,61.0,fulfilled
2962,1593,1049,1,59.0,59.0,fulfilled
2963,1593,1013,1,97.0,97.0,fulfilled
2964,1594,1018,1,177.0,177.0,fulfilled
2965,1594,1022,1,240.0,240.0,fulfilled
2966,1594,1125,2,667.0,1334.0,fulfilled
2967,1595,1015,1,115.0,115.0,fulfilled
2968,1595,1053,1,37.0,37.0,fulfilled
2969,1596,1143,1,259.0,259.0,fulfilled
2970,1596,1091,1,311.0,311.0,fulfilled
2971,1597,1061,1,310.0,310.0,fulfilled
2972,1597,1143,2,259.0,518.0,fulfilled
2973,1598,1003,1,127.0,127.0,fulfilled
2974,1598,1077,1,54.0,54.0,fulfilled
2975,1599,1143,1,259.0,259.0,fulfilled
2976,1600,1077,1,54.0,54.0,fulfilled
2977,1601,1122,1,672.0,672.0,fulfilled
2978,1602,1078,1,265.0,265.0,fulfilled
2979,1602,1146,1,911.0,911.0,fulfilled
2980,1602,1136,1,393.0,393.0,fulfilled
2981,1603,1141,1,664.0,664.0,fulfilled
2982,1603,1070,1,303.0,303.0,fulfilled
2983,1604,1031,2,159.0,318.0,fulfilled
2984,1604,1115,1,460.0,460.0,fulfilled
2985,1605,1013,2,97.0,194.0,fulfilled
2986,1606,1091,1,311.0,311.0,fulfilled
2987,1606,1011,1,221.0,221.0,substituted
2988,1606,1061,1,310.0,310.0,fulfilled
2989,1607,1004,1,36.0,36.0,fulfilled
2990,1608,1095,1,746.0,746.0,fulfilled
2991,1608,1033,3,282.0,846.0,substituted
2992,1609,1080,1,187.0,187.0,fulfilled
2993,1609,1091,2,311.0,622.0,fulfilled
2994,1610,1086,1,62.0,62.0,fulfilled
2995,1611,1005,3,155.0,465.0,fulfilled
2996,1612,1005,2,155.0,310.0,fulfilled
2997,1612,1103,1,220.0,220.0,fulfilled
2998,1613,1041,1,309.0,309.0,fulfilled
2999,1614,1040,2,74.0,148.0,fulfilled
3000,1615,1108,1,398.0,398.0,fulfilled
3001,1616,1136,1,393.0,393.0,fulfilled
3002,1617,1084,1,45.0,45.0,fulfilled
3003,1617,1129,1,649.0,649.0,rejected_substitution
3004,1617,1075,3,161.0,483.0,fulfilled
3005,1617,1136,1,393.0,393.0,fulfilled
3006,1618,1141,1,664.0,664.0,fulfilled
3007,1619,1005,2,155.0,310.0,fulfilled
3008,1620,1127,1,633.0,633.0,fulfilled
3009,1621,1111,2,60.0,120.0,fulfilled
3010,1622,1128,2,207.0,414.0,fulfilled
3011,1623,1036,1,58.0,58.0,fulfilled
3012,1624,1082,1,130.0,130.0,fulfilled
3013,1624,1118,1,93.0,93.0,fulfilled
3014,1624,1098,2,599.0,1198.0,fulfilled
3015,1625,1031,2,159.0,318.0,fulfilled
3016,1625,1042,2,235.0,470.0,substituted
3017,1625,1024,1,236.0,236.0,fulfilled
3018,1626,1050,2,125.0,250.0,fulfilled
3019,1626,1013,2,97.0,194.0,fulfilled
3020,1626,1131,1,143.0,143.0,fulfilled
3021,1627,1005,2,155.0,310.0,fulfilled
3022,1627,1092,1,327.0,327.0,out_of_stock_removed
3023,1628,1140,1,240.0,240.0,fulfilled
3024,1628,1028,2,311.0,622.0,fulfilled
3025,1628,1015,2,115.0,230.0,fulfilled
3026,1628,1113,1,185.0,185.0,fulfilled
3027,1629,1116,1,486.0,486.0,fulfilled
3028,1629,1072,1,76.0,76.0,fulfilled
3029,1630,1091,1,311.0,311.0,fulfilled
3030,1631,1062,1,59.0,59.0,fulfilled
3031,1632,1084,2,45.0,90.0,fulfilled
3032,1633,1131,1,143.0,143.0,fulfilled
3033,1633,1128,1,207.0,207.0,fulfilled
3034,1633,1091,1,311.0,311.0,fulfilled
3035,1634,1143,1,259.0,259.0,fulfilled
3036,1634,1093,2,288.0,576.0,fulfilled
3037,1635,1093,1,288.0,288.0,fulfilled
3038,1636,1141,1,664.0,664.0,fulfilled
3039,1636,1143,1,259.0,259.0,fulfilled
3040,1637,1091,2,311.0,622.0,fulfilled
3041,1638,1082,1,130.0,130.0,rejected_substitution
3042,1638,1136,1,393.0,393.0,fulfilled
3043,1639,1143,1,259.0,259.0,fulfilled
3044,1639,1086,3,62.0,186.0,fulfilled
3045,1639,1142,1,147.0,147.0,fulfilled
3046,1640,1128,1,207.0,207.0,fulfilled
3047,1640,1082,1,130.0,130.0,fulfilled
3048,1640,1086,2,62.0,124.0,fulfilled
3049,1641,1143,1,259.0,259.0,substituted
3050,1642,1127,1,633.0,633.0,fulfilled
3051,1643,1131,1,143.0,143.0,rejected_substitution
3052,1643,1112,1,610.0,610.0,fulfilled
3053,1644,1004,3,36.0,108.0,fulfilled
3054,1644,1128,1,207.0,207.0,fulfilled
3055,1645,1080,1,187.0,187.0,fulfilled
3056,1646,1035,3,297.0,891.0,fulfilled
3057,1646,1141,1,664.0,664.0,fulfilled
3058,1647,1088,1,240.0,240.0,fulfilled
3059,1648,1144,1,438.0,438.0,fulfilled
3060,1648,1137,1,532.0,532.0,fulfilled
3061,1649,1108,2,398.0,796.0,fulfilled
3062,1650,1093,1,288.0,288.0,fulfilled
3063,1650,1141,1,664.0,664.0,fulfilled
3064,1650,1131,1,143.0,143.0,fulfilled
3065,1651,1114,1,156.0,156.0,fulfilled
3066,1651,1071,1,423.0,423.0,fulfilled
3067,1652,1080,1,187.0,187.0,fulfilled
3068,1653,1136,2,393.0,786.0,fulfilled
3069,1653,1034,1,70.0,70.0,out_of_stock_removed
3070,1654,1087,3,341.0,1023.0,fulfilled
3071,1655,1055,3,91.0,273.0,fulfilled
3072,1656,1104,1,737.0,737.0,fulfilled
3073,1657,1045,2,114.0,228.0,fulfilled
3074,1658,1078,2,265.0,530.0,fulfilled
3075,1658,1112,1,610.0,610.0,fulfilled
3076,1658,1141,1,664.0,664.0,fulfilled
3077,1658,1002,1,186.0,186.0,fulfilled
3078,1659,1140,3,240.0,720.0,fulfilled
3079,1659,1019,1,224.0,224.0,fulfilled
3080,1660,1120,1,475.0,475.0,fulfilled
3081,1660,1100,1,548.0,548.0,fulfilled
3082,1661,1129,3,649.0,1947.0,fulfilled
3083,1661,1004,2,36.0,72.0,fulfilled
3084,1662,1099,1,338.0,338.0,fulfilled
3085,1662,1128,1,207.0,207.0,fulfilled
3086,1663,1117,1,61.0,61.0,fulfilled
3087,1663,1078,1,265.0,265.0,fulfilled
3088,1663,1031,1,159.0,159.0,rejected_substitution
3089,1663,1015,1,115.0,115.0,fulfilled
3090,1664,1093,1,288.0,288.0,fulfilled
3091,1664,1143,1,259.0,259.0,fulfilled
3092,1665,1100,1,548.0,548.0,fulfilled
3093,1666,1053,1,37.0,37.0,substituted
3094,1666,1041,1,309.0,309.0,fulfilled
3095,1667,1070,1,303.0,303.0,fulfilled
3096,1667,1095,1,746.0,746.0,fulfilled
3097,1668,1046,1,31.0,31.0,fulfilled
3098,1668,1037,1,116.0,116.0,fulfilled
3099,1668,1093,1,288.0,288.0,fulfilled
3100,1668,1142,3,147.0,441.0,fulfilled
3101,1669,1019,1,224.0,224.0,fulfilled
3102,1669,1019,1,224.0,224.0,fulfilled
3103,1669,1044,1,30.0,30.0,fulfilled
3104,1670,1128,1,207.0,207.0,fulfilled
3105,1670,1112,2,610.0,1220.0,fulfilled
3106,1670,1025,1,175.0,175.0,fulfilled
3107,1671,1015,2,115.0,230.0,out_of_stock_removed
3108,1671,1042,1,235.0,235.0,fulfilled
3109,1672,1128,1,207.0,207.0,substituted
3110,1672,1068,1,270.0,270.0,fulfilled
3111,1673,1095,1,746.0,746.0,out_of_stock_removed
3112,1674,1070,1,303.0,303.0,fulfilled
3113,1674,1095,1,746.0,746.0,fulfilled
3114,1675,1041,3,309.0,927.0,fulfilled
3115,1675,1114,1,156.0,156.0,fulfilled
3116,1675,1030,3,214.0,642.0,substituted
3117,1675,1101,1,561.0,561.0,fulfilled
3118,1676,1128,1,207.0,207.0,fulfilled
3119,1677,1132,1,296.0,296.0,fulfilled
3120,1678,1024,1,236.0,236.0,fulfilled
3121,1679,1104,1,737.0,737.0,fulfilled
3122,1679,1118,2,93.0,186.0,fulfilled
3123,1680,1060,2,211.0,422.0,fulfilled
3124,1681,1132,2,296.0,592.0,fulfilled
3125,1681,1009,1,169.0,169.0,substituted
3126,1682,1015,1,115.0,115.0,fulfilled
3127,1683,1105,1,623.0,623.0,fulfilled
3128,1683,1103,1,220.0,220.0,fulfilled
3129,1683,1114,1,156.0,156.0,fulfilled
3130,1684,1031,2,159.0,318.0,fulfilled
3131,1684,1140,1,240.0,240.0,fulfilled
3132,1685,1128,1,207.0,207.0,rejected_substitution
3133,1685,1070,2,303.0,606.0,fulfilled
3134,1686,1055,1,91.0,91.0,fulfilled
3135,1686,1094,1,308.0,308.0,fulfilled
3136,1687,1046,1,31.0,31.0,fulfilled
3137,1688,1061,3,310.0,930.0,fulfilled
3138,1689,1075,1,161.0,161.0,fulfilled
3139,1690,1141,1,664.0,664.0,fulfilled
3140,1691,1041,1,309.0,309.0,fulfilled
3141,1692,1055,2,91.0,182.0,fulfilled
3142,1692,1142,3,147.0,441.0,substituted
3143,1692,1079,2,90.0,180.0,out_of_stock_removed
3144,1692,1039,2,182.0,364.0,fulfilled
3145,1693,1124,2,482.0,964.0,fulfilled
3146,1693,1082,2,130.0,260.0,fulfilled
3147,1694,1028,2,311.0,622.0,out_of_stock_removed
3148,1694,1072,1,76.0,76.0,fulfilled
3149,1695,1003,3,127.0,381.0,fulfilled
3150,1696,1133,2,586.0,1172.0,fulfilled
3151,1696,1069,1,313.0,313.0,fulfilled
3152,1697,1024,1,236.0,236.0,fulfilled
3153,1697,1001,1,36.0,36.0,fulfilled
3154,1697,1061,2,310.0,620.0,fulfilled
3155,1698,1131,1,143.0,143.0,fulfilled
3156,1699,1132,1,296.0,296.0,fulfilled
3157,1699,1049,1,59.0,59.0,fulfilled
3158,1699,1095,1,746.0,746.0,fulfilled
3159,1700,1140,1,240.0,240.0,fulfilled
3160,1701,1098,1,599.0,599.0,fulfilled
3161,1702,1015,1,115.0,115.0,fulfilled
3162,1702,1005,2,155.0,310.0,fulfilled
3163,1702,1132,1,296.0,296.0,fulfilled
3164,1703,1057,2,156.0,312.0,fulfilled
3165,1704,1040,1,74.0,74.0,fulfilled
3166,1705,1101,2,561.0,1122.0,fulfilled
3167,1706,1125,1,667.0,667.0,fulfilled
3168,1707,1136,1,393.0,393.0,fulfilled
3169,1708,1117,2,61.0,122.0,fulfilled
3170,1709,1136,1,393.0,393.0,fulfilled
3171,1709,1076,1,312.0,312.0,fulfilled
3172,1710,1125,3,667.0,2001.0,fulfilled
3173,1710,1077,1,54.0,54.0,fulfilled
3174,1711,1070,1,303.0,303.0,fulfilled
3175,1712,1046,3,31.0,93.0,fulfilled
3176,1713,1072,2,76.0,152.0,fulfilled
3177,1713,1108,1,398.0,398.0,fulfilled
3178,1713,1132,1,296.0,296.0,fulfilled
3179,1713,1143,1,259.0,259.0,substituted
3180,1713,1111,3,60.0,180.0,fulfilled
3181,1714,1036,3,58.0,174.0,rejected_substitution
3182,1715,1015,1,115.0,115.0,out_of_stock_removed
3183,1715,1014,1,94.0,94.0,fulfilled
3184,1716,1108,1,398.0,398.0,fulfilled
3185,1716,1030,1,214.0,214.0,rejected_substitution
3186,1717,1141,1,664.0,664.0,fulfilled
3187,1717,1078,1,265.0,265.0,fulfilled
3188,1717,1117,1,61.0,61.0,fulfilled
3189,1718,1102,3,887.0,2661.0,fulfilled
3190,1718,1136,1,393.0,393.0,fulfilled
3191,1719,1045,1,114.0,114.0,fulfilled
3192,1719,1138,3,304.0,912.0,fulfilled
3193,1720,1068,1,270.0,270.0,fulfilled
3194,1721,1113,1,185.0,185.0,fulfilled
3195,1721,1142,2,147.0,294.0,fulfilled
3196,1722,1071,1,423.0,423.0,fulfilled
3197,1723,1057,2,156.0,312.0,fulfilled
3198,1723,1132,1,296.0,296.0,fulfilled
3199,1724,1143,1,259.0,259.0,fulfilled
3200,1724,1098,1,599.0,599.0,fulfilled
3201,1725,1013,1,97.0,97.0,fulfilled
3202,1725,1022,2,240.0,480.0,fulfilled
3203,1726,1021,1,232.0,232.0,fulfilled
3204,1726,1117,1,61.0,61.0,fulfilled
3205,1726,1070,1,303.0,303.0,fulfilled
3206,1727,1029,1,238.0,238.0,substituted
3207,1728,1106,1,337.0,337.0,fulfilled
3208,1729,1034,1,70.0,70.0,fulfilled
3209,1729,1144,1,438.0,438.0,fulfilled
3210,1730,1108,3,398.0,1194.0,fulfilled
3211,1730,1091,1,311.0,311.0,fulfilled
3212,1731,1086,2,62.0,124.0,fulfilled
3213,1732,1141,1,664.0,664.0,fulfilled
3214,1733,1013,1,97.0,97.0,substituted
3215,1734,1141,3,664.0,1992.0,fulfilled
3216,1734,1015,2,115.0,230.0,fulfilled
3217,1734,1124,3,482.0,1446.0,fulfilled
3218,1734,1055,1,91.0,91.0,fulfilled
3219,1735,1024,1,236.0,236.0,fulfilled
3220,1735,1005,1,155.0,155.0,fulfilled
3221,1736,1117,1,61.0,61.0,fulfilled
3222,1737,1118,3,93.0,279.0,fulfilled
3223,1737,1015,1,115.0,115.0,out_of_stock_removed
3224,1738,1004,1,36.0,36.0,fulfilled
3225,1739,1071,3,423.0,1269.0,fulfilled
3226,1740,1141,1,664.0,664.0,fulfilled
3227,1741,1126,3,376.0,1128.0,out_of_stock_removed
3228,1742,1106,2,337.0,674.0,fulfilled
3229,1742,1034,1,70.0,70.0,fulfilled
3230,1743,1078,1,265.0,265.0,fulfilled
3231,1744,1039,1,182.0,182.0,fulfilled
3232,1744,1079,2,90.0,180.0,fulfilled
3233,1745,1057,1,156.0,156.0,fulfilled
3234,1745,1026,1,210.0,210.0,fulfilled
3235,1746,1084,1,45.0,45.0,fulfilled
3236,1746,1015,2,115.0,230.0,fulfilled
3237,1746,1142,3,147.0,441.0,fulfilled
3238,1747,1086,1,62.0,62.0,fulfilled
3239,1748,1141,1,664.0,664.0,fulfilled
3240,1749,1011,1,221.0,221.0,rejected_substitution
3241,1749,1027,1,44.0,44.0,fulfilled
3242,1750,1080,1,187.0,187.0,fulfilled
3243,1751,1095,1,746.0,746.0,fulfilled
3244,1751,1110,1,577.0,577.0,rejected_substitution
3245,1751,1091,1,311.0,311.0,fulfilled
3246,1751,1135,2,1063.0,2126.0,out_of_stock_removed
3247,1752,1114,1,156.0,156.0,fulfilled
3248,1752,1027,2,44.0,88.0,fulfilled
3249,1752,1135,1,1063.0,1063.0,fulfilled
3250,1753,1141,1,664.0,664.0,fulfilled
3251,1754,1142,2,147.0,294.0,fulfilled
3252,1754,1145,1,1144.0,1144.0,fulfilled
3253,1754,1088,1,240.0,240.0,fulfilled
3254,1755,1031,3,159.0,477.0,fulfilled
3255,1755,1019,1,224.0,224.0,fulfilled
3256,1756,1008,1,51.0,51.0,fulfilled
3257,1756,1034,2,70.0,140.0,fulfilled
3258,1756,1087,1,341.0,341.0,fulfilled
3259,1756,1137,2,532.0,1064.0,fulfilled
3260,1757,1085,1,200.0,200.0,fulfilled
3261,1758,1022,1,240.0,240.0,substituted
3262,1759,1098,2,599.0,1198.0,fulfilled
3263,1759,1066,1,203.0,203.0,fulfilled
3264,1759,1117,1,61.0,61.0,fulfilled
3265,1759,1038,1,50.0,50.0,rejected_substitution
3266,1760,1031,1,159.0,159.0,fulfilled
3267,1761,1020,2,103.0,206.0,fulfilled
3268,1761,1078,2,265.0,530.0,fulfilled
3269,1761,1005,1,155.0,155.0,fulfilled
3270,1762,1016,2,179.0,358.0,rejected_substitution
3271,1762,1086,1,62.0,62.0,fulfilled
3272,1762,1019,1,224.0,224.0,fulfilled
3273,1762,1047,2,102.0,204.0,fulfilled
3274,1762,1136,2,393.0,786.0,fulfilled
3275,1763,1095,2,746.0,1492.0,fulfilled
3276,1763,1057,2,156.0,312.0,fulfilled
3277,1764,1015,1,115.0,115.0,out_of_stock_removed
3278,1765,1045,1,114.0,114.0,fulfilled
3279,1765,1065,1,388.0,388.0,fulfilled
3280,1766,1145,1,1144.0,1144.0,fulfilled
3281,1766,1082,1,130.0,130.0,rejected_substitution
3282,1767,1084,1,45.0,45.0,fulfilled
3283,1767,1031,2,159.0,318.0,fulfilled
3284,1768,1029,1,238.0,238.0,fulfilled
3285,1769,1132,1,296.0,296.0,fulfilled
3286,1770,1121,1,549.0,549.0,fulfilled
3287,1771,1041,2,309.0,618.0,fulfilled
3288,1772,1140,3,240.0,720.0,fulfilled
3289,1772,1091,1,311.0,311.0,fulfilled
3290,1773,1021,1,232.0,232.0,fulfilled
3291,1774,1086,3,62.0,186.0,fulfilled
3292,1775,1051,3,158.0,474.0,substituted
3293,1775,1032,1,173.0,173.0,fulfilled
3294,1776,1092,1,327.0,327.0,fulfilled
3295,1777,1037,1,116.0,116.0,fulfilled
3296,1778,1129,1,649.0,649.0,rejected_substitution
3297,1778,1124,1,482.0,482.0,fulfilled
3298,1779,1144,3,438.0,1314.0,fulfilled
3299,1780,1005,2,155.0,310.0,out_of_stock_removed
3300,1780,1141,1,664.0,664.0,fulfilled
3301,1781,1036,1,58.0,58.0,fulfilled
3302,1782,1100,1,548.0,548.0,fulfilled
3303,1782,1143,1,259.0,259.0,fulfilled
3304,1783,1001,1,36.0,36.0,fulfilled
3305,1783,1129,1,649.0,649.0,fulfilled
3306,1784,1031,2,159.0,318.0,fulfilled
3307,1785,1054,1,49.0,49.0,fulfilled
3308,1786,1140,1,240.0,240.0,fulfilled
3309,1787,1018,1,177.0,177.0,substituted
3310,1787,1146,1,911.0,911.0,fulfilled
3311,1788,1124,1,482.0,482.0,fulfilled
3312,1789,1032,1,173.0,173.0,fulfilled
3313,1789,1094,1,308.0,308.0,fulfilled
3314,1789,1001,1,36.0,36.0,out_of_stock_removed
3315,1789,1039,1,182.0,182.0,out_of_stock_removed
3316,1789,1095,1,746.0,746.0,fulfilled
3317,1790,1125,1,667.0,667.0,fulfilled
3318,1791,1007,2,108.0,216.0,fulfilled
3319,1792,1050,1,125.0,125.0,fulfilled
3320,1793,1035,1,297.0,297.0,fulfilled
3321,1793,1115,3,460.0,1380.0,fulfilled
3322,1794,1048,1,136.0,136.0,fulfilled
3323,1794,1100,1,548.0,548.0,fulfilled
3324,1795,1015,2,115.0,230.0,fulfilled
3325,1796,1132,1,296.0,296.0,fulfilled
3326,1797,1065,1,388.0,388.0,fulfilled
3327,1798,1075,1,161.0,161.0,fulfilled
3328,1799,1132,2,296.0,592.0,fulfilled
3329,1799,1134,1,935.0,935.0,fulfilled
3330,1800,1027,1,44.0,44.0,substituted
3331,1801,1126,2,376.0,752.0,fulfilled
3332,1801,1062,1,59.0,59.0,fulfilled
3333,1801,1018,1,177.0,177.0,rejected_substitution
3334,1802,1022,1,240.0,240.0,fulfilled
3335,1803,1128,1,207.0,207.0,fulfilled
3336,1803,1065,3,388.0,1164.0,fulfilled
3337,1803,1117,1,61.0,61.0,fulfilled
3338,1803,1017,2,198.0,396.0,out_of_stock_removed
3339,1804,1091,2,311.0,622.0,fulfilled
3340,1804,1055,1,91.0,91.0,fulfilled
3341,1804,1071,1,423.0,423.0,fulfilled
3342,1804,1025,1,175.0,175.0,fulfilled
3343,1805,1069,1,313.0,313.0,substituted
3344,1806,1093,2,288.0,576.0,fulfilled
3345,1807,1013,2,97.0,194.0,substituted
3346,1808,1135,1,1063.0,1063.0,fulfilled
3347,1808,1136,1,393.0,393.0,fulfilled
3348,1809,1021,1,232.0,232.0,fulfilled
3349,1810,1137,1,532.0,532.0,fulfilled
3350,1811,1037,2,116.0,232.0,out_of_stock_removed
3351,1811,1086,1,62.0,62.0,fulfilled
3352,1811,1007,1,108.0,108.0,fulfilled
3353,1811,1099,1,338.0,338.0,fulfilled
3354,1812,1065,1,388.0,388.0,fulfilled
3355,1812,1114,1,156.0,156.0,fulfilled
3356,1813,1003,2,127.0,254.0,fulfilled
3357,1813,1085,1,200.0,200.0,substituted
3358,1813,1069,1,313.0,313.0,fulfilled
3359,1814,1143,1,259.0,259.0,fulfilled
3360,1814,1128,2,207.0,414.0,fulfilled
3361,1815,1007,1,108.0,108.0,fulfilled
3362,1815,1040,1,74.0,74.0,fulfilled
3363,1816,1133,2,586.0,1172.0,fulfilled
3364,1817,1080,1,187.0,187.0,fulfilled
3365,1818,1143,1,259.0,259.0,fulfilled
3366,1818,1011,1,221.0,221.0,rejected_substitution
3367,1819,1086,1,62.0,62.0,rejected_substitution
3368,1819,1025,1,175.0,175.0,fulfilled
3369,1820,1113,1,185.0,185.0,fulfilled
3370,1821,1115,1,460.0,460.0,fulfilled
3371,1821,1141,1,664.0,664.0,fulfilled
3372,1822,1117,2,61.0,122.0,out_of_stock_removed
3373,1823,1005,1,155.0,155.0,fulfilled
3374,1823,1041,2,309.0,618.0,fulfilled
3375,1823,1023,1,87.0,87.0,fulfilled
3376,1824,1068,1,270.0,270.0,fulfilled
3377,1824,1144,3,438.0,1314.0,fulfilled
3378,1824,1022,1,240.0,240.0,fulfilled
3379,1825,1127,1,633.0,633.0,fulfilled
3380,1826,1066,1,203.0,203.0,fulfilled
3381,1827,1003,2,127.0,254.0,fulfilled
3382,1828,1141,1,664.0,664.0,fulfilled
3383,1828,1077,2,54.0,108.0,fulfilled
3384,1828,1057,1,156.0,156.0,fulfilled
3385,1829,1030,1,214.0,214.0,fulfilled
3386,1829,1142,3,147.0,441.0,fulfilled
3387,1829,1136,1,393.0,393.0,fulfilled
3388,1829,1015,1,115.0,115.0,fulfilled
3389,1830,1122,1,672.0,672.0,fulfilled
3390,1830,1115,1,460.0,460.0,fulfilled
3391,1831,1086,1,62.0,62.0,fulfilled
3392,1831,1100,1,548.0,548.0,fulfilled
3393,1832,1015,2,115.0,230.0,fulfilled
3394,1833,1066,1,203.0,203.0,fulfilled
3395,1833,1070,2,303.0,606.0,fulfilled
3396,1834,1078,1,265.0,265.0,fulfilled
3397,1834,1093,3,288.0,864.0,rejected_substitution
3398,1834,1095,1,746.0,746.0,fulfilled
3399,1835,1015,1,115.0,115.0,fulfilled
3400,1836,1047,1,102.0,102.0,fulfilled
3401,1837,1078,3,265.0,795.0,fulfilled
3402,1837,1015,1,115.0,115.0,fulfilled
3403,1837,1034,1,70.0,70.0,out_of_stock_removed
3404,1837,1093,1,288.0,288.0,fulfilled
3405,1838,1121,1,549.0,549.0,fulfilled
3406,1838,1100,1,548.0,548.0,fulfilled
3407,1839,1022,2,240.0,480.0,fulfilled
3408,1839,1002,1,186.0,186.0,fulfilled
3409,1840,1015,3,115.0,345.0,fulfilled
3410,1840,1100,1,548.0,548.0,fulfilled
3411,1840,1072,1,76.0,76.0,fulfilled
3412,1840,1043,1,80.0,80.0,substituted
3413,1841,1015,1,115.0,115.0,fulfilled
3414,1842,1005,1,155.0,155.0,out_of_stock_removed
3415,1842,1060,1,211.0,211.0,fulfilled
3416,1842,1121,2,549.0,1098.0,fulfilled
3417,1843,1009,1,169.0,169.0,fulfilled
3418,1844,1137,1,532.0,532.0,fulfilled
3419,1845,1141,3,664.0,1992.0,fulfilled
3420,1845,1144,1,438.0,438.0,fulfilled
3421,1845,1132,3,296.0,888.0,fulfilled
3422,1845,1143,2,259.0,518.0,fulfilled
3423,1846,1041,1,309.0,309.0,fulfilled
3424,1846,1128,1,207.0,207.0,fulfilled
3425,1846,1129,1,649.0,649.0,fulfilled
3426,1846,1131,1,143.0,143.0,rejected_substitution
3427,1847,1072,1,76.0,76.0,fulfilled
3428,1848,1061,1,310.0,310.0,fulfilled
3429,1849,1128,1,207.0,207.0,fulfilled
3430,1850,1111,2,60.0,120.0,fulfilled
3431,1851,1104,1,737.0,737.0,fulfilled
3432,1851,1042,1,235.0,235.0,fulfilled
3433,1852,1113,1,185.0,185.0,fulfilled
3434,1852,1058,1,84.0,84.0,fulfilled
3435,1852,1080,1,187.0,187.0,fulfilled
3436,1853,1140,1,240.0,240.0,fulfilled
3437,1853,1024,1,236.0,236.0,fulfilled
3438,1853,1136,1,393.0,393.0,fulfilled
3439,1854,1070,1,303.0,303.0,fulfilled
3440,1855,1007,2,108.0,216.0,fulfilled
3441,1855,1102,3,887.0,2661.0,fulfilled
3442,1855,1031,1,159.0,159.0,fulfilled
3443,1856,1118,1,93.0,93.0,fulfilled
3444,1856,1005,1,155.0,155.0,fulfilled
3445,1857,1011,2,221.0,442.0,fulfilled
3446,1857,1061,1,310.0,310.0,fulfilled
3447,1858,1070,1,303.0,303.0,fulfilled
3448,1859,1060,3,211.0,633.0,fulfilled
3449,1859,1063,1,165.0,165.0,fulfilled
3450,1860,1128,3,207.0,621.0,fulfilled
3451,1861,1109,1,413.0,413.0,fulfilled
3452,1862,1024,2,236.0,472.0,fulfilled
3453,1863,1108,2,398.0,796.0,fulfilled
3454,1863,1068,2,270.0,540.0,fulfilled
3455,1864,1014,1,94.0,94.0,fulfilled
3456,1865,1072,1,76.0,76.0,fulfilled
3457,1865,1083,1,265.0,265.0,fulfilled
3458,1866,1038,1,50.0,50.0,substituted
3459,1866,1141,2,664.0,1328.0,fulfilled
3460,1866,1102,1,887.0,887.0,fulfilled
3461,1867,1128,1,207.0,207.0,rejected_substitution
3462,1868,1079,1,90.0,90.0,fulfilled
3463,1868,1101,1,561.0,561.0,substituted
3464,1869,1053,1,37.0,37.0,fulfilled
3465,1869,1091,3,311.0,933.0,fulfilled
3466,1869,1097,3,336.0,1008.0,fulfilled
3467,1869,1076,1,312.0,312.0,fulfilled
3468,1869,1070,1,303.0,303.0,rejected_substitution
3469,1870,1009,1,169.0,169.0,fulfilled
3470,1870,1097,1,336.0,336.0,fulfilled
3471,1871,1070,1,303.0,303.0,fulfilled
3472,1871,1110,1,577.0,577.0,fulfilled
3473,1872,1050,1,125.0,125.0,fulfilled
3474,1873,1132,2,296.0,592.0,fulfilled
3475,1874,1041,2,309.0,618.0,rejected_substitution
3476,1875,1061,1,310.0,310.0,fulfilled
3477,1875,1131,1,143.0,143.0,fulfilled
3478,1876,1063,1,165.0,165.0,fulfilled
3479,1876,1131,1,143.0,143.0,fulfilled
3480,1877,1140,1,240.0,240.0,fulfilled
3481,1877,1131,1,143.0,143.0,fulfilled
3482,1877,1027,1,44.0,44.0,substituted
3483,1877,1128,3,207.0,621.0,fulfilled
3484,1878,1135,1,1063.0,1063.0,fulfilled
3485,1878,1015,1,115.0,115.0,fulfilled
3486,1879,1128,1,207.0,207.0,fulfilled
3487,1880,1117,1,61.0,61.0,fulfilled
3488,1880,1141,2,664.0,1328.0,fulfilled
3489,1881,1127,3,633.0,1899.0,fulfilled
3490,1881,1098,1,599.0,599.0,substituted
3491,1881,1115,1,460.0,460.0,fulfilled
3492,1882,1024,1,236.0,236.0,substituted
3493,1883,1001,1,36.0,36.0,out_of_stock_removed
3494,1883,1050,1,125.0,125.0,fulfilled
3495,1884,1053,1,37.0,37.0,fulfilled
3496,1885,1044,3,30.0,90.0,fulfilled
3497,1886,1038,1,50.0,50.0,fulfilled
3498,1887,1077,3,54.0,162.0,fulfilled
3499,1887,1081,1,37.0,37.0,fulfilled
3500,1888,1093,2,288.0,576.0,fulfilled
3501,1888,1011,1,221.0,221.0,substituted
3502,1889,1125,1,667.0,667.0,fulfilled
3503,1889,1128,1,207.0,207.0,fulfilled
3504,1890,1015,1,115.0,115.0,fulfilled
3505,1891,1108,1,398.0,398.0,fulfilled
3506,1891,1141,1,664.0,664.0,fulfilled
3507,1892,1110,1,577.0,577.0,fulfilled
3508,1892,1073,1,90.0,90.0,fulfilled
3509,1893,1121,1,549.0,549.0,substituted
3510,1893,1082,1,130.0,130.0,fulfilled
3511,1893,1026,1,210.0,210.0,fulfilled
3512,1894,1132,2,296.0,592.0,fulfilled
3513,1894,1020,1,103.0,103.0,substituted
3514,1895,1093,2,288.0,576.0,fulfilled
3515,1895,1019,1,224.0,224.0,substituted
3516,1896,1115,1,460.0,460.0,out_of_stock_removed
3517,1896,1118,1,93.0,93.0,fulfilled
3518,1896,1103,1,220.0,220.0,fulfilled
3519,1897,1140,2,240.0,480.0,fulfilled
3520,1898,1117,1,61.0,61.0,fulfilled
3521,1898,1034,1,70.0,70.0,fulfilled
3522,1899,1020,1,103.0,103.0,fulfilled
3523,1900,1005,1,155.0,155.0,out_of_stock_removed
3524,1901,1132,3,296.0,888.0,fulfilled
3525,1901,1027,1,44.0,44.0,substituted
3526,1902,1093,1,288.0,288.0,fulfilled
3527,1903,1034,1,70.0,70.0,fulfilled
3528,1904,1068,1,270.0,270.0,fulfilled
3529,1904,1046,1,31.0,31.0,fulfilled
3530,1904,1062,1,59.0,59.0,fulfilled
3531,1905,1007,1,108.0,108.0,fulfilled
3532,1905,1061,3,310.0,930.0,fulfilled
3533,1906,1113,3,185.0,555.0,fulfilled
3534,1907,1113,2,185.0,370.0,fulfilled
3535,1907,1080,1,187.0,187.0,fulfilled
3536,1907,1080,3,187.0,561.0,fulfilled
3537,1907,1115,2,460.0,920.0,fulfilled
3538,1908,1024,1,236.0,236.0,fulfilled
3539,1908,1114,1,156.0,156.0,fulfilled
3540,1908,1027,1,44.0,44.0,fulfilled
3541,1909,1015,2,115.0,230.0,fulfilled
3542,1910,1130,1,379.0,379.0,fulfilled
3543,1911,1089,2,154.0,308.0,fulfilled
3544,1912,1144,1,438.0,438.0,fulfilled
3545,1912,1050,1,125.0,125.0,fulfilled
3546,1912,1141,1,664.0,664.0,fulfilled
3547,1913,1095,1,746.0,746.0,fulfilled
3548,1913,1119,1,172.0,172.0,fulfilled
3549,1914,1068,1,270.0,270.0,fulfilled
3550,1915,1144,1,438.0,438.0,fulfilled
3551,1915,1021,1,232.0,232.0,fulfilled
3552,1916,1092,1,327.0,327.0,fulfilled
3553,1917,1031,1,159.0,159.0,fulfilled
3554,1917,1072,1,76.0,76.0,fulfilled
3555,1917,1071,1,423.0,423.0,fulfilled
3556,1918,1082,1,130.0,130.0,fulfilled
3557,1918,1013,1,97.0,97.0,rejected_substitution
3558,1918,1009,2,169.0,338.0,fulfilled
3559,1918,1127,1,633.0,633.0,fulfilled
3560,1919,1015,1,115.0,115.0,fulfilled
3561,1920,1140,1,240.0,240.0,fulfilled
3562,1920,1027,1,44.0,44.0,fulfilled
3563,1921,1128,1,207.0,207.0,fulfilled
3564,1921,1050,2,125.0,250.0,substituted
3565,1921,1070,1,303.0,303.0,fulfilled
3566,1922,1131,3,143.0,429.0,fulfilled
3567,1923,1094,2,308.0,616.0,fulfilled
3568,1924,1108,1,398.0,398.0,fulfilled
3569,1925,1069,1,313.0,313.0,substituted
3570,1925,1024,2,236.0,472.0,fulfilled
3571,1925,1141,1,664.0,664.0,fulfilled
3572,1925,1114,1,156.0,156.0,fulfilled
3573,1925,1041,1,309.0,309.0,fulfilled
3574,1926,1018,1,177.0,177.0,fulfilled
3575,1927,1060,2,211.0,422.0,fulfilled
3576,1928,1074,1,153.0,153.0,fulfilled
3577,1929,1027,2,44.0,88.0,rejected_substitution
3578,1929,1133,1,586.0,586.0,fulfilled
3579,1930,1037,3,116.0,348.0,fulfilled
3580,1930,1007,1,108.0,108.0,fulfilled
3581,1931,1146,1,911.0,911.0,fulfilled
3582,1931,1005,2,155.0,310.0,fulfilled
3583,1932,1055,3,91.0,273.0,fulfilled
3584,1932,1015,1,115.0,115.0,fulfilled
3585,1932,1135,1,1063.0,1063.0,fulfilled
3586,1933,1018,2,177.0,354.0,fulfilled
3587,1933,1045,1,114.0,114.0,fulfilled
3588,1934,1061,1,310.0,310.0,substituted
3589,1935,1015,1,115.0,115.0,fulfilled
3590,1936,1053,2,37.0,74.0,fulfilled
3591,1936,1015,2,115.0,230.0,out_of_stock_removed
3592,1936,1118,1,93.0,93.0,fulfilled
3593,1937,1059,1,444.0,444.0,fulfilled
3594,1937,1132,3,296.0,888.0,substituted
3595,1937,1096,2,251.0,502.0,fulfilled
3596,1938,1005,1,155.0,155.0,fulfilled
3597,1939,1075,1,161.0,161.0,substituted
3598,1939,1028,1,311.0,311.0,fulfilled
3599,1940,1089,1,154.0,154.0,fulfilled
3600,1940,1044,2,30.0,60.0,fulfilled
3601,1940,1077,1,54.0,54.0,fulfilled
3602,1941,1010,1,254.0,254.0,fulfilled
3603,1941,1050,3,125.0,375.0,fulfilled
3604,1942,1013,1,97.0,97.0,fulfilled
3605,1943,1013,1,97.0,97.0,fulfilled
3606,1943,1071,3,423.0,1269.0,fulfilled
3607,1943,1146,1,911.0,911.0,fulfilled
3608,1944,1125,1,667.0,667.0,fulfilled
3609,1944,1019,1,224.0,224.0,fulfilled
3610,1944,1007,1,108.0,108.0,fulfilled
3611,1945,1131,3,143.0,429.0,substituted
3612,1945,1109,1,413.0,413.0,fulfilled
3613,1946,1143,1,259.0,259.0,fulfilled
3614,1946,1048,1,136.0,136.0,fulfilled
3615,1946,1072,1,76.0,76.0,rejected_substitution
3616,1947,1037,1,116.0,116.0,fulfilled
3617,1947,1026,1,210.0,210.0,fulfilled
3618,1948,1115,1,460.0,460.0,fulfilled
3619,1948,1003,2,127.0,254.0,fulfilled
3620,1948,1021,1,232.0,232.0,fulfilled
3621,1949,1079,1,90.0,90.0,fulfilled
3622,1950,1055,1,91.0,91.0,substituted
3623,1951,1015,1,115.0,115.0,fulfilled
3624,1951,1070,1,303.0,303.0,fulfilled
3625,1951,1132,1,296.0,296.0,fulfilled
3626,1952,1136,1,393.0,393.0,fulfilled
3627,1952,1056,1,180.0,180.0,out_of_stock_removed
3628,1953,1015,1,115.0,115.0,out_of_stock_removed
3629,1954,1026,2,210.0,420.0,out_of_stock_removed
3630,1954,1007,1,108.0,108.0,fulfilled
3631,1954,1132,1,296.0,296.0,fulfilled
3632,1955,1070,1,303.0,303.0,fulfilled
3633,1956,1107,2,665.0,1330.0,fulfilled
3634,1956,1006,1,31.0,31.0,fulfilled
3635,1956,1125,2,667.0,1334.0,fulfilled
3636,1956,1117,3,61.0,183.0,fulfilled
3637,1957,1015,1,115.0,115.0,fulfilled
3638,1958,1087,1,341.0,341.0,fulfilled
3639,1959,1005,2,155.0,310.0,fulfilled
3640,1960,1080,3,187.0,561.0,fulfilled
3641,1960,1047,1,102.0,102.0,fulfilled
3642,1961,1050,2,125.0,250.0,fulfilled
3643,1961,1013,1,97.0,97.0,substituted
3644,1962,1103,1,220.0,220.0,fulfilled
3645,1962,1002,1,186.0,186.0,fulfilled
3646,1962,1112,1,610.0,610.0,fulfilled
3647,1962,1098,1,599.0,599.0,fulfilled
3648,1963,1057,3,156.0,468.0,rejected_substitution
3649,1963,1008,2,51.0,102.0,fulfilled
3650,1964,1140,1,240.0,240.0,fulfilled
3651,1965,1132,1,296.0,296.0,fulfilled
3652,1965,1103,2,220.0,440.0,fulfilled
3653,1965,1071,2,423.0,846.0,fulfilled
3654,1966,1096,1,251.0,251.0,fulfilled
3655,1966,1027,2,44.0,88.0,substituted
3656,1966,1113,2,185.0,370.0,fulfilled
3657,1966,1027,1,44.0,44.0,fulfilled
3658,1967,1143,1,259.0,259.0,fulfilled
3659,1967,1003,1,127.0,127.0,fulfilled
3660,1968,1141,3,664.0,1992.0,fulfilled
3661,1969,1141,1,664.0,664.0,fulfilled
3662,1970,1137,1,532.0,532.0,fulfilled
3663,1971,1108,1,398.0,398.0,fulfilled
3664,1971,1117,1,61.0,61.0,fulfilled
3665,1971,1107,1,665.0,665.0,fulfilled
3666,1972,1023,2,87.0,174.0,fulfilled
3667,1972,1031,1,159.0,159.0,fulfilled
3668,1972,1054,1,49.0,49.0,substituted
3669,1973,1070,2,303.0,606.0,fulfilled
3670,1974,1036,2,58.0,116.0,fulfilled
3671,1975,1070,3,303.0,909.0,fulfilled
3672,1975,1080,1,187.0,187.0,fulfilled
3673,1975,1005,1,155.0,155.0,fulfilled
3674,1976,1015,2,115.0,230.0,fulfilled
3675,1976,1069,1,313.0,313.0,fulfilled
3676,1977,1015,1,115.0,115.0,fulfilled
3677,1977,1069,1,313.0,313.0,fulfilled
3678,1978,1007,1,108.0,108.0,fulfilled
3679,1978,1038,1,50.0,50.0,fulfilled
3680,1978,1071,1,423.0,423.0,fulfilled
3681,1979,1027,1,44.0,44.0,fulfilled
3682,1979,1024,1,236.0,236.0,fulfilled
3683,1979,1128,1,207.0,207.0,fulfilled
3684,1979,1140,1,240.0,240.0,fulfilled
3685,1979,1065,1,388.0,388.0,fulfilled
3686,1980,1082,1,130.0,130.0,substituted
3687,1980,1031,2,159.0,318.0,fulfilled
3688,1981,1091,1,311.0,311.0,fulfilled
3689,1981,1080,1,187.0,187.0,fulfilled
3690,1981,1018,1,177.0,177.0,fulfilled
3691,1982,1041,1,309.0,309.0,fulfilled
3692,1982,1056,2,180.0,360.0,out_of_stock_removed
3693,1982,1145,1,1144.0,1144.0,fulfilled
3694,1983,1011,2,221.0,442.0,fulfilled
3695,1984,1038,1,50.0,50.0,fulfilled
3696,1985,1132,1,296.0,296.0,fulfilled
3697,1986,1091,2,311.0,622.0,fulfilled
3698,1986,1131,2,143.0,286.0,fulfilled
3699,1987,1121,1,549.0,549.0,fulfilled
3700,1987,1112,1,610.0,610.0,fulfilled
3701,1988,1070,1,303.0,303.0,fulfilled
3702,1988,1076,2,312.0,624.0,fulfilled
3703,1989,1063,1,165.0,165.0,fulfilled
3704,1989,1070,1,303.0,303.0,fulfilled
3705,1990,1080,1,187.0,187.0,fulfilled
3706,1990,1126,1,376.0,376.0,fulfilled
3707,1991,1031,2,159.0,318.0,fulfilled
3708,1991,1119,2,172.0,344.0,rejected_substitution
3709,1991,1015,1,115.0,115.0,fulfilled
3710,1991,1141,2,664.0,1328.0,fulfilled
3711,1992,1132,1,296.0,296.0,fulfilled
3712,1992,1016,1,179.0,179.0,fulfilled
3713,1992,1105,1,623.0,623.0,fulfilled
3714,1992,1113,3,185.0,555.0,fulfilled
3715,1992,1015,1,115.0,115.0,fulfilled
3716,1993,1095,1,746.0,746.0,fulfilled
3717,1994,1097,1,336.0,336.0,fulfilled
3718,1994,1005,1,155.0,155.0,out_of_stock_removed
3719,1994,1024,2,236.0,472.0,fulfilled
3720,1995,1039,2,182.0,364.0,fulfilled
3721,1995,1080,1,187.0,187.0,fulfilled
3722,1996,1057,1,156.0,156.0,fulfilled
3723,1996,1107,1,665.0,665.0,rejected_substitution
3724,1996,1095,1,746.0,746.0,fulfilled
3725,1997,1025,2,175.0,350.0,fulfilled
3726,1998,1019,2,224.0,448.0,fulfilled
3727,1999,1015,1,115.0,115.0,fulfilled
3728,2000,1001,1,36.0,36.0,out_of_stock_removed
3729,2001,1128,2,207.0,414.0,fulfilled
3730,2001,1141,1,664.0,664.0,fulfilled
3731,2002,1047,1,102.0,102.0,rejected_substitution
3732,2002,1053,1,37.0,37.0,fulfilled
3733,2002,1038,2,50.0,100.0,rejected_substitution
3734,2002,1137,1,532.0,532.0,rejected_substitution
3735,2002,1041,3,309.0,927.0,fulfilled
3736,2003,1062,1,59.0,59.0,out_of_stock_removed
3737,2003,1125,1,667.0,667.0,fulfilled
3738,2003,1110,1,577.0,577.0,fulfilled
3739,2003,1015,2,115.0,230.0,fulfilled
3740,2004,1030,1,214.0,214.0,fulfilled
3741,2004,1141,2,664.0,1328.0,fulfilled
3742,2004,1015,3,115.0,345.0,fulfilled
3743,2005,1024,1,236.0,236.0,fulfilled
3744,2006,1143,1,259.0,259.0,fulfilled
3745,2006,1082,1,130.0,130.0,fulfilled
3746,2007,1053,1,37.0,37.0,fulfilled
3747,2008,1084,1,45.0,45.0,fulfilled
3748,2008,1079,1,90.0,90.0,fulfilled
3749,2008,1114,1,156.0,156.0,fulfilled
3750,2009,1070,2,303.0,606.0,fulfilled
3751,2009,1008,2,51.0,102.0,fulfilled
3752,2010,1038,1,50.0,50.0,fulfilled
3753,2010,1136,1,393.0,393.0,fulfilled
3754,2011,1004,3,36.0,108.0,rejected_substitution
3755,2011,1007,1,108.0,108.0,substituted
3756,2011,1145,1,1144.0,1144.0,fulfilled
3757,2012,1143,1,259.0,259.0,fulfilled
3758,2013,1136,1,393.0,393.0,fulfilled
3759,2013,1070,3,303.0,909.0,fulfilled
3760,2014,1112,1,610.0,610.0,fulfilled
3761,2015,1075,1,161.0,161.0,fulfilled
3762,2015,1061,2,310.0,620.0,fulfilled
3763,2016,1110,2,577.0,1154.0,fulfilled
3764,2016,1132,1,296.0,296.0,fulfilled
3765,2017,1131,1,143.0,143.0,fulfilled
3766,2018,1043,3,80.0,240.0,rejected_substitution
3767,2019,1024,2,236.0,472.0,fulfilled
3768,2019,1128,1,207.0,207.0,fulfilled
3769,2020,1024,1,236.0,236.0,substituted
3770,2021,1070,3,303.0,909.0,fulfilled
3771,2022,1136,1,393.0,393.0,substituted
3772,2023,1083,2,265.0,530.0,fulfilled
3773,2023,1140,1,240.0,240.0,fulfilled
3774,2023,1132,3,296.0,888.0,fulfilled
3775,2024,1143,1,259.0,259.0,rejected_substitution
3776,2024,1015,1,115.0,115.0,fulfilled
3777,2025,1042,1,235.0,235.0,fulfilled
3778,2025,1002,2,186.0,372.0,out_of_stock_removed
3779,2026,1007,1,108.0,108.0,fulfilled
3780,2026,1050,1,125.0,125.0,fulfilled
3781,2027,1113,1,185.0,185.0,fulfilled
3782,2028,1116,2,486.0,972.0,fulfilled
3783,2029,1128,2,207.0,414.0,fulfilled
3784,2029,1108,1,398.0,398.0,fulfilled
3785,2029,1017,1,198.0,198.0,fulfilled
3786,2029,1097,1,336.0,336.0,fulfilled
3787,2030,1080,1,187.0,187.0,fulfilled
3788,2030,1063,1,165.0,165.0,fulfilled
3789,2031,1025,1,175.0,175.0,fulfilled
3790,2031,1058,1,84.0,84.0,rejected_substitution
3791,2031,1115,1,460.0,460.0,fulfilled
3792,2032,1132,3,296.0,888.0,rejected_substitution
3793,2032,1023,1,87.0,87.0,fulfilled
3794,2033,1118,1,93.0,93.0,fulfilled
3795,2033,1067,3,275.0,825.0,fulfilled
3796,2034,1071,2,423.0,846.0,fulfilled
3797,2034,1132,2,296.0,592.0,fulfilled
3798,2034,1114,1,156.0,156.0,fulfilled
3799,2035,1046,1,31.0,31.0,fulfilled
3800,2036,1102,1,887.0,887.0,fulfilled
3801,2036,1143,2,259.0,518.0,fulfilled
3802,2037,1051,1,158.0,158.0,fulfilled
3803,2038,1128,1,207.0,207.0,fulfilled
3804,2039,1005,1,155.0,155.0,out_of_stock_removed
3805,2039,1128,1,207.0,207.0,fulfilled
3806,2040,1044,1,30.0,30.0,fulfilled
3807,2040,1060,2,211.0,422.0,fulfilled
3808,2040,1017,1,198.0,198.0,fulfilled
3809,2040,1050,1,125.0,125.0,fulfilled
3810,2041,1034,1,70.0,70.0,fulfilled
3811,2041,1014,1,94.0,94.0,fulfilled
3812,2041,1113,1,185.0,185.0,fulfilled
3813,2041,1050,1,125.0,125.0,fulfilled
3814,2042,1015,2,115.0,230.0,fulfilled
3815,2043,1039,1,182.0,182.0,fulfilled
3816,2044,1009,1,169.0,169.0,fulfilled
3817,2044,1008,1,51.0,51.0,fulfilled
3818,2045,1123,3,208.0,624.0,fulfilled
3819,2045,1037,1,116.0,116.0,fulfilled
3820,2045,1131,1,143.0,143.0,fulfilled
3821,2046,1038,1,50.0,50.0,fulfilled
3822,2047,1074,1,153.0,153.0,fulfilled
3823,2047,1145,1,1144.0,1144.0,fulfilled
3824,2048,1061,1,310.0,310.0,fulfilled
3825,2048,1125,2,667.0,1334.0,fulfilled
3826,2048,1141,1,664.0,664.0,fulfilled
3827,2049,1143,1,259.0,259.0,fulfilled
3828,2050,1092,3,327.0,981.0,fulfilled
3829,2050,1117,2,61.0,122.0,fulfilled
3830,2050,1072,1,76.0,76.0,fulfilled
3831,2051,1003,3,127.0,381.0,fulfilled
3832,2052,1065,1,388.0,388.0,fulfilled
3833,2053,1003,1,127.0,127.0,fulfilled
3834,2053,1143,1,259.0,259.0,fulfilled
3835,2053,1093,1,288.0,288.0,fulfilled
3836,2054,1001,2,36.0,72.0,fulfilled
3837,2054,1082,1,130.0,130.0,fulfilled
3838,2055,1020,2,103.0,206.0,fulfilled
3839,2056,1061,1,310.0,310.0,fulfilled
3840,2056,1142,1,147.0,147.0,fulfilled
3841,2057,1100,1,548.0,548.0,fulfilled
3842,2057,1042,1,235.0,235.0,fulfilled
3843,2057,1143,2,259.0,518.0,fulfilled
3844,2057,1028,2,311.0,622.0,fulfilled
3845,2058,1117,2,61.0,122.0,fulfilled
3846,2059,1140,1,240.0,240.0,fulfilled
3847,2060,1108,2,398.0,796.0,fulfilled
3848,2060,1141,1,664.0,664.0,fulfilled
3849,2060,1035,2,297.0,594.0,fulfilled
3850,2061,1091,1,311.0,311.0,fulfilled
3851,2062,1038,1,50.0,50.0,fulfilled
3852,2062,1117,1,61.0,61.0,fulfilled
3853,2062,1118,1,93.0,93.0,fulfilled
3854,2063,1136,1,393.0,393.0,fulfilled
3855,2063,1122,1,672.0,672.0,fulfilled
3856,2064,1061,2,310.0,620.0,fulfilled
3857,2065,1131,2,143.0,286.0,fulfilled
3858,2066,1141,1,664.0,664.0,fulfilled
3859,2067,1143,2,259.0,518.0,fulfilled
3860,2068,1095,1,746.0,746.0,fulfilled
3861,2068,1115,1,460.0,460.0,out_of_stock_removed
3862,2068,1108,1,398.0,398.0,fulfilled
3863,2069,1080,1,187.0,187.0,fulfilled
3864,2070,1141,3,664.0,1992.0,fulfilled
3865,2070,1029,1,238.0,238.0,fulfilled
3866,2070,1123,1,208.0,208.0,fulfilled
3867,2070,1053,2,37.0,74.0,substituted
3868,2071,1046,1,31.0,31.0,rejected_substitution
3869,2071,1091,1,311.0,311.0,fulfilled
3870,2072,1032,1,173.0,173.0,fulfilled
3871,2072,1071,1,423.0,423.0,fulfilled
3872,2072,1038,1,50.0,50.0,fulfilled
3873,2072,1144,1,438.0,438.0,fulfilled
3874,2072,1015,1,115.0,115.0,out_of_stock_removed
3875,2073,1141,3,664.0,1992.0,fulfilled
3876,2073,1112,1,610.0,610.0,fulfilled
3877,2073,1059,1,444.0,444.0,fulfilled
3878,2073,1062,2,59.0,118.0,fulfilled
3879,2074,1071,1,423.0,423.0,fulfilled
3880,2074,1052,1,30.0,30.0,fulfilled
3881,2075,1091,1,311.0,311.0,fulfilled
3882,2076,1035,1,297.0,297.0,fulfilled
3883,2077,1069,1,313.0,313.0,fulfilled
3884,2078,1094,1,308.0,308.0,fulfilled
3885,2079,1066,2,203.0,406.0,fulfilled
3886,2080,1096,1,251.0,251.0,fulfilled
3887,2080,1079,1,90.0,90.0,fulfilled
3888,2080,1102,1,887.0,887.0,fulfilled
3889,2081,1104,1,737.0,737.0,fulfilled
3890,2081,1006,2,31.0,62.0,fulfilled
3891,2081,1046,2,31.0,62.0,rejected_substitution
3892,2082,1141,1,664.0,664.0,fulfilled
3893,2083,1055,1,91.0,91.0,fulfilled
3894,2083,1071,1,423.0,423.0,fulfilled
3895,2084,1008,3,51.0,153.0,rejected_substitution
3896,2084,1038,1,50.0,50.0,fulfilled
3897,2085,1082,1,130.0,130.0,fulfilled
3898,2086,1028,1,311.0,311.0,fulfilled
3899,2087,1118,1,93.0,93.0,fulfilled
3900,2088,1132,1,296.0,296.0,fulfilled
3901,2089,1071,1,423.0,423.0,fulfilled
3902,2090,1057,1,156.0,156.0,fulfilled
3903,2090,1132,1,296.0,296.0,fulfilled
3904,2090,1024,1,236.0,236.0,substituted
3905,2090,1144,1,438.0,438.0,fulfilled
3906,2091,1143,1,259.0,259.0,fulfilled
3907,2091,1086,1,62.0,62.0,fulfilled
3908,2092,1024,1,236.0,236.0,rejected_substitution
3909,2093,1064,1,255.0,255.0,fulfilled
3910,2093,1061,1,310.0,310.0,fulfilled
3911,2093,1114,1,156.0,156.0,fulfilled
3912,2094,1111,2,60.0,120.0,fulfilled
3913,2095,1023,1,87.0,87.0,fulfilled
3914,2095,1009,1,169.0,169.0,substituted
3915,2096,1142,1,147.0,147.0,fulfilled
3916,2097,1027,3,44.0,132.0,fulfilled
3917,2097,1070,1,303.0,303.0,fulfilled
3918,2097,1060,1,211.0,211.0,fulfilled
3919,2098,1001,1,36.0,36.0,out_of_stock_removed
3920,2098,1134,1,935.0,935.0,fulfilled
3921,2099,1048,1,136.0,136.0,fulfilled
3922,2099,1012,1,192.0,192.0,fulfilled
3923,2100,1143,1,259.0,259.0,fulfilled
3924,2101,1122,2,672.0,1344.0,fulfilled
3925,2101,1015,2,115.0,230.0,fulfilled
3926,2102,1003,2,127.0,254.0,fulfilled
3927,2102,1048,2,136.0,272.0,out_of_stock_removed
3928,2102,1140,1,240.0,240.0,substituted
3929,2103,1080,1,187.0,187.0,fulfilled
3930,2104,1132,1,296.0,296.0,fulfilled
3931,2104,1015,1,115.0,115.0,out_of_stock_removed
3932,2105,1072,1,76.0,76.0,fulfilled
3933,2106,1007,1,108.0,108.0,fulfilled
3934,2106,1143,1,259.0,259.0,fulfilled
3935,2107,1105,3,623.0,1869.0,fulfilled
3936,2107,1070,1,303.0,303.0,fulfilled
3937,2107,1094,2,308.0,616.0,fulfilled
3938,2108,1091,1,311.0,311.0,fulfilled
3939,2109,1015,1,115.0,115.0,out_of_stock_removed
3940,2110,1090,1,305.0,305.0,fulfilled
3941,2110,1005,2,155.0,310.0,fulfilled
3942,2111,1111,2,60.0,120.0,fulfilled
3943,2111,1143,3,259.0,777.0,fulfilled
3944,2112,1079,2,90.0,180.0,fulfilled
3945,2112,1063,3,165.0,495.0,out_of_stock_removed
3946,2113,1112,2,610.0,1220.0,fulfilled
3947,2113,1123,1,208.0,208.0,fulfilled
3948,2114,1014,3,94.0,282.0,fulfilled
3949,2115,1104,1,737.0,737.0,fulfilled
3950,2115,1015,1,115.0,115.0,out_of_stock_removed
3951,2116,1106,2,337.0,674.0,fulfilled
3952,2116,1071,1,423.0,423.0,fulfilled
3953,2117,1133,1,586.0,586.0,fulfilled
3954,2117,1102,1,887.0,887.0,fulfilled
3955,2118,1015,2,115.0,230.0,out_of_stock_removed
3956,2119,1128,1,207.0,207.0,fulfilled
3957,2120,1001,1,36.0,36.0,fulfilled
3958,2120,1084,1,45.0,45.0,fulfilled
3959,2120,1015,2,115.0,230.0,fulfilled
3960,2121,1088,1,240.0,240.0,fulfilled
3961,2121,1136,1,393.0,393.0,fulfilled
3962,2122,1073,2,90.0,180.0,fulfilled
3963,2122,1088,1,240.0,240.0,fulfilled
3964,2123,1095,1,746.0,746.0,fulfilled
3965,2124,1036,1,58.0,58.0,fulfilled
3966,2124,1022,1,240.0,240.0,fulfilled
3967,2124,1140,1,240.0,240.0,fulfilled
3968,2125,1132,1,296.0,296.0,fulfilled
3969,2125,1007,2,108.0,216.0,fulfilled
3970,2126,1091,1,311.0,311.0,fulfilled
3971,2127,1095,1,746.0,746.0,fulfilled
3972,2127,1093,1,288.0,288.0,fulfilled
3973,2127,1046,1,31.0,31.0,fulfilled
3974,2128,1141,1,664.0,664.0,fulfilled
3975,2128,1084,1,45.0,45.0,fulfilled
3976,2129,1080,2,187.0,374.0,fulfilled
3977,2129,1013,1,97.0,97.0,fulfilled
3978,2130,1101,1,561.0,561.0,fulfilled
3979,2131,1144,2,438.0,876.0,fulfilled
3980,2131,1004,1,36.0,36.0,fulfilled
3981,2131,1013,1,97.0,97.0,fulfilled
3982,2132,1125,1,667.0,667.0,fulfilled
3983,2133,1063,1,165.0,165.0,fulfilled
3984,2133,1133,1,586.0,586.0,fulfilled
3985,2134,1070,1,303.0,303.0,fulfilled
3986,2134,1140,1,240.0,240.0,fulfilled
3987,2135,1064,1,255.0,255.0,fulfilled
3988,2135,1082,1,130.0,130.0,substituted
3989,2135,1045,1,114.0,114.0,fulfilled
3990,2136,1054,1,49.0,49.0,fulfilled
3991,2136,1084,1,45.0,45.0,fulfilled
3992,2136,1053,1,37.0,37.0,fulfilled
3993,2136,1050,1,125.0,125.0,fulfilled
3994,2137,1028,2,311.0,622.0,fulfilled
3995,2137,1088,1,240.0,240.0,fulfilled
3996,2138,1115,1,460.0,460.0,fulfilled
3997,2139,1015,1,115.0,115.0,fulfilled
3998,2139,1142,1,147.0,147.0,fulfilled
3999,2139,1114,1,156.0,156.0,fulfilled
4000,2140,1073,1,90.0,90.0,fulfilled
4001,2140,1143,2,259.0,518.0,fulfilled
4002,2140,1015,2,115.0,230.0,out_of_stock_removed
4003,2141,1066,1,203.0,203.0,fulfilled
4004,2142,1131,2,143.0,286.0,fulfilled
4005,2142,1132,2,296.0,592.0,fulfilled
4006,2143,1143,3,259.0,777.0,fulfilled
4007,2143,1141,1,664.0,664.0,fulfilled
4008,2143,1016,1,179.0,179.0,rejected_substitution
4009,2144,1064,1,255.0,255.0,fulfilled
4010,2145,1081,1,37.0,37.0,substituted
4011,2146,1005,1,155.0,155.0,fulfilled
4012,2147,1077,1,54.0,54.0,fulfilled
4013,2147,1094,2,308.0,616.0,fulfilled
4014,2147,1047,1,102.0,102.0,fulfilled
4015,2147,1050,1,125.0,125.0,substituted
4016,2148,1104,1,737.0,737.0,fulfilled
4017,2148,1041,1,309.0,309.0,fulfilled
4018,2148,1081,1,37.0,37.0,fulfilled
4019,2149,1003,3,127.0,381.0,rejected_substitution
4020,2150,1024,2,236.0,472.0,fulfilled
4021,2151,1011,1,221.0,221.0,fulfilled
4022,2151,1080,1,187.0,187.0,fulfilled
4023,2152,1056,1,180.0,180.0,fulfilled
4024,2152,1132,1,296.0,296.0,fulfilled
4025,2153,1041,1,309.0,309.0,fulfilled
4026,2153,1141,1,664.0,664.0,fulfilled
4027,2154,1117,1,61.0,61.0,out_of_stock_removed
4028,2154,1132,1,296.0,296.0,fulfilled
4029,2154,1010,2,254.0,508.0,fulfilled
4030,2155,1015,1,115.0,115.0,fulfilled
4031,2156,1022,2,240.0,480.0,fulfilled
4032,2157,1069,1,313.0,313.0,fulfilled
4033,2158,1072,1,76.0,76.0,fulfilled
4034,2158,1112,1,610.0,610.0,fulfilled
4035,2159,1027,2,44.0,88.0,fulfilled
4036,2160,1138,1,304.0,304.0,substituted
4037,2160,1112,1,610.0,610.0,fulfilled
4038,2160,1071,1,423.0,423.0,fulfilled
4039,2160,1118,1,93.0,93.0,fulfilled
4040,2161,1001,1,36.0,36.0,fulfilled
4041,2162,1038,1,50.0,50.0,rejected_substitution
4042,2163,1007,3,108.0,324.0,fulfilled
4043,2163,1102,1,887.0,887.0,fulfilled
4044,2163,1128,3,207.0,621.0,fulfilled
4045,2164,1128,1,207.0,207.0,fulfilled
4046,2164,1077,1,54.0,54.0,fulfilled
4047,2165,1114,3,156.0,468.0,fulfilled
4048,2165,1053,2,37.0,74.0,fulfilled
4049,2166,1136,1,393.0,393.0,rejected_substitution
4050,2167,1145,2,1144.0,2288.0,fulfilled
4051,2167,1012,1,192.0,192.0,fulfilled
4052,2168,1076,3,312.0,936.0,fulfilled
4053,2168,1002,2,186.0,372.0,fulfilled
4054,2169,1054,1,49.0,49.0,fulfilled
4055,2169,1125,2,667.0,1334.0,fulfilled
4056,2170,1133,1,586.0,586.0,fulfilled
4057,2170,1059,1,444.0,444.0,fulfilled
4058,2171,1015,1,115.0,115.0,fulfilled
4059,2172,1005,2,155.0,310.0,out_of_stock_removed
4060,2172,1002,1,186.0,186.0,out_of_stock_removed
4061,2172,1024,1,236.0,236.0,rejected_substitution
4062,2173,1044,2,30.0,60.0,rejected_substitution
4063,2173,1075,1,161.0,161.0,fulfilled
4064,2174,1004,1,36.0,36.0,fulfilled
4065,2175,1070,1,303.0,303.0,fulfilled
4066,2175,1070,1,303.0,303.0,fulfilled
4067,2176,1012,3,192.0,576.0,substituted
4068,2176,1030,1,214.0,214.0,fulfilled
4069,2176,1046,1,31.0,31.0,fulfilled
4070,2176,1132,2,296.0,592.0,fulfilled
4071,2176,1025,1,175.0,175.0,fulfilled
4072,2176,1116,3,486.0,1458.0,fulfilled
4073,2177,1091,1,311.0,311.0,fulfilled
4074,2177,1079,2,90.0,180.0,fulfilled
4075,2177,1113,1,185.0,185.0,fulfilled
4076,2178,1116,2,486.0,972.0,fulfilled
4077,2179,1045,1,114.0,114.0,fulfilled
4078,2179,1144,1,438.0,438.0,fulfilled
4079,2180,1067,3,275.0,825.0,fulfilled
4080,2180,1050,2,125.0,250.0,fulfilled
4081,2181,1131,2,143.0,286.0,fulfilled
4082,2182,1071,1,423.0,423.0,fulfilled
4083,2183,1029,2,238.0,476.0,substituted
4084,2184,1067,2,275.0,550.0,fulfilled
4085,2184,1125,2,667.0,1334.0,fulfilled
4086,2185,1118,1,93.0,93.0,fulfilled
4087,2185,1069,1,313.0,313.0,fulfilled
4088,2185,1136,1,393.0,393.0,fulfilled
4089,2185,1024,1,236.0,236.0,fulfilled
4090,2186,1127,1,633.0,633.0,fulfilled
4091,2186,1064,1,255.0,255.0,fulfilled
4092,2186,1129,1,649.0,649.0,fulfilled
4093,2186,1075,3,161.0,483.0,fulfilled
4094,2187,1005,2,155.0,310.0,fulfilled
4095,2188,1070,1,303.0,303.0,fulfilled
4096,2189,1070,1,303.0,303.0,fulfilled
4097,2189,1131,2,143.0,286.0,fulfilled
4098,2189,1142,1,147.0,147.0,fulfilled
4099,2190,1115,2,460.0,920.0,fulfilled
4100,2190,1102,1,887.0,887.0,fulfilled
4101,2190,1128,2,207.0,414.0,fulfilled
4102,2191,1115,1,460.0,460.0,fulfilled
4103,2192,1132,1,296.0,296.0,fulfilled
4104,2192,1001,1,36.0,36.0,fulfilled
4105,2192,1098,2,599.0,1198.0,fulfilled
4106,2193,1078,1,265.0,265.0,fulfilled
4107,2193,1015,1,115.0,115.0,fulfilled
4108,2193,1126,1,376.0,376.0,fulfilled
4109,2193,1091,1,311.0,311.0,fulfilled
4110,2193,1119,1,172.0,172.0,fulfilled
4111,2194,1067,1,275.0,275.0,fulfilled
4112,2195,1141,1,664.0,664.0,fulfilled
4113,2196,1143,1,259.0,259.0,fulfilled
4114,2197,1125,1,667.0,667.0,fulfilled
4115,2198,1092,3,327.0,981.0,fulfilled
4116,2199,1145,1,1144.0,1144.0,fulfilled
4117,2199,1125,2,667.0,1334.0,fulfilled
4118,2200,1141,1,664.0,664.0,fulfilled
4119,2200,1062,1,59.0,59.0,fulfilled
4120,2201,1126,1,376.0,376.0,fulfilled
4121,2202,1085,1,200.0,200.0,fulfilled
4122,2203,1080,1,187.0,187.0,fulfilled
4123,2204,1047,2,102.0,204.0,fulfilled
4124,2204,1127,1,633.0,633.0,fulfilled
4125,2205,1015,2,115.0,230.0,out_of_stock_removed
4126,2206,1146,1,911.0,911.0,fulfilled
4127,2206,1140,1,240.0,240.0,fulfilled
4128,2206,1072,2,76.0,152.0,fulfilled
4129,2207,1007,2,108.0,216.0,fulfilled
4130,2208,1015,1,115.0,115.0,fulfilled
4131,2208,1070,2,303.0,606.0,fulfilled
4132,2209,1115,1,460.0,460.0,fulfilled
4133,2210,1054,1,49.0,49.0,fulfilled
4134,2210,1132,2,296.0,592.0,fulfilled
4135,2211,1012,1,192.0,192.0,substituted
4136,2212,1024,1,236.0,236.0,substituted
4137,2213,1082,1,130.0,130.0,fulfilled
4138,2214,1027,1,44.0,44.0,fulfilled
4139,2215,1015,1,115.0,115.0,fulfilled
4140,2216,1065,1,388.0,388.0,fulfilled
4141,2217,1024,1,236.0,236.0,fulfilled
4142,2217,1089,1,154.0,154.0,fulfilled
4143,2217,1131,1,143.0,143.0,fulfilled
4144,2217,1036,1,58.0,58.0,substituted
4145,2218,1010,1,254.0,254.0,rejected_substitution
4146,2218,1024,1,236.0,236.0,substituted
4147,2218,1092,1,327.0,327.0,fulfilled
4148,2219,1046,1,31.0,31.0,substituted
4149,2220,1069,1,313.0,313.0,fulfilled
4150,2220,1018,2,177.0,354.0,fulfilled
4151,2220,1082,1,130.0,130.0,fulfilled
4152,2220,1038,1,50.0,50.0,fulfilled
4153,2221,1068,1,270.0,270.0,fulfilled
4154,2221,1086,2,62.0,124.0,fulfilled
4155,2222,1097,2,336.0,672.0,fulfilled
4156,2222,1006,1,31.0,31.0,out_of_stock_removed
4157,2223,1092,2,327.0,654.0,fulfilled
4158,2224,1143,3,259.0,777.0,fulfilled
4159,2225,1056,1,180.0,180.0,fulfilled
4160,2225,1096,1,251.0,251.0,fulfilled
4161,2226,1069,2,313.0,626.0,fulfilled
4162,2226,1048,1,136.0,136.0,fulfilled
4163,2227,1126,1,376.0,376.0,fulfilled
4164,2228,1110,2,577.0,1154.0,fulfilled
4165,2229,1056,1,180.0,180.0,out_of_stock_removed
4166,2229,1015,1,115.0,115.0,out_of_stock_removed
4167,2230,1143,2,259.0,518.0,fulfilled
4168,2231,1079,1,90.0,90.0,fulfilled
4169,2231,1132,1,296.0,296.0,fulfilled
4170,2231,1095,1,746.0,746.0,out_of_stock_removed
4171,2232,1141,1,664.0,664.0,fulfilled
4172,2232,1051,1,158.0,158.0,fulfilled
4173,2232,1003,1,127.0,127.0,fulfilled
4174,2232,1070,1,303.0,303.0,fulfilled
4175,2233,1002,1,186.0,186.0,fulfilled
4176,2234,1009,1,169.0,169.0,rejected_substitution
4177,2234,1066,1,203.0,203.0,fulfilled
4178,2234,1070,2,303.0,606.0,fulfilled
4179,2235,1003,1,127.0,127.0,fulfilled
4180,2235,1067,1,275.0,275.0,fulfilled
4181,2235,1146,1,911.0,911.0,substituted
4182,2235,1031,2,159.0,318.0,fulfilled
4183,2236,1037,2,116.0,232.0,out_of_stock_removed
4184,2236,1005,2,155.0,310.0,fulfilled
4185,2237,1137,1,532.0,532.0,fulfilled
4186,2238,1019,1,224.0,224.0,substituted
4187,2239,1117,3,61.0,183.0,fulfilled
4188,2240,1131,3,143.0,429.0,fulfilled
4189,2241,1141,2,664.0,1328.0,fulfilled
4190,2242,1108,1,398.0,398.0,fulfilled
4191,2243,1073,2,90.0,180.0,fulfilled
4192,2243,1143,1,259.0,259.0,fulfilled
4193,2243,1088,2,240.0,480.0,fulfilled
4194,2243,1080,1,187.0,187.0,fulfilled
4195,2244,1117,1,61.0,61.0,fulfilled
4196,2245,1081,1,37.0,37.0,fulfilled
4197,2246,1031,1,159.0,159.0,fulfilled
4198,2247,1128,1,207.0,207.0,fulfilled
4199,2247,1029,1,238.0,238.0,substituted
4200,2248,1136,2,393.0,786.0,fulfilled
4201,2248,1088,1,240.0,240.0,fulfilled
4202,2248,1028,2,311.0,622.0,fulfilled
4203,2248,1141,1,664.0,664.0,fulfilled
4204,2249,1040,1,74.0,74.0,fulfilled
4205,2250,1050,3,125.0,375.0,fulfilled
4206,2251,1030,1,214.0,214.0,substituted
4207,2251,1070,1,303.0,303.0,fulfilled
4208,2252,1136,2,393.0,786.0,fulfilled
4209,2253,1113,1,185.0,185.0,fulfilled
4210,2253,1004,1,36.0,36.0,rejected_substitution
4211,2254,1056,1,180.0,180.0,fulfilled
4212,2254,1028,2,311.0,622.0,fulfilled
4213,2255,1082,1,130.0,130.0,fulfilled
4214,2256,1049,2,59.0,118.0,fulfilled
4215,2257,1072,1,76.0,76.0,fulfilled
4216,2258,1131,1,143.0,143.0,fulfilled
4217,2259,1114,2,156.0,312.0,fulfilled
4218,2259,1027,1,44.0,44.0,fulfilled
4219,2260,1027,1,44.0,44.0,fulfilled
4220,2260,1003,2,127.0,254.0,fulfilled
4221,2261,1071,2,423.0,846.0,fulfilled
4222,2261,1074,1,153.0,153.0,substituted
4223,2262,1143,1,259.0,259.0,fulfilled
4224,2262,1132,1,296.0,296.0,fulfilled
4225,2262,1025,1,175.0,175.0,substituted
4226,2263,1040,1,74.0,74.0,fulfilled
4227,2263,1142,1,147.0,147.0,fulfilled
4228,2264,1015,3,115.0,345.0,fulfilled
4229,2264,1063,1,165.0,165.0,fulfilled
4230,2265,1069,1,313.0,313.0,fulfilled
4231,2266,1089,1,154.0,154.0,fulfilled
4232,2267,1064,3,255.0,765.0,fulfilled
4233,2267,1114,1,156.0,156.0,fulfilled
4234,2267,1019,1,224.0,224.0,fulfilled
4235,2267,1050,3,125.0,375.0,fulfilled
4236,2267,1080,1,187.0,187.0,fulfilled
4237,2268,1115,2,460.0,920.0,fulfilled
4238,2268,1102,1,887.0,887.0,fulfilled
4239,2269,1060,1,211.0,211.0,fulfilled
4240,2270,1086,1,62.0,62.0,fulfilled
4241,2271,1024,1,236.0,236.0,fulfilled
4242,2271,1070,2,303.0,606.0,fulfilled
4243,2271,1011,1,221.0,221.0,fulfilled
4244,2272,1143,1,259.0,259.0,fulfilled
4245,2272,1059,1,444.0,444.0,fulfilled
4246,2273,1066,1,203.0,203.0,fulfilled
4247,2274,1087,2,341.0,682.0,fulfilled
4248,2274,1031,1,159.0,159.0,fulfilled
4249,2274,1140,1,240.0,240.0,fulfilled
4250,2274,1128,1,207.0,207.0,fulfilled
4251,2275,1141,1,664.0,664.0,fulfilled
4252,2275,1048,1,136.0,136.0,fulfilled
4253,2276,1085,2,200.0,400.0,fulfilled
4254,2277,1132,1,296.0,296.0,fulfilled
4255,2278,1141,1,664.0,664.0,fulfilled
4256,2278,1046,1,31.0,31.0,fulfilled
4257,2278,1114,1,156.0,156.0,fulfilled
4258,2279,1110,3,577.0,1731.0,fulfilled
4259,2280,1080,2,187.0,374.0,fulfilled
4260,2280,1113,1,185.0,185.0,fulfilled
4261,2281,1140,1,240.0,240.0,fulfilled
4262,2281,1050,2,125.0,250.0,fulfilled
4263,2282,1084,1,45.0,45.0,fulfilled
4264,2283,1061,2,310.0,620.0,fulfilled
4265,2283,1086,1,62.0,62.0,fulfilled
4266,2284,1001,1,36.0,36.0,fulfilled
4267,2284,1065,1,388.0,388.0,fulfilled
4268,2285,1128,2,207.0,414.0,fulfilled
4269,2285,1133,2,586.0,1172.0,fulfilled
4270,2285,1031,2,159.0,318.0,fulfilled
4271,2286,1128,1,207.0,207.0,fulfilled
4272,2286,1072,1,76.0,76.0,fulfilled
4273,2287,1134,1,935.0,935.0,fulfilled
4274,2287,1117,1,61.0,61.0,fulfilled
4275,2288,1024,2,236.0,472.0,fulfilled
4276,2289,1118,1,93.0,93.0,fulfilled
4277,2289,1118,2,93.0,186.0,fulfilled
4278,2289,1019,1,224.0,224.0,substituted
4279,2289,1031,1,159.0,159.0,fulfilled
4280,2290,1023,1,87.0,87.0,fulfilled
4281,2290,1142,1,147.0,147.0,fulfilled
4282,2290,1051,1,158.0,158.0,fulfilled
4283,2290,1111,2,60.0,120.0,rejected_substitution
4284,2291,1143,1,259.0,259.0,fulfilled
4285,2291,1145,1,1144.0,1144.0,rejected_substitution
4286,2291,1098,2,599.0,1198.0,fulfilled
4287,2291,1054,2,49.0,98.0,fulfilled
4288,2292,1101,1,561.0,561.0,fulfilled
4289,2293,1140,2,240.0,480.0,substituted
4290,2293,1098,1,599.0,599.0,fulfilled
4291,2294,1136,2,393.0,786.0,fulfilled
4292,2295,1139,1,83.0,83.0,fulfilled
4293,2296,1051,2,158.0,316.0,fulfilled
4294,2296,1015,1,115.0,115.0,out_of_stock_removed
4295,2296,1082,2,130.0,260.0,fulfilled
4296,2297,1028,1,311.0,311.0,out_of_stock_removed
4297,2298,1070,1,303.0,303.0,fulfilled
4298,2298,1008,1,51.0,51.0,fulfilled
4299,2298,1072,1,76.0,76.0,fulfilled
4300,2299,1098,1,599.0,599.0,fulfilled
4301,2299,1049,2,59.0,118.0,fulfilled
4302,2300,1042,2,235.0,470.0,fulfilled
4303,2301,1067,1,275.0,275.0,fulfilled
4304,2302,1113,1,185.0,185.0,fulfilled
4305,2302,1005,1,155.0,155.0,fulfilled
4306,2302,1132,1,296.0,296.0,fulfilled
4307,2303,1115,1,460.0,460.0,fulfilled
4308,2303,1022,1,240.0,240.0,fulfilled
4309,2303,1104,1,737.0,737.0,substituted
4310,2304,1005,2,155.0,310.0,fulfilled
4311,2305,1111,2,60.0,120.0,fulfilled
4312,2305,1046,2,31.0,62.0,fulfilled
4313,2306,1100,1,548.0,548.0,fulfilled
4314,2306,1056,3,180.0,540.0,fulfilled
4315,2307,1134,2,935.0,1870.0,fulfilled
4316,2308,1140,2,240.0,480.0,fulfilled
4317,2308,1114,1,156.0,156.0,fulfilled
4318,2309,1071,2,423.0,846.0,fulfilled
4319,2309,1111,1,60.0,60.0,fulfilled
4320,2310,1131,2,143.0,286.0,fulfilled
4321,2311,1140,1,240.0,240.0,fulfilled
4322,2312,1072,2,76.0,152.0,fulfilled
4323,2312,1124,1,482.0,482.0,fulfilled
4324,2312,1015,1,115.0,115.0,out_of_stock_removed
4325,2313,1082,1,130.0,130.0,fulfilled
4326,2313,1093,1,288.0,288.0,fulfilled
4327,2314,1074,3,153.0,459.0,fulfilled
4328,2315,1084,1,45.0,45.0,fulfilled
4329,2315,1085,1,200.0,200.0,fulfilled
4330,2316,1021,1,232.0,232.0,substituted
4331,2316,1128,1,207.0,207.0,fulfilled
4332,2317,1128,2,207.0,414.0,fulfilled
4333,2317,1007,2,108.0,216.0,rejected_substitution
4334,2318,1067,1,275.0,275.0,fulfilled
4335,2319,1015,1,115.0,115.0,fulfilled
4336,2319,1113,1,185.0,185.0,fulfilled
4337,2320,1114,1,156.0,156.0,fulfilled
4338,2321,1024,1,236.0,236.0,rejected_substitution
4339,2321,1007,1,108.0,108.0,fulfilled
4340,2321,1015,1,115.0,115.0,fulfilled
4341,2322,1145,1,1144.0,1144.0,fulfilled
4342,2323,1015,2,115.0,230.0,fulfilled
4343,2324,1085,1,200.0,200.0,fulfilled
4344,2324,1057,2,156.0,312.0,substituted
4345,2325,1054,1,49.0,49.0,fulfilled
4346,2326,1064,2,255.0,510.0,fulfilled
4347,2327,1086,2,62.0,124.0,fulfilled
4348,2328,1126,1,376.0,376.0,fulfilled
4349,2329,1047,1,102.0,102.0,fulfilled
4350,2330,1015,2,115.0,230.0,out_of_stock_removed
4351,2330,1019,1,224.0,224.0,fulfilled
4352,2330,1062,2,59.0,118.0,fulfilled
4353,2331,1091,3,311.0,933.0,substituted
4354,2332,1141,3,664.0,1992.0,fulfilled
4355,2333,1103,1,220.0,220.0,fulfilled
4356,2333,1029,1,238.0,238.0,fulfilled
4357,2334,1016,1,179.0,179.0,fulfilled
4358,2335,1070,1,303.0,303.0,fulfilled
4359,2336,1143,2,259.0,518.0,fulfilled
4360,2336,1135,1,1063.0,1063.0,fulfilled
4361,2337,1015,1,115.0,115.0,fulfilled
4362,2338,1010,2,254.0,508.0,fulfilled
4363,2338,1041,2,309.0,618.0,fulfilled
4364,2338,1123,1,208.0,208.0,fulfilled
4365,2339,1132,1,296.0,296.0,fulfilled
4366,2339,1072,1,76.0,76.0,rejected_substitution
4367,2339,1056,2,180.0,360.0,fulfilled
4368,2340,1030,1,214.0,214.0,fulfilled
4369,2340,1125,1,667.0,667.0,fulfilled
4370,2341,1092,2,327.0,654.0,fulfilled
4371,2342,1120,1,475.0,475.0,fulfilled
4372,2342,1091,2,311.0,622.0,fulfilled
4373,2343,1143,1,259.0,259.0,fulfilled
4374,2343,1114,2,156.0,312.0,fulfilled
4375,2344,1102,1,887.0,887.0,fulfilled
4376,2345,1104,1,737.0,737.0,fulfilled
4377,2346,1015,3,115.0,345.0,fulfilled
4378,2346,1054,1,49.0,49.0,fulfilled
4379,2347,1015,1,115.0,115.0,fulfilled
4380,2347,1101,3,561.0,1683.0,fulfilled
4381,2348,1093,1,288.0,288.0,fulfilled
4382,2349,1082,1,130.0,130.0,fulfilled
4383,2349,1130,1,379.0,379.0,fulfilled
4384,2349,1098,2,599.0,1198.0,fulfilled
4385,2349,1015,2,115.0,230.0,fulfilled
4386,2349,1141,1,664.0,664.0,fulfilled
4387,2350,1070,1,303.0,303.0,fulfilled
4388,2351,1003,1,127.0,127.0,substituted
4389,2351,1086,3,62.0,186.0,fulfilled
4390,2352,1115,1,460.0,460.0,fulfilled
4391,2352,1125,2,667.0,1334.0,fulfilled
4392,2353,1080,2,187.0,374.0,fulfilled
4393,2353,1133,1,586.0,586.0,fulfilled
4394,2353,1042,1,235.0,235.0,substituted
4395,2353,1126,1,376.0,376.0,fulfilled
4396,2354,1114,1,156.0,156.0,fulfilled
4397,2354,1114,1,156.0,156.0,fulfilled
4398,2354,1042,1,235.0,235.0,fulfilled
4399,2355,1118,1,93.0,93.0,fulfilled
4400,2356,1144,1,438.0,438.0,fulfilled
4401,2356,1107,1,665.0,665.0,rejected_substitution
4402,2357,1005,2,155.0,310.0,fulfilled
4403,2357,1070,1,303.0,303.0,fulfilled
4404,2358,1036,1,58.0,58.0,fulfilled
4405,2359,1001,2,36.0,72.0,fulfilled
4406,2360,1083,1,265.0,265.0,fulfilled
4407,2361,1140,2,240.0,480.0,fulfilled
4408,2361,1132,3,296.0,888.0,rejected_substitution
4409,2361,1061,1,310.0,310.0,fulfilled
4410,2362,1122,1,672.0,672.0,fulfilled
4411,2362,1068,1,270.0,270.0,fulfilled
4412,2362,1117,1,61.0,61.0,fulfilled
4413,2362,1032,2,173.0,346.0,substituted
4414,2363,1005,1,155.0,155.0,fulfilled
4415,2363,1100,1,548.0,548.0,fulfilled
4416,2363,1126,1,376.0,376.0,fulfilled
4417,2364,1129,2,649.0,1298.0,fulfilled
4418,2365,1117,2,61.0,122.0,fulfilled
4419,2366,1082,2,130.0,260.0,fulfilled
4420,2367,1132,3,296.0,888.0,fulfilled
4421,2367,1131,3,143.0,429.0,fulfilled
4422,2367,1082,3,130.0,390.0,fulfilled
4423,2367,1091,1,311.0,311.0,fulfilled
4424,2367,1131,1,143.0,143.0,rejected_substitution
4425,2367,1019,2,224.0,448.0,fulfilled
4426,2368,1118,2,93.0,186.0,fulfilled
4427,2368,1084,1,45.0,45.0,fulfilled
4428,2368,1015,1,115.0,115.0,out_of_stock_removed
4429,2368,1071,1,423.0,423.0,fulfilled
4430,2369,1097,3,336.0,1008.0,fulfilled
4431,2369,1084,3,45.0,135.0,fulfilled
4432,2370,1140,1,240.0,240.0,fulfilled
4433,2371,1024,1,236.0,236.0,rejected_substitution
4434,2371,1108,1,398.0,398.0,fulfilled
4435,2371,1132,3,296.0,888.0,fulfilled
4436,2371,1093,1,288.0,288.0,fulfilled
4437,2372,1126,2,376.0,752.0,fulfilled
4438,2372,1003,1,127.0,127.0,fulfilled
4439,2373,1141,1,664.0,664.0,fulfilled
4440,2374,1057,3,156.0,468.0,fulfilled
4441,2374,1117,1,61.0,61.0,fulfilled
4442,2374,1046,1,31.0,31.0,fulfilled
4443,2375,1132,1,296.0,296.0,fulfilled
4444,2376,1117,1,61.0,61.0,fulfilled
4445,2376,1080,1,187.0,187.0,fulfilled
4446,2376,1141,2,664.0,1328.0,fulfilled
4447,2377,1087,1,341.0,341.0,fulfilled
4448,2378,1118,1,93.0,93.0,fulfilled
4449,2379,1140,1,240.0,240.0,fulfilled
4450,2379,1066,1,203.0,203.0,fulfilled
4451,2380,1004,1,36.0,36.0,fulfilled
4452,2380,1018,3,177.0,531.0,fulfilled
4453,2381,1109,3,413.0,1239.0,fulfilled
4454,2382,1067,2,275.0,550.0,fulfilled
4455,2382,1114,1,156.0,156.0,fulfilled
4456,2383,1019,1,224.0,224.0,fulfilled
4457,2383,1001,2,36.0,72.0,out_of_stock_removed
4458,2383,1020,1,103.0,103.0,fulfilled
4459,2384,1046,1,31.0,31.0,fulfilled
4460,2384,1139,1,83.0,83.0,fulfilled
4461,2385,1022,2,240.0,480.0,fulfilled
4462,2385,1105,1,623.0,623.0,substituted
4463,2385,1120,3,475.0,1425.0,fulfilled
4464,2386,1114,1,156.0,156.0,fulfilled
4465,2386,1086,1,62.0,62.0,fulfilled
4466,2387,1065,1,388.0,388.0,fulfilled
4467,2387,1070,1,303.0,303.0,fulfilled
4468,2388,1015,2,115.0,230.0,fulfilled
4469,2389,1140,3,240.0,720.0,fulfilled
4470,2389,1120,2,475.0,950.0,rejected_substitution
4471,2389,1009,2,169.0,338.0,fulfilled
4472,2390,1093,3,288.0,864.0,fulfilled
4473,2391,1141,1,664.0,664.0,fulfilled
4474,2391,1070,3,303.0,909.0,fulfilled
4475,2391,1024,1,236.0,236.0,fulfilled
4476,2392,1129,1,649.0,649.0,fulfilled
4477,2393,1002,1,186.0,186.0,fulfilled
4478,2393,1087,3,341.0,1023.0,fulfilled
4479,2393,1134,3,935.0,2805.0,fulfilled
4480,2393,1019,1,224.0,224.0,substituted
4481,2393,1007,1,108.0,108.0,fulfilled
4482,2394,1116,1,486.0,486.0,fulfilled
4483,2395,1131,1,143.0,143.0,fulfilled
4484,2396,1098,2,599.0,1198.0,fulfilled
4485,2396,1066,1,203.0,203.0,out_of_stock_removed
4486,2397,1096,3,251.0,753.0,fulfilled
4487,2397,1083,1,265.0,265.0,fulfilled
4488,2398,1075,1,161.0,161.0,fulfilled
4489,2399,1126,1,376.0,376.0,fulfilled
4490,2400,1096,1,251.0,251.0,rejected_substitution
4491,2400,1140,1,240.0,240.0,fulfilled
4492,2401,1128,1,207.0,207.0,fulfilled
4493,2402,1006,1,31.0,31.0,fulfilled
4494,2402,1050,2,125.0,250.0,fulfilled
4495,2403,1070,1,303.0,303.0,fulfilled
4496,2403,1071,2,423.0,846.0,fulfilled
4497,2404,1007,1,108.0,108.0,fulfilled
4498,2405,1027,1,44.0,44.0,fulfilled
4499,2406,1108,1,398.0,398.0,fulfilled
4500,2406,1080,1,187.0,187.0,fulfilled
4501,2407,1141,1,664.0,664.0,fulfilled
4502,2408,1086,1,62.0,62.0,fulfilled
4503,2408,1038,1,50.0,50.0,fulfilled
4504,2409,1125,1,667.0,667.0,fulfilled
4505,2410,1070,1,303.0,303.0,fulfilled
4506,2411,1136,2,393.0,786.0,fulfilled
4507,2411,1055,1,91.0,91.0,fulfilled
4508,2412,1067,2,275.0,550.0,fulfilled
4509,2413,1007,1,108.0,108.0,fulfilled
4510,2413,1073,1,90.0,90.0,fulfilled
4511,2413,1027,1,44.0,44.0,fulfilled
4512,2414,1041,1,309.0,309.0,fulfilled
4513,2414,1037,1,116.0,116.0,fulfilled
4514,2414,1079,2,90.0,180.0,fulfilled
4515,2414,1028,1,311.0,311.0,fulfilled
4516,2415,1028,2,311.0,622.0,fulfilled
4517,2416,1092,3,327.0,981.0,fulfilled
4518,2416,1063,1,165.0,165.0,fulfilled
4519,2417,1015,2,115.0,230.0,fulfilled
4520,2418,1086,1,62.0,62.0,fulfilled
4521,2418,1079,1,90.0,90.0,fulfilled
4522,2418,1083,1,265.0,265.0,fulfilled
4523,2418,1015,1,115.0,115.0,fulfilled
4524,2419,1005,1,155.0,155.0,fulfilled
4525,2419,1003,2,127.0,254.0,fulfilled
4526,2420,1141,1,664.0,664.0,fulfilled
4527,2421,1010,1,254.0,254.0,fulfilled
4528,2421,1071,1,423.0,423.0,fulfilled
4529,2422,1124,1,482.0,482.0,fulfilled
4530,2422,1031,1,159.0,159.0,fulfilled
4531,2423,1112,1,610.0,610.0,fulfilled
4532,2424,1132,1,296.0,296.0,fulfilled
4533,2424,1070,1,303.0,303.0,fulfilled
4534,2424,1131,1,143.0,143.0,fulfilled
4535,2425,1143,2,259.0,518.0,fulfilled
4536,2426,1132,2,296.0,592.0,fulfilled
4537,2426,1141,2,664.0,1328.0,fulfilled
4538,2426,1050,1,125.0,125.0,rejected_substitution
4539,2427,1087,1,341.0,341.0,fulfilled
4540,2427,1110,1,577.0,577.0,rejected_substitution
4541,2427,1143,1,259.0,259.0,fulfilled
4542,2428,1131,3,143.0,429.0,fulfilled
4543,2428,1119,1,172.0,172.0,fulfilled
4544,2428,1108,1,398.0,398.0,fulfilled
4545,2428,1069,1,313.0,313.0,fulfilled
4546,2429,1069,1,313.0,313.0,fulfilled
4547,2429,1071,2,423.0,846.0,fulfilled
4548,2429,1066,3,203.0,609.0,out_of_stock_removed
4549,2430,1140,1,240.0,240.0,fulfilled
4550,2431,1097,1,336.0,336.0,fulfilled
4551,2432,1048,2,136.0,272.0,fulfilled
4552,2432,1141,1,664.0,664.0,fulfilled
4553,2433,1096,3,251.0,753.0,fulfilled
4554,2433,1063,1,165.0,165.0,fulfilled
4555,2434,1055,1,91.0,91.0,fulfilled
4556,2434,1093,1,288.0,288.0,fulfilled
4557,2435,1128,1,207.0,207.0,fulfilled
4558,2436,1002,2,186.0,372.0,fulfilled
4559,2436,1025,1,175.0,175.0,fulfilled
4560,2437,1059,1,444.0,444.0,fulfilled
4561,2437,1080,1,187.0,187.0,fulfilled
4562,2438,1140,1,240.0,240.0,fulfilled
4563,2438,1070,1,303.0,303.0,fulfilled
4564,2438,1035,1,297.0,297.0,fulfilled
4565,2439,1143,1,259.0,259.0,fulfilled
4566,2439,1083,1,265.0,265.0,fulfilled
4567,2440,1014,3,94.0,282.0,fulfilled
4568,2440,1046,1,31.0,31.0,fulfilled
4569,2440,1128,1,207.0,207.0,fulfilled
4570,2441,1119,2,172.0,344.0,fulfilled
4571,2442,1015,1,115.0,115.0,fulfilled
4572,2443,1064,1,255.0,255.0,fulfilled
4573,2444,1121,2,549.0,1098.0,fulfilled
4574,2445,1136,1,393.0,393.0,fulfilled
4575,2445,1080,3,187.0,561.0,fulfilled
4576,2446,1070,1,303.0,303.0,fulfilled
4577,2446,1065,2,388.0,776.0,out_of_stock_removed
4578,2447,1141,1,664.0,664.0,fulfilled
4579,2448,1146,1,911.0,911.0,fulfilled
4580,2448,1043,1,80.0,80.0,fulfilled
4581,2448,1133,1,586.0,586.0,fulfilled
4582,2448,1112,1,610.0,610.0,fulfilled
4583,2449,1074,3,153.0,459.0,fulfilled
4584,2449,1091,1,311.0,311.0,fulfilled
4585,2450,1109,1,413.0,413.0,fulfilled
4586,2450,1141,1,664.0,664.0,fulfilled
4587,2450,1141,1,664.0,664.0,fulfilled
4588,2451,1146,2,911.0,1822.0,fulfilled
4589,2452,1092,1,327.0,327.0,fulfilled
4590,2453,1038,1,50.0,50.0,fulfilled
4591,2453,1015,1,115.0,115.0,fulfilled
4592,2454,1026,2,210.0,420.0,fulfilled
4593,2455,1024,1,236.0,236.0,fulfilled
4594,2456,1005,1,155.0,155.0,fulfilled
4595,2456,1098,1,599.0,599.0,fulfilled
4596,2457,1143,1,259.0,259.0,substituted
4597,2457,1091,1,311.0,311.0,fulfilled
4598,2458,1024,1,236.0,236.0,substituted
4599,2458,1129,1,649.0,649.0,fulfilled
4600,2459,1115,1,460.0,460.0,fulfilled
4601,2459,1080,1,187.0,187.0,fulfilled
4602,2459,1060,2,211.0,422.0,fulfilled
4603,2460,1126,1,376.0,376.0,fulfilled
4604,2460,1125,1,667.0,667.0,fulfilled
4605,2460,1015,1,115.0,115.0,out_of_stock_removed
4606,2461,1072,2,76.0,152.0,fulfilled
4607,2461,1119,1,172.0,172.0,fulfilled
4608,2462,1023,2,87.0,174.0,substituted
4609,2463,1086,1,62.0,62.0,fulfilled
4610,2463,1104,1,737.0,737.0,fulfilled
4611,2464,1092,2,327.0,654.0,fulfilled
4612,2464,1081,1,37.0,37.0,fulfilled
4613,2465,1069,1,313.0,313.0,fulfilled
4614,2465,1003,1,127.0,127.0,fulfilled
4615,2466,1128,1,207.0,207.0,fulfilled
4616,2467,1114,3,156.0,468.0,fulfilled
4617,2467,1084,2,45.0,90.0,fulfilled
4618,2468,1053,1,37.0,37.0,fulfilled
4619,2468,1136,2,393.0,786.0,fulfilled
4620,2469,1028,1,311.0,311.0,fulfilled
4621,2470,1126,2,376.0,752.0,fulfilled
4622,2471,1081,1,37.0,37.0,fulfilled
4623,2471,1071,3,423.0,1269.0,fulfilled
4624,2471,1141,1,664.0,664.0,fulfilled
4625,2471,1046,1,31.0,31.0,fulfilled
4626,2472,1019,2,224.0,448.0,fulfilled
4627,2472,1108,1,398.0,398.0,fulfilled
4628,2472,1103,2,220.0,440.0,fulfilled
4629,2472,1045,1,114.0,114.0,fulfilled
4630,2473,1143,1,259.0,259.0,fulfilled
4631,2474,1143,3,259.0,777.0,fulfilled
4632,2475,1131,2,143.0,286.0,fulfilled
4633,2476,1107,1,665.0,665.0,fulfilled
4634,2477,1026,1,210.0,210.0,fulfilled
4635,2478,1001,1,36.0,36.0,fulfilled
4636,2478,1136,1,393.0,393.0,fulfilled
4637,2478,1132,1,296.0,296.0,fulfilled
4638,2479,1120,1,475.0,475.0,fulfilled
4639,2480,1080,1,187.0,187.0,fulfilled
4640,2481,1112,3,610.0,1830.0,fulfilled
4641,2481,1112,1,610.0,610.0,fulfilled
4642,2482,1126,1,376.0,376.0,fulfilled
4643,2483,1108,1,398.0,398.0,fulfilled
4644,2483,1104,1,737.0,737.0,fulfilled
4645,2483,1015,3,115.0,345.0,fulfilled
4646,2484,1013,1,97.0,97.0,fulfilled
4647,2485,1001,2,36.0,72.0,fulfilled
4648,2486,1012,1,192.0,192.0,fulfilled
4649,2487,1127,2,633.0,1266.0,fulfilled
4650,2487,1060,1,211.0,211.0,fulfilled
4651,2488,1015,1,115.0,115.0,fulfilled
4652,2488,1065,1,388.0,388.0,fulfilled
4653,2488,1109,1,413.0,413.0,fulfilled
4654,2489,1133,2,586.0,1172.0,fulfilled
4655,2489,1080,1,187.0,187.0,fulfilled
4656,2490,1123,2,208.0,416.0,fulfilled
4657,2491,1079,1,90.0,90.0,fulfilled
4658,2492,1084,1,45.0,45.0,fulfilled
4659,2493,1033,1,282.0,282.0,fulfilled
4660,2494,1141,3,664.0,1992.0,fulfilled
4661,2494,1090,1,305.0,305.0,fulfilled
4662,2495,1132,1,296.0,296.0,fulfilled
4663,2496,1121,1,549.0,549.0,fulfilled
4664,2497,1143,1,259.0,259.0,fulfilled
4665,2498,1054,1,49.0,49.0,fulfilled
4666,2499,1049,1,59.0,59.0,fulfilled
4667,2499,1005,1,155.0,155.0,fulfilled
4668,2500,1076,1,312.0,312.0,fulfilled
4669,2500,1015,3,115.0,345.0,fulfilled
4670,2501,1015,1,115.0,115.0,fulfilled
4671,2502,1092,1,327.0,327.0,out_of_stock_removed
4672,2502,1068,2,270.0,540.0,fulfilled
4673,2502,1141,1,664.0,664.0,fulfilled
4674,2503,1111,1,60.0,60.0,fulfilled
4675,2503,1132,1,296.0,296.0,fulfilled
4676,2503,1143,1,259.0,259.0,fulfilled
4677,2504,1141,1,664.0,664.0,fulfilled
4678,2505,1077,1,54.0,54.0,fulfilled
4679,2505,1140,1,240.0,240.0,rejected_substitution
4680,2505,1104,1,737.0,737.0,fulfilled
4681,2505,1128,1,207.0,207.0,fulfilled
4682,2506,1012,1,192.0,192.0,fulfilled
4683,2506,1005,1,155.0,155.0,fulfilled
4684,2507,1132,1,296.0,296.0,fulfilled
4685,2508,1143,1,259.0,259.0,fulfilled
4686,2508,1129,2,649.0,1298.0,fulfilled
4687,2508,1003,1,127.0,127.0,substituted
4688,2509,1091,1,311.0,311.0,fulfilled
4689,2509,1141,1,664.0,664.0,fulfilled
4690,2509,1093,3,288.0,864.0,fulfilled
4691,2510,1070,1,303.0,303.0,fulfilled
4692,2510,1009,3,169.0,507.0,fulfilled
4693,2511,1050,2,125.0,250.0,fulfilled
4694,2511,1142,1,147.0,147.0,fulfilled
4695,2511,1068,1,270.0,270.0,fulfilled
4696,2512,1103,1,220.0,220.0,fulfilled
4697,2512,1093,1,288.0,288.0,fulfilled
4698,2513,1059,1,444.0,444.0,fulfilled
4699,2513,1114,1,156.0,156.0,fulfilled
4700,2514,1141,1,664.0,664.0,fulfilled
4701,2515,1062,1,59.0,59.0,fulfilled
4702,2515,1114,1,156.0,156.0,fulfilled
4703,2516,1028,2,311.0,622.0,fulfilled
4704,2516,1136,1,393.0,393.0,fulfilled
4705,2517,1011,1,221.0,221.0,fulfilled
4706,2518,1091,2,311.0,622.0,fulfilled
4707,2518,1096,3,251.0,753.0,fulfilled
4708,2519,1103,2,220.0,440.0,fulfilled
4709,2520,1009,1,169.0,169.0,fulfilled
4710,2520,1041,1,309.0,309.0,fulfilled
4711,2521,1097,3,336.0,1008.0,fulfilled
4712,2521,1038,1,50.0,50.0,fulfilled
4713,2522,1072,1,76.0,76.0,fulfilled
4714,2523,1132,2,296.0,592.0,fulfilled
4715,2523,1143,2,259.0,518.0,fulfilled
4716,2524,1111,1,60.0,60.0,substituted
4717,2524,1009,1,169.0,169.0,fulfilled
4718,2525,1017,2,198.0,396.0,fulfilled
4719,2525,1048,1,136.0,136.0,fulfilled
4720,2526,1130,1,379.0,379.0,fulfilled
4721,2527,1102,2,887.0,1774.0,fulfilled
4722,2528,1141,1,664.0,664.0,fulfilled
4723,2529,1086,2,62.0,124.0,fulfilled
4724,2529,1013,1,97.0,97.0,fulfilled
4725,2530,1038,1,50.0,50.0,fulfilled
4726,2531,1128,1,207.0,207.0,fulfilled
4727,2531,1127,1,633.0,633.0,fulfilled
4728,2531,1122,3,672.0,2016.0,fulfilled
4729,2531,1141,1,664.0,664.0,fulfilled
4730,2532,1005,1,155.0,155.0,fulfilled
4731,2532,1012,3,192.0,576.0,fulfilled
4732,2532,1076,1,312.0,312.0,fulfilled
4733,2532,1051,2,158.0,316.0,rejected_substitution
4734,2533,1066,3,203.0,609.0,fulfilled
4735,2533,1086,2,62.0,124.0,fulfilled
4736,2533,1131,1,143.0,143.0,fulfilled
4737,2533,1039,1,182.0,182.0,fulfilled
4738,2534,1097,1,336.0,336.0,fulfilled
4739,2535,1037,1,116.0,116.0,fulfilled
4740,2535,1013,2,97.0,194.0,fulfilled
4741,2536,1007,1,108.0,108.0,fulfilled
4742,2537,1070,1,303.0,303.0,fulfilled
4743,2538,1114,1,156.0,156.0,fulfilled
4744,2539,1072,2,76.0,152.0,fulfilled
4745,2539,1029,1,238.0,238.0,fulfilled
4746,2539,1009,2,169.0,338.0,substituted
4747,2540,1072,2,76.0,152.0,fulfilled
4748,2540,1141,1,664.0,664.0,fulfilled
4749,2541,1096,2,251.0,502.0,fulfilled
4750,2542,1076,1,312.0,312.0,fulfilled
4751,2543,1131,1,143.0,143.0,fulfilled
4752,2543,1015,1,115.0,115.0,fulfilled
4753,2543,1063,2,165.0,330.0,fulfilled
4754,2544,1084,1,45.0,45.0,fulfilled
4755,2545,1019,1,224.0,224.0,substituted
4756,2546,1060,2,211.0,422.0,fulfilled
4757,2547,1070,1,303.0,303.0,fulfilled
4758,2547,1019,1,224.0,224.0,fulfilled
4759,2548,1015,1,115.0,115.0,fulfilled
4760,2549,1056,1,180.0,180.0,fulfilled
4761,2549,1144,1,438.0,438.0,fulfilled
4762,2549,1042,1,235.0,235.0,fulfilled
4763,2550,1136,1,393.0,393.0,rejected_substitution
4764,2551,1046,1,31.0,31.0,substituted
4765,2551,1068,2,270.0,540.0,fulfilled
4766,2551,1145,1,1144.0,1144.0,substituted
4767,2551,1103,1,220.0,220.0,fulfilled
4768,2552,1091,1,311.0,311.0,fulfilled
4769,2553,1042,1,235.0,235.0,fulfilled
4770,2554,1005,1,155.0,155.0,fulfilled
4771,2554,1133,1,586.0,586.0,fulfilled
4772,2554,1001,2,36.0,72.0,fulfilled
4773,2555,1109,1,413.0,413.0,fulfilled
4774,2556,1003,1,127.0,127.0,fulfilled
4775,2556,1002,2,186.0,372.0,out_of_stock_removed
4776,2556,1025,2,175.0,350.0,substituted
4777,2556,1034,1,70.0,70.0,fulfilled
4778,2557,1085,3,200.0,600.0,fulfilled
4779,2558,1102,3,887.0,2661.0,fulfilled
4780,2559,1098,1,599.0,599.0,fulfilled
4781,2559,1072,3,76.0,228.0,fulfilled
4782,2560,1115,2,460.0,920.0,out_of_stock_removed
4783,2561,1019,1,224.0,224.0,substituted
4784,2562,1141,1,664.0,664.0,fulfilled
4785,2562,1093,2,288.0,576.0,fulfilled
4786,2562,1036,1,58.0,58.0,substituted
4787,2562,1037,3,116.0,348.0,fulfilled
4788,2563,1065,1,388.0,388.0,out_of_stock_removed
4789,2563,1117,1,61.0,61.0,fulfilled
4790,2563,1108,2,398.0,796.0,fulfilled
4791,2563,1050,1,125.0,125.0,fulfilled
4792,2564,1070,1,303.0,303.0,fulfilled
4793,2565,1002,1,186.0,186.0,fulfilled
4794,2565,1063,1,165.0,165.0,fulfilled
4795,2565,1027,1,44.0,44.0,fulfilled
4796,2566,1115,1,460.0,460.0,fulfilled
4797,2567,1132,1,296.0,296.0,fulfilled
4798,2567,1014,2,94.0,188.0,fulfilled
4799,2568,1114,1,156.0,156.0,fulfilled
4800,2568,1091,2,311.0,622.0,fulfilled
4801,2568,1024,1,236.0,236.0,substituted
4802,2568,1121,1,549.0,549.0,fulfilled
4803,2569,1144,3,438.0,1314.0,fulfilled
4804,2570,1024,1,236.0,236.0,fulfilled
4805,2571,1076,1,312.0,312.0,fulfilled
4806,2571,1097,1,336.0,336.0,fulfilled
4807,2571,1005,1,155.0,155.0,fulfilled
4808,2572,1023,1,87.0,87.0,substituted
4809,2572,1023,2,87.0,174.0,rejected_substitution
4810,2573,1117,1,61.0,61.0,fulfilled
4811,2573,1038,1,50.0,50.0,fulfilled
4812,2574,1015,1,115.0,115.0,out_of_stock_removed
4813,2574,1001,1,36.0,36.0,fulfilled
4814,2575,1093,1,288.0,288.0,fulfilled
4815,2575,1077,1,54.0,54.0,fulfilled
4816,2576,1141,3,664.0,1992.0,fulfilled
4817,2576,1055,1,91.0,91.0,fulfilled
4818,2576,1032,1,173.0,173.0,fulfilled
4819,2577,1081,2,37.0,74.0,fulfilled
4820,2577,1003,1,127.0,127.0,fulfilled
4821,2578,1141,2,664.0,1328.0,fulfilled
4822,2578,1128,1,207.0,207.0,fulfilled
4823,2579,1005,1,155.0,155.0,fulfilled
4824,2580,1037,1,116.0,116.0,fulfilled
4825,2581,1024,3,236.0,708.0,fulfilled
4826,2582,1053,1,37.0,37.0,fulfilled
4827,2583,1038,1,50.0,50.0,rejected_substitution
4828,2584,1017,2,198.0,396.0,fulfilled
4829,2585,1031,3,159.0,477.0,fulfilled
4830,2586,1024,1,236.0,236.0,substituted
4831,2587,1047,1,102.0,102.0,substituted
4832,2588,1104,1,737.0,737.0,fulfilled
4833,2588,1115,2,460.0,920.0,fulfilled
4834,2589,1069,1,313.0,313.0,fulfilled
4835,2589,1015,1,115.0,115.0,out_of_stock_removed
4836,2589,1043,2,80.0,160.0,fulfilled
4837,2589,1028,1,311.0,311.0,fulfilled
4838,2589,1132,2,296.0,592.0,fulfilled
4839,2590,1014,1,94.0,94.0,fulfilled
4840,2591,1116,1,486.0,486.0,fulfilled
4841,2591,1051,1,158.0,158.0,fulfilled
4842,2591,1113,1,185.0,185.0,fulfilled
4843,2592,1101,1,561.0,561.0,fulfilled
4844,2593,1005,1,155.0,155.0,fulfilled
4845,2593,1132,2,296.0,592.0,fulfilled
4846,2594,1125,1,667.0,667.0,fulfilled
4847,2594,1144,1,438.0,438.0,fulfilled
4848,2594,1058,1,84.0,84.0,fulfilled
4849,2595,1115,1,460.0,460.0,out_of_stock_removed
4850,2595,1016,3,179.0,537.0,rejected_substitution
4851,2595,1048,2,136.0,272.0,fulfilled
4852,2596,1061,1,310.0,310.0,fulfilled
4853,2597,1068,1,270.0,270.0,fulfilled
4854,2598,1061,2,310.0,620.0,fulfilled
4855,2599,1108,3,398.0,1194.0,fulfilled
4856,2599,1071,1,423.0,423.0,fulfilled
4857,2600,1029,1,238.0,238.0,substituted
4858,2601,1004,1,36.0,36.0,substituted
4859,2601,1007,1,108.0,108.0,fulfilled
4860,2602,1127,2,633.0,1266.0,fulfilled
4861,2602,1091,1,311.0,311.0,fulfilled
4862,2603,1022,1,240.0,240.0,fulfilled
4863,2603,1143,1,259.0,259.0,fulfilled
4864,2603,1141,3,664.0,1992.0,fulfilled
4865,2604,1001,1,36.0,36.0,out_of_stock_removed
4866,2605,1132,3,296.0,888.0,fulfilled
4867,2605,1097,1,336.0,336.0,fulfilled
4868,2606,1023,1,87.0,87.0,fulfilled
4869,2606,1056,2,180.0,360.0,out_of_stock_removed
4870,2607,1117,1,61.0,61.0,fulfilled
4871,2607,1066,1,203.0,203.0,fulfilled
4872,2607,1091,1,311.0,311.0,fulfilled
4873,2608,1128,2,207.0,414.0,fulfilled
4874,2608,1067,1,275.0,275.0,fulfilled
4875,2608,1016,1,179.0,179.0,fulfilled
4876,2608,1084,1,45.0,45.0,fulfilled
4877,2608,1082,1,130.0,130.0,fulfilled
4878,2609,1024,2,236.0,472.0,fulfilled
4879,2610,1136,3,393.0,1179.0,fulfilled
4880,2611,1082,1,130.0,130.0,fulfilled
4881,2612,1143,1,259.0,259.0,fulfilled
4882,2613,1071,1,423.0,423.0,fulfilled
4883,2613,1092,2,327.0,654.0,fulfilled
4884,2613,1091,1,311.0,311.0,fulfilled
4885,2614,1130,1,379.0,379.0,fulfilled
4886,2614,1015,2,115.0,230.0,fulfilled
4887,2615,1041,3,309.0,927.0,substituted
4888,2615,1140,2,240.0,480.0,fulfilled
4889,2616,1137,1,532.0,532.0,fulfilled
4890,2616,1114,3,156.0,468.0,fulfilled
4891,2617,1100,1,548.0,548.0,fulfilled
4892,2618,1136,2,393.0,786.0,fulfilled
4893,2618,1009,1,169.0,169.0,fulfilled
4894,2619,1141,1,664.0,664.0,fulfilled
4895,2619,1128,3,207.0,621.0,rejected_substitution
4896,2620,1131,1,143.0,143.0,fulfilled
4897,2621,1049,1,59.0,59.0,fulfilled
4898,2622,1061,2,310.0,620.0,substituted
4899,2622,1143,1,259.0,259.0,fulfilled
4900,2623,1138,3,304.0,912.0,fulfilled
4901,2623,1084,3,45.0,135.0,fulfilled
4902,2624,1028,1,311.0,311.0,fulfilled
4903,2624,1007,2,108.0,216.0,fulfilled
4904,2624,1090,1,305.0,305.0,fulfilled
4905,2625,1055,1,91.0,91.0,fulfilled
4906,2626,1070,1,303.0,303.0,fulfilled
4907,2626,1085,1,200.0,200.0,fulfilled
4908,2626,1128,1,207.0,207.0,fulfilled
4909,2626,1111,1,60.0,60.0,fulfilled
4910,2627,1005,1,155.0,155.0,fulfilled
4911,2627,1074,1,153.0,153.0,fulfilled
4912,2628,1132,1,296.0,296.0,fulfilled
4913,2628,1055,1,91.0,91.0,fulfilled
4914,2629,1066,1,203.0,203.0,fulfilled
4915,2630,1070,1,303.0,303.0,fulfilled
4916,2630,1093,1,288.0,288.0,fulfilled
4917,2631,1029,1,238.0,238.0,fulfilled
4918,2632,1084,1,45.0,45.0,fulfilled
4919,2632,1095,1,746.0,746.0,fulfilled
4920,2633,1039,1,182.0,182.0,fulfilled
4921,2634,1070,2,303.0,606.0,fulfilled
4922,2634,1040,1,74.0,74.0,fulfilled
4923,2634,1034,1,70.0,70.0,fulfilled
4924,2635,1128,1,207.0,207.0,fulfilled
4925,2636,1091,1,311.0,311.0,fulfilled
4926,2636,1119,1,172.0,172.0,fulfilled
4927,2637,1067,1,275.0,275.0,fulfilled
4928,2638,1132,1,296.0,296.0,fulfilled
4929,2639,1099,1,338.0,338.0,fulfilled
4930,2639,1079,1,90.0,90.0,fulfilled
4931,2639,1055,1,91.0,91.0,fulfilled
4932,2639,1080,1,187.0,187.0,fulfilled
4933,2640,1015,1,115.0,115.0,fulfilled
4934,2640,1111,2,60.0,120.0,fulfilled
4935,2641,1140,2,240.0,480.0,fulfilled
4936,2642,1007,1,108.0,108.0,rejected_substitution
4937,2642,1128,1,207.0,207.0,fulfilled
4938,2643,1089,2,154.0,308.0,fulfilled
4939,2643,1086,1,62.0,62.0,fulfilled
4940,2644,1141,1,664.0,664.0,fulfilled
4941,2644,1050,1,125.0,125.0,substituted
4942,2644,1053,1,37.0,37.0,fulfilled
4943,2645,1015,1,115.0,115.0,fulfilled
4944,2646,1112,2,610.0,1220.0,fulfilled
4945,2646,1091,1,311.0,311.0,fulfilled
4946,2647,1125,1,667.0,667.0,fulfilled
4947,2648,1005,1,155.0,155.0,fulfilled
4948,2648,1069,1,313.0,313.0,fulfilled
4949,2649,1111,1,60.0,60.0,fulfilled
4950,2649,1092,3,327.0,981.0,fulfilled
4951,2649,1041,3,309.0,927.0,fulfilled
4952,2650,1026,2,210.0,420.0,fulfilled
4953,2650,1113,1,185.0,185.0,fulfilled
4954,2651,1087,1,341.0,341.0,fulfilled
4955,2651,1131,3,143.0,429.0,fulfilled
4956,2652,1089,1,154.0,154.0,fulfilled
4957,2652,1028,1,311.0,311.0,fulfilled
4958,2653,1094,1,308.0,308.0,fulfilled
4959,2653,1143,2,259.0,518.0,fulfilled
4960,2654,1036,1,58.0,58.0,fulfilled
4961,2654,1119,1,172.0,172.0,fulfilled
4962,2655,1005,3,155.0,465.0,fulfilled
4963,2656,1053,1,37.0,37.0,substituted
4964,2657,1099,1,338.0,338.0,fulfilled
4965,2657,1041,1,309.0,309.0,fulfilled
4966,2658,1010,2,254.0,508.0,fulfilled
4967,2658,1093,1,288.0,288.0,fulfilled
4968,2659,1024,1,236.0,236.0,substituted
4969,2660,1007,2,108.0,216.0,fulfilled
4970,2661,1046,1,31.0,31.0,substituted
4971,2662,1084,1,45.0,45.0,fulfilled
4972,2663,1024,1,236.0,236.0,fulfilled
4973,2664,1141,1,664.0,664.0,fulfilled
4974,2664,1078,2,265.0,530.0,fulfilled
4975,2665,1005,1,155.0,155.0,fulfilled
4976,2665,1029,1,238.0,238.0,fulfilled
4977,2665,1015,1,115.0,115.0,fulfilled
4978,2665,1075,1,161.0,161.0,fulfilled
4979,2666,1091,1,311.0,311.0,fulfilled
4980,2666,1039,1,182.0,182.0,fulfilled
4981,2666,1023,1,87.0,87.0,fulfilled
4982,2667,1046,1,31.0,31.0,fulfilled
4983,2668,1131,3,143.0,429.0,fulfilled
4984,2668,1106,1,337.0,337.0,fulfilled
4985,2669,1024,1,236.0,236.0,fulfilled
4986,2670,1127,1,633.0,633.0,fulfilled
4987,2671,1072,1,76.0,76.0,fulfilled
4988,2671,1078,2,265.0,530.0,fulfilled
4989,2672,1038,1,50.0,50.0,fulfilled
4990,2672,1057,1,156.0,156.0,fulfilled
4991,2673,1003,1,127.0,127.0,fulfilled
4992,2674,1141,1,664.0,664.0,fulfilled
4993,2675,1071,1,423.0,423.0,fulfilled
4994,2676,1141,1,664.0,664.0,fulfilled
4995,2677,1099,1,338.0,338.0,fulfilled
4996,2677,1005,1,155.0,155.0,fulfilled
4997,2678,1140,3,240.0,720.0,fulfilled
4998,2679,1114,3,156.0,468.0,fulfilled
4999,2680,1070,2,303.0,606.0,fulfilled
5000,2681,1111,1,60.0,60.0,fulfilled
5001,2681,1070,1,303.0,303.0,fulfilled
5002,2681,1070,1,303.0,303.0,fulfilled
5003,2682,1015,1,115.0,115.0,out_of_stock_removed
5004,2683,1070,1,303.0,303.0,fulfilled
5005,2684,1071,1,423.0,423.0,fulfilled
5006,2684,1141,3,664.0,1992.0,fulfilled
5007,2685,1139,1,83.0,83.0,fulfilled
5008,2686,1019,2,224.0,448.0,fulfilled
5009,2687,1070,3,303.0,909.0,fulfilled
5010,2688,1005,1,155.0,155.0,fulfilled
5011,2689,1144,1,438.0,438.0,out_of_stock_removed
5012,2689,1065,2,388.0,776.0,fulfilled
5013,2690,1086,1,62.0,62.0,fulfilled
5014,2690,1005,3,155.0,465.0,fulfilled
5015,2691,1015,1,115.0,115.0,fulfilled
5016,2691,1051,1,158.0,158.0,fulfilled
5017,2692,1141,1,664.0,664.0,fulfilled
5018,2692,1019,2,224.0,448.0,fulfilled
5019,2693,1133,1,586.0,586.0,fulfilled
5020,2694,1015,1,115.0,115.0,out_of_stock_removed
5021,2694,1007,1,108.0,108.0,fulfilled
5022,2694,1082,1,130.0,130.0,fulfilled
5023,2695,1111,2,60.0,120.0,fulfilled
5024,2695,1037,1,116.0,116.0,fulfilled
5025,2695,1086,1,62.0,62.0,fulfilled
5026,2696,1101,1,561.0,561.0,fulfilled
5027,2696,1007,2,108.0,216.0,fulfilled
5028,2697,1128,1,207.0,207.0,fulfilled
5029,2697,1110,1,577.0,577.0,fulfilled
5030,2697,1065,2,388.0,776.0,fulfilled
5031,2697,1099,1,338.0,338.0,fulfilled
5032,2697,1126,1,376.0,376.0,fulfilled
5033,2698,1128,1,207.0,207.0,fulfilled
5034,2698,1028,1,311.0,311.0,fulfilled
5035,2699,1062,2,59.0,118.0,fulfilled
5036,2700,1041,1,309.0,309.0,fulfilled
5037,2701,1101,1,561.0,561.0,fulfilled
5038,2702,1069,1,313.0,313.0,fulfilled
5039,2702,1068,1,270.0,270.0,fulfilled
5040,2703,1126,1,376.0,376.0,fulfilled
5041,2703,1024,1,236.0,236.0,fulfilled
5042,2703,1112,1,610.0,610.0,fulfilled
5043,2703,1115,1,460.0,460.0,fulfilled
5044,2704,1095,3,746.0,2238.0,fulfilled
5045,2705,1137,2,532.0,1064.0,rejected_substitution
5046,2706,1093,1,288.0,288.0,fulfilled
5047,2706,1060,2,211.0,422.0,fulfilled
5048,2707,1068,1,270.0,270.0,fulfilled
5049,2708,1108,1,398.0,398.0,fulfilled
5050,2708,1078,1,265.0,265.0,fulfilled
5051,2709,1046,1,31.0,31.0,fulfilled
5052,2709,1116,3,486.0,1458.0,fulfilled
5053,2709,1063,1,165.0,165.0,fulfilled
5054,2710,1143,1,259.0,259.0,fulfilled
5055,2711,1015,2,115.0,230.0,fulfilled
5056,2712,1098,1,599.0,599.0,fulfilled
5057,2712,1098,1,599.0,599.0,fulfilled
5058,2713,1061,1,310.0,310.0,fulfilled
5059,2713,1002,1,186.0,186.0,fulfilled
5060,2713,1131,1,143.0,143.0,fulfilled
5061,2714,1031,2,159.0,318.0,fulfilled
5062,2714,1013,1,97.0,97.0,fulfilled
5063,2714,1128,1,207.0,207.0,fulfilled
5064,2714,1015,3,115.0,345.0,out_of_stock_removed
5065,2715,1086,3,62.0,186.0,fulfilled
5066,2716,1072,1,76.0,76.0,fulfilled
5067,2716,1047,1,102.0,102.0,rejected_substitution
5068,2717,1141,1,664.0,664.0,fulfilled
5069,2718,1142,1,147.0,147.0,fulfilled
5070,2719,1093,1,288.0,288.0,substituted
5071,2720,1019,2,224.0,448.0,rejected_substitution
5072,2721,1003,1,127.0,127.0,fulfilled
5073,2721,1122,3,672.0,2016.0,fulfilled
5074,2722,1015,1,115.0,115.0,out_of_stock_removed
5075,2722,1045,1,114.0,114.0,fulfilled
5076,2723,1012,1,192.0,192.0,fulfilled
5077,2724,1019,1,224.0,224.0,fulfilled
5078,2724,1057,1,156.0,156.0,fulfilled
5079,2724,1131,1,143.0,143.0,fulfilled
5080,2724,1111,2,60.0,120.0,fulfilled
5081,2725,1041,1,309.0,309.0,fulfilled
5082,2725,1112,1,610.0,610.0,fulfilled
5083,2726,1140,1,240.0,240.0,fulfilled
5084,2727,1099,1,338.0,338.0,fulfilled
5085,2728,1132,3,296.0,888.0,fulfilled
5086,2728,1086,2,62.0,124.0,fulfilled
5087,2729,1059,1,444.0,444.0,fulfilled
5088,2729,1083,1,265.0,265.0,fulfilled
5089,2729,1101,1,561.0,561.0,fulfilled
5090,2730,1046,1,31.0,31.0,fulfilled
5091,2730,1015,2,115.0,230.0,fulfilled
5092,2730,1031,1,159.0,159.0,fulfilled
5093,2731,1033,1,282.0,282.0,rejected_substitution
5094,2731,1061,1,310.0,310.0,fulfilled
5095,2731,1104,2,737.0,1474.0,fulfilled
5096,2731,1007,1,108.0,108.0,fulfilled
5097,2731,1033,1,282.0,282.0,substituted
5098,2732,1053,2,37.0,74.0,fulfilled
5099,2733,1015,2,115.0,230.0,fulfilled
5100,2733,1015,1,115.0,115.0,fulfilled
5101,2734,1075,1,161.0,161.0,fulfilled
5102,2735,1083,1,265.0,265.0,fulfilled
5103,2735,1020,3,103.0,309.0,fulfilled
5104,2735,1106,1,337.0,337.0,fulfilled
5105,2735,1007,3,108.0,324.0,fulfilled
5106,2736,1015,1,115.0,115.0,fulfilled
5107,2737,1015,1,115.0,115.0,out_of_stock_removed
5108,2738,1005,1,155.0,155.0,out_of_stock_removed
5109,2739,1060,2,211.0,422.0,fulfilled
5110,2739,1145,2,1144.0,2288.0,substituted
5111,2739,1047,1,102.0,102.0,fulfilled
5112,2739,1061,1,310.0,310.0,fulfilled
5113,2740,1080,1,187.0,187.0,fulfilled
5114,2740,1070,1,303.0,303.0,fulfilled
5115,2741,1024,1,236.0,236.0,fulfilled
5116,2741,1094,2,308.0,616.0,fulfilled
5117,2742,1066,1,203.0,203.0,fulfilled
5118,2743,1036,3,58.0,174.0,substituted
5119,2744,1101,3,561.0,1683.0,fulfilled
5120,2745,1134,1,935.0,935.0,fulfilled
5121,2746,1082,1,130.0,130.0,fulfilled
5122,2747,1007,1,108.0,108.0,substituted
5123,2747,1015,1,115.0,115.0,fulfilled
5124,2747,1005,1,155.0,155.0,fulfilled
5125,2748,1015,1,115.0,115.0,fulfilled
5126,2748,1022,2,240.0,480.0,fulfilled
5127,2749,1048,3,136.0,408.0,fulfilled
5128,2749,1109,1,413.0,413.0,fulfilled
5129,2749,1140,1,240.0,240.0,fulfilled
5130,2750,1061,1,310.0,310.0,fulfilled
5131,2751,1029,1,238.0,238.0,fulfilled
5132,2751,1007,1,108.0,108.0,fulfilled
5133,2751,1144,1,438.0,438.0,fulfilled
5134,2752,1113,1,185.0,185.0,fulfilled
5135,2752,1125,1,667.0,667.0,fulfilled
5136,2753,1045,1,114.0,114.0,fulfilled
5137,2753,1104,1,737.0,737.0,fulfilled
5138,2754,1007,1,108.0,108.0,fulfilled
5139,2754,1051,1,158.0,158.0,fulfilled
5140,2754,1141,1,664.0,664.0,fulfilled
5141,2755,1128,1,207.0,207.0,fulfilled
5142,2755,1015,3,115.0,345.0,fulfilled
5143,2756,1121,1,549.0,549.0,fulfilled
5144,2756,1115,2,460.0,920.0,out_of_stock_removed
5145,2757,1136,1,393.0,393.0,fulfilled
5146,2758,1132,2,296.0,592.0,fulfilled
5147,2759,1061,1,310.0,310.0,fulfilled
5148,2759,1102,1,887.0,887.0,fulfilled
5149,2760,1015,1,115.0,115.0,fulfilled
5150,2761,1140,2,240.0,480.0,fulfilled
5151,2762,1035,1,297.0,297.0,fulfilled
5152,2762,1117,1,61.0,61.0,fulfilled
5153,2763,1070,1,303.0,303.0,fulfilled
5154,2763,1056,1,180.0,180.0,out_of_stock_removed
5155,2764,1117,1,61.0,61.0,fulfilled
5156,2765,1017,1,198.0,198.0,out_of_stock_removed
5157,2766,1143,1,259.0,259.0,substituted
5158,2766,1010,1,254.0,254.0,fulfilled
5159,2767,1141,2,664.0,1328.0,fulfilled
5160,2767,1014,1,94.0,94.0,fulfilled
5161,2768,1043,1,80.0,80.0,substituted
5162,2769,1065,3,388.0,1164.0,fulfilled
5163,2769,1041,1,309.0,309.0,fulfilled
5164,2770,1136,1,393.0,393.0,fulfilled
5165,2771,1015,1,115.0,115.0,out_of_stock_removed
5166,2772,1088,1,240.0,240.0,fulfilled
5167,2772,1093,3,288.0,864.0,substituted
5168,2773,1077,1,54.0,54.0,fulfilled
5169,2773,1085,3,200.0,600.0,fulfilled
5170,2774,1050,1,125.0,125.0,fulfilled
5171,2774,1065,2,388.0,776.0,fulfilled
5172,2774,1108,1,398.0,398.0,fulfilled
5173,2774,1097,1,336.0,336.0,fulfilled
5174,2775,1026,1,210.0,210.0,fulfilled
5175,2776,1047,1,102.0,102.0,fulfilled
5176,2777,1075,1,161.0,161.0,fulfilled
5177,2778,1001,1,36.0,36.0,fulfilled
5178,2778,1050,1,125.0,125.0,substituted
5179,2779,1001,1,36.0,36.0,fulfilled
5180,2779,1045,3,114.0,342.0,fulfilled
5181,2779,1141,1,664.0,664.0,fulfilled
5182,2780,1093,1,288.0,288.0,fulfilled
5183,2780,1074,1,153.0,153.0,fulfilled
5184,2781,1143,1,259.0,259.0,fulfilled
5185,2782,1139,1,83.0,83.0,fulfilled
5186,2782,1070,1,303.0,303.0,fulfilled
5187,2782,1103,1,220.0,220.0,fulfilled
5188,2782,1132,2,296.0,592.0,fulfilled
5189,2782,1111,2,60.0,120.0,fulfilled
5190,2783,1015,2,115.0,230.0,fulfilled
5191,2784,1080,2,187.0,374.0,fulfilled
5192,2784,1107,1,665.0,665.0,fulfilled
5193,2785,1061,1,310.0,310.0,fulfilled
5194,2786,1143,1,259.0,259.0,fulfilled
5195,2787,1136,2,393.0,786.0,rejected_substitution
5196,2787,1130,1,379.0,379.0,fulfilled
5197,2788,1007,2,108.0,216.0,fulfilled
5198,2789,1111,1,60.0,60.0,fulfilled
5199,2789,1027,1,44.0,44.0,substituted
5200,2789,1011,1,221.0,221.0,fulfilled
5201,2790,1143,2,259.0,518.0,fulfilled
5202,2791,1130,1,379.0,379.0,fulfilled
5203,2791,1053,2,37.0,74.0,fulfilled
5204,2792,1056,3,180.0,540.0,fulfilled
5205,2793,1108,2,398.0,796.0,fulfilled
5206,2794,1111,1,60.0,60.0,fulfilled
5207,2794,1105,1,623.0,623.0,fulfilled
5208,2794,1141,1,664.0,664.0,fulfilled
5209,2794,1104,2,737.0,1474.0,fulfilled
5210,2795,1074,1,153.0,153.0,fulfilled
5211,2795,1132,1,296.0,296.0,substituted
5212,2795,1059,2,444.0,888.0,fulfilled
5213,2796,1104,1,737.0,737.0,fulfilled
5214,2796,1117,1,61.0,61.0,fulfilled
5215,2796,1022,2,240.0,480.0,fulfilled
5216,2797,1136,1,393.0,393.0,fulfilled
5217,2797,1083,1,265.0,265.0,fulfilled
5218,2797,1086,2,62.0,124.0,fulfilled
5219,2798,1143,1,259.0,259.0,fulfilled
5220,2799,1046,2,31.0,62.0,fulfilled
5221,2799,1128,1,207.0,207.0,fulfilled
5222,2799,1136,1,393.0,393.0,fulfilled
5223,2800,1055,2,91.0,182.0,substituted
5224,2801,1060,1,211.0,211.0,fulfilled
5225,2802,1015,1,115.0,115.0,out_of_stock_removed
5226,2802,1143,1,259.0,259.0,fulfilled
5227,2803,1127,1,633.0,633.0,fulfilled
5228,2804,1070,1,303.0,303.0,fulfilled
5229,2805,1085,1,200.0,200.0,fulfilled
5230,2805,1091,1,311.0,311.0,fulfilled
5231,2805,1105,2,623.0,1246.0,fulfilled
5232,2805,1142,2,147.0,294.0,fulfilled
5233,2806,1007,3,108.0,324.0,fulfilled
5234,2806,1086,1,62.0,62.0,fulfilled
5235,2806,1015,1,115.0,115.0,fulfilled
5236,2807,1128,1,207.0,207.0,rejected_substitution
5237,2807,1085,1,200.0,200.0,fulfilled
5238,2808,1119,1,172.0,172.0,fulfilled
5239,2808,1015,2,115.0,230.0,fulfilled
5240,2809,1088,1,240.0,240.0,fulfilled
5241,2810,1128,1,207.0,207.0,fulfilled
5242,2810,1139,2,83.0,166.0,fulfilled
5243,2811,1066,1,203.0,203.0,out_of_stock_removed
5244,2811,1030,2,214.0,428.0,fulfilled
5245,2812,1057,2,156.0,312.0,fulfilled
5246,2812,1146,2,911.0,1822.0,fulfilled
5247,2812,1141,1,664.0,664.0,fulfilled
5248,2813,1002,1,186.0,186.0,fulfilled
5249,2813,1146,1,911.0,911.0,substituted
5250,2813,1015,1,115.0,115.0,fulfilled
5251,2813,1017,2,198.0,396.0,fulfilled
5252,2814,1141,1,664.0,664.0,fulfilled
5253,2814,1142,1,147.0,147.0,fulfilled
5254,2815,1131,1,143.0,143.0,fulfilled
5255,2816,1018,1,177.0,177.0,fulfilled
5256,2816,1060,2,211.0,422.0,fulfilled
5257,2816,1092,1,327.0,327.0,fulfilled
5258,2817,1015,1,115.0,115.0,fulfilled
5259,2817,1009,1,169.0,169.0,fulfilled
5260,2817,1040,1,74.0,74.0,fulfilled
5261,2818,1018,1,177.0,177.0,fulfilled
5262,2818,1038,1,50.0,50.0,fulfilled
5263,2819,1123,1,208.0,208.0,fulfilled
5264,2820,1101,3,561.0,1683.0,fulfilled
5265,2820,1024,1,236.0,236.0,fulfilled
5266,2820,1134,1,935.0,935.0,fulfilled
5267,2820,1129,1,649.0,649.0,fulfilled
5268,2821,1132,1,296.0,296.0,fulfilled
5269,2821,1083,3,265.0,795.0,fulfilled
5270,2821,1069,2,313.0,626.0,fulfilled
5271,2822,1145,1,1144.0,1144.0,fulfilled
5272,2823,1117,1,61.0,61.0,out_of_stock_removed
5273,2824,1082,1,130.0,130.0,fulfilled
5274,2824,1012,1,192.0,192.0,fulfilled
5275,2824,1113,1,185.0,185.0,fulfilled
5276,2825,1131,2,143.0,286.0,fulfilled
5277,2826,1060,2,211.0,422.0,fulfilled
5278,2826,1125,1,667.0,667.0,fulfilled
5279,2827,1132,3,296.0,888.0,fulfilled
5280,2827,1112,1,610.0,610.0,fulfilled
5281,2828,1015,1,115.0,115.0,out_of_stock_removed
5282,2828,1015,1,115.0,115.0,out_of_stock_removed
5283,2828,1130,2,379.0,758.0,fulfilled
5284,2829,1041,1,309.0,309.0,fulfilled
5285,2830,1015,1,115.0,115.0,fulfilled
5286,2831,1002,1,186.0,186.0,fulfilled
5287,2832,1115,1,460.0,460.0,fulfilled
5288,2832,1142,1,147.0,147.0,rejected_substitution
5289,2833,1115,1,460.0,460.0,fulfilled
5290,2834,1103,1,220.0,220.0,fulfilled
5291,2834,1083,1,265.0,265.0,fulfilled
5292,2834,1132,1,296.0,296.0,fulfilled
5293,2834,1024,1,236.0,236.0,fulfilled
5294,2835,1124,3,482.0,1446.0,fulfilled
5295,2835,1042,2,235.0,470.0,substituted
5296,2836,1019,1,224.0,224.0,fulfilled
5297,2837,1141,2,664.0,1328.0,fulfilled
5298,2838,1069,1,313.0,313.0,fulfilled
5299,2839,1006,1,31.0,31.0,fulfilled
5300,2840,1082,1,130.0,130.0,fulfilled
5301,2841,1129,1,649.0,649.0,fulfilled
5302,2841,1136,3,393.0,1179.0,fulfilled
5303,2842,1137,1,532.0,532.0,fulfilled
5304,2843,1131,1,143.0,143.0,fulfilled
5305,2844,1048,1,136.0,136.0,fulfilled
5306,2845,1002,1,186.0,186.0,fulfilled
5307,2845,1038,1,50.0,50.0,fulfilled
5308,2846,1010,3,254.0,762.0,substituted
5309,2846,1080,1,187.0,187.0,fulfilled
5310,2847,1044,1,30.0,30.0,fulfilled
5311,2848,1128,1,207.0,207.0,fulfilled
5312,2848,1091,1,311.0,311.0,fulfilled
5313,2848,1051,2,158.0,316.0,fulfilled
5314,2849,1132,2,296.0,592.0,fulfilled
5315,2850,1092,1,327.0,327.0,fulfilled
5316,2851,1060,1,211.0,211.0,fulfilled
5317,2851,1141,2,664.0,1328.0,fulfilled
5318,2852,1088,2,240.0,480.0,fulfilled
5319,2853,1003,2,127.0,254.0,rejected_substitution
5320,2853,1111,1,60.0,60.0,fulfilled
5321,2854,1097,1,336.0,336.0,fulfilled
5322,2855,1085,1,200.0,200.0,fulfilled
5323,2856,1130,1,379.0,379.0,fulfilled
5324,2856,1111,2,60.0,120.0,fulfilled
5325,2857,1142,1,147.0,147.0,fulfilled
5326,2857,1137,1,532.0,532.0,fulfilled
5327,2858,1005,1,155.0,155.0,fulfilled
5328,2858,1080,2,187.0,374.0,fulfilled
5329,2858,1113,1,185.0,185.0,out_of_stock_removed
5330,2859,1088,1,240.0,240.0,fulfilled
5331,2860,1098,1,599.0,599.0,fulfilled
5332,2860,1128,1,207.0,207.0,fulfilled
5333,2861,1141,1,664.0,664.0,fulfilled
5334,2862,1035,1,297.0,297.0,fulfilled
5335,2862,1096,1,251.0,251.0,fulfilled
5336,2863,1012,1,192.0,192.0,substituted
5337,2863,1088,1,240.0,240.0,fulfilled
5338,2863,1013,1,97.0,97.0,substituted
5339,2863,1056,1,180.0,180.0,fulfilled
5340,2864,1134,1,935.0,935.0,fulfilled
5341,2865,1051,1,158.0,158.0,fulfilled
5342,2865,1037,1,116.0,116.0,fulfilled
5343,2866,1032,1,173.0,173.0,fulfilled
5344,2867,1116,2,486.0,972.0,fulfilled
5345,2868,1068,3,270.0,810.0,fulfilled
5346,2868,1070,1,303.0,303.0,fulfilled
5347,2869,1028,1,311.0,311.0,fulfilled
5348,2870,1046,1,31.0,31.0,substituted
5349,2870,1128,1,207.0,207.0,fulfilled
5350,2871,1145,2,1144.0,2288.0,fulfilled
5351,2872,1019,1,224.0,224.0,fulfilled
5352,2873,1015,1,115.0,115.0,fulfilled
5353,2873,1040,1,74.0,74.0,fulfilled
5354,2873,1097,1,336.0,336.0,fulfilled
5355,2874,1067,1,275.0,275.0,fulfilled
5356,2874,1010,1,254.0,254.0,fulfilled
5357,2875,1092,2,327.0,654.0,fulfilled
5358,2876,1071,1,423.0,423.0,fulfilled
5359,2876,1140,1,240.0,240.0,fulfilled
5360,2877,1111,1,60.0,60.0,fulfilled
5361,2877,1001,1,36.0,36.0,fulfilled
5362,2877,1087,2,341.0,682.0,fulfilled
5363,2877,1143,1,259.0,259.0,fulfilled
5364,2878,1097,1,336.0,336.0,fulfilled
5365,2879,1017,1,198.0,198.0,out_of_stock_removed
5366,2880,1080,1,187.0,187.0,fulfilled
5367,2880,1110,1,577.0,577.0,fulfilled
5368,2880,1073,3,90.0,270.0,fulfilled
5369,2880,1100,1,548.0,548.0,fulfilled
5370,2881,1136,1,393.0,393.0,substituted
5371,2882,1080,2,187.0,374.0,fulfilled
5372,2883,1005,2,155.0,310.0,fulfilled
5373,2883,1015,1,115.0,115.0,fulfilled
5374,2884,1114,1,156.0,156.0,fulfilled
5375,2884,1091,1,311.0,311.0,fulfilled
5376,2884,1015,2,115.0,230.0,fulfilled
5377,2885,1132,1,296.0,296.0,fulfilled
5378,2885,1048,2,136.0,272.0,fulfilled
5379,2886,1129,1,649.0,649.0,fulfilled
5380,2886,1144,1,438.0,438.0,fulfilled
5381,2886,1031,1,159.0,159.0,fulfilled
5382,2886,1083,1,265.0,265.0,fulfilled
5383,2887,1132,3,296.0,888.0,fulfilled
5384,2887,1070,1,303.0,303.0,fulfilled
5385,2887,1091,1,311.0,311.0,rejected_substitution
5386,2888,1119,1,172.0,172.0,fulfilled
5387,2888,1131,2,143.0,286.0,fulfilled
5388,2888,1128,1,207.0,207.0,fulfilled
5389,2889,1063,3,165.0,495.0,fulfilled
5390,2890,1146,1,911.0,911.0,fulfilled
5391,2891,1027,1,44.0,44.0,rejected_substitution
5392,2891,1123,1,208.0,208.0,fulfilled
5393,2892,1118,2,93.0,186.0,fulfilled
5394,2892,1080,3,187.0,561.0,fulfilled
5395,2893,1083,1,265.0,265.0,fulfilled
5396,2893,1047,1,102.0,102.0,fulfilled
5397,2893,1132,1,296.0,296.0,fulfilled
5398,2893,1059,1,444.0,444.0,fulfilled
5399,2894,1069,1,313.0,313.0,substituted
5400,2894,1137,1,532.0,532.0,fulfilled
5401,2895,1140,2,240.0,480.0,fulfilled
5402,2895,1113,1,185.0,185.0,fulfilled
5403,2895,1093,2,288.0,576.0,fulfilled
5404,2895,1051,1,158.0,158.0,fulfilled
5405,2896,1140,1,240.0,240.0,fulfilled
5406,2897,1143,2,259.0,518.0,fulfilled
5407,2898,1124,1,482.0,482.0,fulfilled
5408,2898,1135,1,1063.0,1063.0,fulfilled
5409,2899,1063,1,165.0,165.0,fulfilled
5410,2900,1020,1,103.0,103.0,rejected_substitution
5411,2900,1117,2,61.0,122.0,fulfilled
5412,2900,1030,1,214.0,214.0,fulfilled
5413,2901,1037,1,116.0,116.0,fulfilled
5414,2902,1065,1,388.0,388.0,fulfilled
5415,2903,1088,1,240.0,240.0,fulfilled
5416,2904,1077,1,54.0,54.0,fulfilled
5417,2904,1005,1,155.0,155.0,fulfilled
5418,2905,1140,2,240.0,480.0,fulfilled
5419,2905,1059,1,444.0,444.0,fulfilled
5420,2906,1026,1,210.0,210.0,fulfilled
5421,2907,1046,2,31.0,62.0,fulfilled
5422,2907,1136,1,393.0,393.0,fulfilled
5423,2908,1027,2,44.0,88.0,fulfilled
5424,2909,1140,1,240.0,240.0,fulfilled
5425,2910,1076,2,312.0,624.0,fulfilled
5426,2911,1136,1,393.0,393.0,fulfilled
5427,2912,1062,1,59.0,59.0,fulfilled
5428,2913,1091,1,311.0,311.0,fulfilled
5429,2914,1015,1,115.0,115.0,fulfilled
5430,2914,1021,2,232.0,464.0,fulfilled
5431,2915,1015,1,115.0,115.0,fulfilled
5432,2916,1131,2,143.0,286.0,fulfilled
5433,2917,1034,1,70.0,70.0,fulfilled
5434,2917,1091,1,311.0,311.0,fulfilled
5435,2917,1022,2,240.0,480.0,rejected_substitution
5436,2918,1015,3,115.0,345.0,fulfilled
5437,2918,1068,1,270.0,270.0,substituted
5438,2918,1142,1,147.0,147.0,rejected_substitution
5439,2919,1112,1,610.0,610.0,fulfilled
5440,2920,1050,1,125.0,125.0,fulfilled
5441,2920,1112,1,610.0,610.0,fulfilled
5442,2921,1022,2,240.0,480.0,fulfilled
5443,2921,1140,1,240.0,240.0,fulfilled
5444,2922,1005,1,155.0,155.0,fulfilled
5445,2922,1068,2,270.0,540.0,fulfilled
5446,2923,1073,2,90.0,180.0,fulfilled
5447,2923,1096,1,251.0,251.0,fulfilled
5448,2924,1143,1,259.0,259.0,fulfilled
5449,2925,1001,1,36.0,36.0,fulfilled
5450,2926,1130,1,379.0,379.0,fulfilled
5451,2926,1087,2,341.0,682.0,fulfilled
5452,2926,1095,1,746.0,746.0,fulfilled
5453,2927,1028,1,311.0,311.0,fulfilled
5454,2927,1099,1,338.0,338.0,fulfilled
5455,2928,1017,2,198.0,396.0,fulfilled
5456,2928,1063,1,165.0,165.0,fulfilled
5457,2929,1019,1,224.0,224.0,substituted
5458,2929,1096,1,251.0,251.0,fulfilled
5459,2930,1136,1,393.0,393.0,fulfilled
5460,2930,1115,1,460.0,460.0,fulfilled
5461,2931,1118,1,93.0,93.0,fulfilled
5462,2932,1133,1,586.0,586.0,fulfilled
5463,2933,1086,3,62.0,186.0,fulfilled
5464,2934,1070,2,303.0,606.0,fulfilled
5465,2935,1142,1,147.0,147.0,fulfilled
5466,2936,1104,1,737.0,737.0,fulfilled
5467,2937,1019,1,224.0,224.0,substituted
5468,2937,1118,1,93.0,93.0,fulfilled
5469,2937,1128,1,207.0,207.0,rejected_substitution
5470,2938,1137,1,532.0,532.0,fulfilled
5471,2938,1058,1,84.0,84.0,fulfilled
5472,2938,1136,2,393.0,786.0,fulfilled
5473,2939,1048,1,136.0,136.0,fulfilled
5474,2939,1085,1,200.0,200.0,fulfilled
5475,2939,1088,1,240.0,240.0,fulfilled
5476,2940,1046,2,31.0,62.0,rejected_substitution
5477,2940,1141,1,664.0,664.0,fulfilled
5478,2941,1104,1,737.0,737.0,fulfilled
5479,2942,1070,1,303.0,303.0,fulfilled
5480,2943,1110,2,577.0,1154.0,fulfilled
5481,2944,1072,1,76.0,76.0,fulfilled
5482,2945,1075,1,161.0,161.0,fulfilled
5483,2945,1078,3,265.0,795.0,fulfilled
5484,2946,1025,1,175.0,175.0,fulfilled
5485,2946,1045,1,114.0,114.0,fulfilled
5486,2947,1049,2,59.0,118.0,fulfilled
5487,2947,1073,1,90.0,90.0,fulfilled
5488,2947,1066,1,203.0,203.0,fulfilled
5489,2947,1142,1,147.0,147.0,fulfilled
5490,2948,1080,1,187.0,187.0,fulfilled
5491,2948,1066,1,203.0,203.0,fulfilled
5492,2949,1019,1,224.0,224.0,fulfilled
5493,2950,1077,1,54.0,54.0,fulfilled
5494,2951,1054,1,49.0,49.0,fulfilled
5495,2952,1141,1,664.0,664.0,fulfilled
5496,2953,1081,1,37.0,37.0,fulfilled
5497,2954,1091,1,311.0,311.0,fulfilled
5498,2955,1051,1,158.0,158.0,fulfilled
5499,2956,1087,1,341.0,341.0,fulfilled
5500,2956,1132,1,296.0,296.0,fulfilled
5501,2956,1131,1,143.0,143.0,fulfilled
5502,2957,1127,1,633.0,633.0,fulfilled
5503,2957,1008,1,51.0,51.0,fulfilled
5504,2958,1070,1,303.0,303.0,fulfilled
5505,2959,1050,1,125.0,125.0,fulfilled
5506,2960,1045,1,114.0,114.0,fulfilled
5507,2960,1010,1,254.0,254.0,rejected_substitution
5508,2961,1129,2,649.0,1298.0,fulfilled
5509,2961,1086,2,62.0,124.0,fulfilled
5510,2961,1146,1,911.0,911.0,fulfilled
5511,2962,1067,1,275.0,275.0,fulfilled
5512,2962,1015,1,115.0,115.0,fulfilled
5513,2963,1109,1,413.0,413.0,fulfilled
5514,2963,1034,1,70.0,70.0,fulfilled
5515,2964,1065,2,388.0,776.0,fulfilled
5516,2965,1057,1,156.0,156.0,fulfilled
5517,2965,1015,2,115.0,230.0,fulfilled
5518,2965,1034,1,70.0,70.0,fulfilled
5519,2966,1022,2,240.0,480.0,fulfilled
5520,2966,1028,1,311.0,311.0,fulfilled
5521,2967,1025,1,175.0,175.0,fulfilled
5522,2968,1003,1,127.0,127.0,fulfilled
5523,2969,1053,1,37.0,37.0,substituted
5524,2970,1071,1,423.0,423.0,fulfilled
5525,2970,1050,2,125.0,250.0,fulfilled
5526,2970,1135,2,1063.0,2126.0,fulfilled
5527,2970,1144,1,438.0,438.0,fulfilled
5528,2971,1119,2,172.0,344.0,substituted
5529,2972,1066,1,203.0,203.0,fulfilled
5530,2973,1140,1,240.0,240.0,fulfilled
5531,2973,1091,1,311.0,311.0,fulfilled
5532,2973,1038,1,50.0,50.0,fulfilled
5533,2974,1050,2,125.0,250.0,fulfilled
5534,2975,1046,1,31.0,31.0,fulfilled
5535,2975,1136,1,393.0,393.0,fulfilled
5536,2975,1070,1,303.0,303.0,fulfilled
5537,2975,1061,2,310.0,620.0,fulfilled
5538,2976,1112,1,610.0,610.0,fulfilled
5539,2977,1007,1,108.0,108.0,fulfilled
5540,2977,1005,1,155.0,155.0,fulfilled
5541,2977,1141,1,664.0,664.0,fulfilled
5542,2978,1067,1,275.0,275.0,fulfilled
5543,2979,1051,1,158.0,158.0,fulfilled
5544,2980,1073,1,90.0,90.0,fulfilled
5545,2980,1085,2,200.0,400.0,substituted
5546,2980,1059,1,444.0,444.0,fulfilled
5547,2981,1041,2,309.0,618.0,fulfilled
5548,2982,1072,2,76.0,152.0,fulfilled
5549,2983,1132,1,296.0,296.0,fulfilled
5550,2983,1028,1,311.0,311.0,fulfilled
5551,2984,1054,1,49.0,49.0,fulfilled
5552,2984,1054,1,49.0,49.0,fulfilled
5553,2985,1095,1,746.0,746.0,fulfilled
5554,2986,1070,2,303.0,606.0,fulfilled
5555,2986,1143,1,259.0,259.0,fulfilled
5556,2987,1082,1,130.0,130.0,fulfilled
5557,2988,1093,1,288.0,288.0,fulfilled
5558,2988,1140,2,240.0,480.0,fulfilled
5559,2989,1078,1,265.0,265.0,fulfilled
5560,2990,1027,1,44.0,44.0,fulfilled
5561,2990,1054,1,49.0,49.0,fulfilled
5562,2991,1005,1,155.0,155.0,fulfilled
5563,2992,1126,1,376.0,376.0,fulfilled
5564,2993,1136,1,393.0,393.0,fulfilled
5565,2994,1013,2,97.0,194.0,fulfilled
5566,2994,1050,1,125.0,125.0,fulfilled
5567,2994,1018,1,177.0,177.0,fulfilled
5568,2995,1030,2,214.0,428.0,fulfilled
5569,2996,1140,2,240.0,480.0,fulfilled
5570,2997,1078,2,265.0,530.0,fulfilled
5571,2997,1128,1,207.0,207.0,fulfilled
5572,2997,1103,1,220.0,220.0,fulfilled
5573,2997,1132,1,296.0,296.0,fulfilled
5574,2997,1019,1,224.0,224.0,fulfilled
5575,2998,1015,1,115.0,115.0,fulfilled
5576,2999,1062,1,59.0,59.0,fulfilled
5577,2999,1069,1,313.0,313.0,fulfilled
5578,3000,1076,2,312.0,624.0,fulfilled
5579,3000,1103,2,220.0,440.0,fulfilled
5580,3000,1043,1,80.0,80.0,fulfilled
5581,3001,1011,1,221.0,221.0,substituted
5582,3002,1117,1,61.0,61.0,fulfilled
5583,3003,1024,1,236.0,236.0,substituted
5584,3004,1128,1,207.0,207.0,fulfilled
5585,3004,1131,1,143.0,143.0,rejected_substitution
5586,3004,1138,2,304.0,608.0,fulfilled
5587,3004,1129,2,649.0,1298.0,fulfilled
5588,3005,1005,1,155.0,155.0,fulfilled
5589,3005,1130,1,379.0,379.0,fulfilled
5590,3006,1031,1,159.0,159.0,fulfilled
5591,3006,1003,1,127.0,127.0,fulfilled
5592,3006,1128,2,207.0,414.0,fulfilled
5593,3006,1143,2,259.0,518.0,substituted
5594,3007,1053,1,37.0,37.0,fulfilled
5595,3008,1061,1,310.0,310.0,fulfilled
5596,3008,1108,2,398.0,796.0,fulfilled
5597,3009,1141,3,664.0,1992.0,fulfilled
5598,3010,1038,2,50.0,100.0,fulfilled
5599,3010,1146,1,911.0,911.0,fulfilled
5600,3011,1127,2,633.0,1266.0,fulfilled
5601,3012,1120,1,475.0,475.0,fulfilled
5602,3013,1135,1,1063.0,1063.0,out_of_stock_removed
5603,3013,1006,1,31.0,31.0,out_of_stock_removed
5604,3014,1128,2,207.0,414.0,fulfilled
5605,3014,1094,1,308.0,308.0,fulfilled
5606,3015,1053,2,37.0,74.0,fulfilled
5607,3016,1067,1,275.0,275.0,fulfilled
5608,3017,1009,2,169.0,338.0,fulfilled
5609,3018,1055,3,91.0,273.0,fulfilled
5610,3019,1040,2,74.0,148.0,rejected_substitution
5611,3020,1043,1,80.0,80.0,fulfilled
5612,3020,1085,2,200.0,400.0,fulfilled
5613,3020,1058,1,84.0,84.0,substituted
5614,3020,1117,1,61.0,61.0,fulfilled
5615,3021,1054,1,49.0,49.0,fulfilled
5616,3022,1072,1,76.0,76.0,fulfilled
5617,3022,1113,1,185.0,185.0,fulfilled
5618,3023,1015,1,115.0,115.0,fulfilled
5619,3023,1071,2,423.0,846.0,fulfilled
5620,3024,1046,2,31.0,62.0,rejected_substitution
5621,3024,1114,1,156.0,156.0,fulfilled
5622,3024,1003,2,127.0,254.0,fulfilled
5623,3025,1015,2,115.0,230.0,fulfilled
5624,3026,1136,1,393.0,393.0,fulfilled
5625,3026,1010,1,254.0,254.0,substituted
5626,3027,1128,1,207.0,207.0,fulfilled
5627,3028,1115,1,460.0,460.0,fulfilled
5628,3029,1001,2,36.0,72.0,fulfilled
5629,3029,1142,1,147.0,147.0,fulfilled
5630,3030,1115,1,460.0,460.0,fulfilled
5631,3031,1086,1,62.0,62.0,fulfilled
5632,3032,1036,2,58.0,116.0,fulfilled
5633,3033,1027,2,44.0,88.0,substituted
5634,3034,1002,2,186.0,372.0,fulfilled
5635,3034,1057,3,156.0,468.0,fulfilled
5636,3034,1030,1,214.0,214.0,substituted
5637,3034,1132,1,296.0,296.0,fulfilled
5638,3035,1015,1,115.0,115.0,fulfilled
5639,3035,1141,1,664.0,664.0,fulfilled
5640,3036,1142,1,147.0,147.0,fulfilled
5641,3037,1103,1,220.0,220.0,fulfilled
5642,3037,1046,3,31.0,93.0,fulfilled
5643,3038,1042,1,235.0,235.0,fulfilled
5644,3038,1062,3,59.0,177.0,fulfilled
5645,3039,1043,1,80.0,80.0,fulfilled
5646,3039,1127,2,633.0,1266.0,fulfilled
5647,3040,1082,1,130.0,130.0,rejected_substitution
5648,3041,1141,1,664.0,664.0,fulfilled
5649,3042,1058,1,84.0,84.0,fulfilled
5650,3042,1092,1,327.0,327.0,fulfilled
5651,3043,1115,1,460.0,460.0,fulfilled
5652,3044,1035,1,297.0,297.0,fulfilled
5653,3044,1144,1,438.0,438.0,fulfilled
5654,3044,1068,3,270.0,810.0,fulfilled
5655,3045,1102,2,887.0,1774.0,fulfilled
5656,3046,1103,1,220.0,220.0,fulfilled
5657,3046,1047,2,102.0,204.0,fulfilled
5658,3046,1046,1,31.0,31.0,fulfilled
5659,3046,1015,1,115.0,115.0,fulfilled
5660,3047,1070,1,303.0,303.0,fulfilled
5661,3047,1104,1,737.0,737.0,fulfilled
5662,3048,1042,1,235.0,235.0,rejected_substitution
5663,3049,1091,1,311.0,311.0,fulfilled
5664,3050,1109,2,413.0,826.0,fulfilled
5665,3051,1005,1,155.0,155.0,fulfilled
5666,3052,1128,1,207.0,207.0,substituted
5667,3052,1086,2,62.0,124.0,substituted
5668,3053,1060,2,211.0,422.0,fulfilled
5669,3053,1001,1,36.0,36.0,fulfilled
5670,3054,1133,2,586.0,1172.0,fulfilled
5671,3054,1005,1,155.0,155.0,fulfilled
5672,3055,1125,3,667.0,2001.0,fulfilled
5673,3056,1143,2,259.0,518.0,fulfilled
5674,3057,1132,1,296.0,296.0,fulfilled
5675,3058,1141,2,664.0,1328.0,fulfilled
5676,3058,1091,2,311.0,622.0,fulfilled
5677,3058,1128,1,207.0,207.0,fulfilled
5678,3059,1094,2,308.0,616.0,fulfilled
5679,3060,1012,1,192.0,192.0,fulfilled
5680,3060,1117,1,61.0,61.0,fulfilled
5681,3060,1027,1,44.0,44.0,fulfilled
5682,3061,1131,1,143.0,143.0,fulfilled
5683,3061,1032,1,173.0,173.0,fulfilled
5684,3061,1143,2,259.0,518.0,substituted
5685,3062,1015,2,115.0,230.0,fulfilled
5686,3062,1043,1,80.0,80.0,fulfilled
5687,3063,1106,3,337.0,1011.0,fulfilled
5688,3064,1080,1,187.0,187.0,rejected_substitution
5689,3065,1080,1,187.0,187.0,fulfilled
5690,3066,1067,1,275.0,275.0,fulfilled
5691,3066,1085,1,200.0,200.0,fulfilled
5692,3066,1060,1,211.0,211.0,fulfilled
5693,3067,1005,1,155.0,155.0,fulfilled
5694,3067,1071,1,423.0,423.0,fulfilled
5695,3067,1022,1,240.0,240.0,fulfilled
5696,3068,1018,1,177.0,177.0,fulfilled
5697,3068,1105,3,623.0,1869.0,fulfilled
5698,3068,1090,1,305.0,305.0,fulfilled
5699,3068,1085,2,200.0,400.0,fulfilled
5700,3068,1063,1,165.0,165.0,fulfilled
5701,3069,1024,1,236.0,236.0,fulfilled
5702,3070,1022,1,240.0,240.0,rejected_substitution
5703,3070,1054,1,49.0,49.0,fulfilled
5704,3071,1047,1,102.0,102.0,substituted
5705,3071,1056,1,180.0,180.0,fulfilled
5706,3071,1141,2,664.0,1328.0,fulfilled
5707,3072,1136,1,393.0,393.0,substituted
5708,3073,1131,1,143.0,143.0,fulfilled
5709,3073,1128,2,207.0,414.0,fulfilled
5710,3073,1140,1,240.0,240.0,fulfilled
5711,3073,1136,1,393.0,393.0,fulfilled
5712,3074,1015,3,115.0,345.0,fulfilled
5713,3075,1023,1,87.0,87.0,fulfilled
5714,3075,1005,1,155.0,155.0,fulfilled
5715,3076,1139,1,83.0,83.0,fulfilled
5716,3076,1141,2,664.0,1328.0,fulfilled
5717,3077,1005,2,155.0,310.0,fulfilled
5718,3077,1072,2,76.0,152.0,rejected_substitution
5719,3078,1141,2,664.0,1328.0,fulfilled
5720,3078,1020,3,103.0,309.0,fulfilled
5721,3078,1051,1,158.0,158.0,fulfilled
5722,3078,1143,1,259.0,259.0,fulfilled
5723,3079,1100,1,548.0,548.0,fulfilled
5724,3080,1067,2,275.0,550.0,fulfilled
5725,3080,1128,2,207.0,414.0,fulfilled
5726,3080,1073,1,90.0,90.0,fulfilled
5727,3081,1101,3,561.0,1683.0,fulfilled
5728,3082,1142,2,147.0,294.0,fulfilled
5729,3083,1015,1,115.0,115.0,out_of_stock_removed
5730,3083,1024,1,236.0,236.0,substituted
5731,3084,1128,2,207.0,414.0,fulfilled
5732,3084,1116,1,486.0,486.0,fulfilled
5733,3085,1096,2,251.0,502.0,fulfilled
5734,3085,1141,1,664.0,664.0,fulfilled
5735,3085,1066,2,203.0,406.0,fulfilled
5736,3086,1128,1,207.0,207.0,fulfilled
5737,3086,1056,1,180.0,180.0,fulfilled
5738,3086,1142,1,147.0,147.0,fulfilled
5739,3087,1113,1,185.0,185.0,out_of_stock_removed
5740,3088,1141,3,664.0,1992.0,fulfilled
5741,3089,1071,3,423.0,1269.0,fulfilled
5742,3089,1014,1,94.0,94.0,fulfilled
5743,3089,1128,1,207.0,207.0,fulfilled
5744,3090,1146,1,911.0,911.0,rejected_substitution
5745,3091,1047,1,102.0,102.0,fulfilled
5746,3092,1132,1,296.0,296.0,fulfilled
5747,3093,1103,1,220.0,220.0,fulfilled
5748,3093,1038,1,50.0,50.0,rejected_substitution
5749,3093,1013,2,97.0,194.0,fulfilled
5750,3094,1136,2,393.0,786.0,fulfilled
5751,3095,1024,1,236.0,236.0,fulfilled
5752,3095,1117,1,61.0,61.0,fulfilled
5753,3096,1063,1,165.0,165.0,fulfilled
5754,3096,1024,2,236.0,472.0,fulfilled
5755,3096,1046,1,31.0,31.0,rejected_substitution
5756,3096,1141,1,664.0,664.0,fulfilled
5757,3096,1072,1,76.0,76.0,fulfilled
5758,3097,1102,1,887.0,887.0,fulfilled
5759,3097,1072,1,76.0,76.0,fulfilled
5760,3098,1128,2,207.0,414.0,fulfilled
5761,3098,1094,1,308.0,308.0,fulfilled
5762,3099,1117,2,61.0,122.0,fulfilled
5763,3099,1027,1,44.0,44.0,fulfilled
5764,3099,1007,2,108.0,216.0,fulfilled
5765,3100,1143,1,259.0,259.0,fulfilled
5766,3100,1035,1,297.0,297.0,rejected_substitution
5767,3101,1068,1,270.0,270.0,fulfilled
5768,3101,1132,1,296.0,296.0,fulfilled
5769,3102,1113,1,185.0,185.0,fulfilled
5770,3103,1066,2,203.0,406.0,fulfilled
5771,3103,1087,1,341.0,341.0,fulfilled
5772,3104,1063,2,165.0,330.0,fulfilled
5773,3105,1136,1,393.0,393.0,fulfilled
5774,3106,1111,1,60.0,60.0,fulfilled
5775,3107,1124,1,482.0,482.0,fulfilled
5776,3108,1015,1,115.0,115.0,out_of_stock_removed
5777,3108,1092,1,327.0,327.0,fulfilled
5778,3108,1057,1,156.0,156.0,substituted
5779,3109,1116,1,486.0,486.0,fulfilled
5780,3109,1141,1,664.0,664.0,fulfilled
5781,3109,1028,1,311.0,311.0,fulfilled
5782,3110,1143,2,259.0,518.0,fulfilled
5783,3111,1072,1,76.0,76.0,fulfilled
5784,3111,1131,1,143.0,143.0,rejected_substitution
5785,3111,1128,1,207.0,207.0,fulfilled
5786,3111,1012,2,192.0,384.0,fulfilled
5787,3111,1076,1,312.0,312.0,fulfilled
5788,3112,1043,1,80.0,80.0,fulfilled
5789,3113,1080,1,187.0,187.0,fulfilled
5790,3113,1026,2,210.0,420.0,out_of_stock_removed
5791,3113,1018,2,177.0,354.0,fulfilled
5792,3114,1082,2,130.0,260.0,fulfilled
5793,3115,1030,3,214.0,642.0,fulfilled
5794,3115,1141,2,664.0,1328.0,fulfilled
5795,3116,1055,1,91.0,91.0,fulfilled
5796,3116,1022,1,240.0,240.0,fulfilled
5797,3116,1089,1,154.0,154.0,fulfilled
5798,3117,1019,1,224.0,224.0,fulfilled
5799,3117,1145,1,1144.0,1144.0,fulfilled
5800,3118,1050,1,125.0,125.0,fulfilled
5801,3118,1128,1,207.0,207.0,fulfilled
5802,3119,1038,2,50.0,100.0,fulfilled
5803,3119,1031,2,159.0,318.0,fulfilled
5804,3120,1082,1,130.0,130.0,fulfilled
5805,3120,1055,1,91.0,91.0,fulfilled
5806,3121,1094,2,308.0,616.0,fulfilled
5807,3122,1093,1,288.0,288.0,fulfilled
5808,3123,1035,3,297.0,891.0,fulfilled
5809,3123,1112,1,610.0,610.0,fulfilled
5810,3124,1091,1,311.0,311.0,fulfilled
5811,3124,1070,1,303.0,303.0,fulfilled
5812,3125,1024,1,236.0,236.0,fulfilled
5813,3126,1015,1,115.0,115.0,fulfilled
5814,3126,1038,1,50.0,50.0,fulfilled
5815,3127,1080,3,187.0,561.0,fulfilled
5816,3128,1005,1,155.0,155.0,fulfilled
5817,3129,1015,1,115.0,115.0,fulfilled
5818,3129,1130,1,379.0,379.0,fulfilled
5819,3129,1043,1,80.0,80.0,fulfilled
5820,3129,1136,2,393.0,786.0,fulfilled
5821,3129,1057,2,156.0,312.0,fulfilled
5822,3130,1141,1,664.0,664.0,fulfilled
5823,3130,1136,1,393.0,393.0,substituted
5824,3131,1091,2,311.0,622.0,fulfilled
5825,3131,1091,1,311.0,311.0,fulfilled
5826,3132,1101,3,561.0,1683.0,fulfilled
5827,3133,1126,2,376.0,752.0,fulfilled
5828,3133,1044,2,30.0,60.0,rejected_substitution
5829,3133,1038,1,50.0,50.0,fulfilled
5830,3134,1009,1,169.0,169.0,fulfilled
5831,3135,1102,2,887.0,1774.0,fulfilled
5832,3135,1140,2,240.0,480.0,fulfilled
5833,3136,1136,2,393.0,786.0,substituted
5834,3136,1013,1,97.0,97.0,fulfilled
5835,3137,1141,1,664.0,664.0,fulfilled
5836,3137,1015,1,115.0,115.0,fulfilled
5837,3138,1044,1,30.0,30.0,fulfilled
5838,3138,1060,1,211.0,211.0,fulfilled
5839,3139,1137,2,532.0,1064.0,fulfilled
5840,3140,1078,1,265.0,265.0,fulfilled
5841,3140,1003,1,127.0,127.0,fulfilled
5842,3141,1094,2,308.0,616.0,fulfilled
5843,3142,1005,1,155.0,155.0,fulfilled
5844,3143,1137,2,532.0,1064.0,fulfilled
5845,3144,1111,1,60.0,60.0,fulfilled
5846,3144,1003,3,127.0,381.0,fulfilled
5847,3144,1121,1,549.0,549.0,fulfilled
5848,3145,1102,1,887.0,887.0,fulfilled
5849,3145,1085,1,200.0,200.0,fulfilled
5850,3146,1070,1,303.0,303.0,fulfilled
5851,3146,1029,2,238.0,476.0,substituted
5852,3146,1136,1,393.0,393.0,fulfilled
5853,3146,1072,1,76.0,76.0,fulfilled
5854,3147,1144,1,438.0,438.0,fulfilled
5855,3147,1110,1,577.0,577.0,fulfilled
5856,3148,1069,3,313.0,939.0,fulfilled
5857,3149,1114,1,156.0,156.0,fulfilled
5858,3150,1015,2,115.0,230.0,fulfilled
5859,3150,1061,1,310.0,310.0,substituted
5860,3150,1111,1,60.0,60.0,fulfilled
5861,3151,1117,2,61.0,122.0,fulfilled
5862,3151,1005,1,155.0,155.0,fulfilled
5863,3152,1015,1,115.0,115.0,fulfilled
5864,3153,1120,2,475.0,950.0,fulfilled
5865,3154,1136,1,393.0,393.0,fulfilled
5866,3154,1036,1,58.0,58.0,fulfilled
5867,3154,1138,2,304.0,608.0,fulfilled
5868,3154,1132,2,296.0,592.0,fulfilled
5869,3155,1140,1,240.0,240.0,fulfilled
5870,3155,1136,1,393.0,393.0,fulfilled
5871,3156,1066,1,203.0,203.0,fulfilled
5872,3157,1124,2,482.0,964.0,fulfilled
5873,3158,1015,1,115.0,115.0,out_of_stock_removed
5874,3158,1047,2,102.0,204.0,fulfilled
5875,3159,1053,1,37.0,37.0,fulfilled
5876,3159,1140,2,240.0,480.0,fulfilled
5877,3160,1073,1,90.0,90.0,fulfilled
5878,3160,1129,2,649.0,1298.0,fulfilled
5879,3160,1085,3,200.0,600.0,fulfilled
5880,3161,1066,2,203.0,406.0,fulfilled
5881,3162,1070,1,303.0,303.0,fulfilled
5882,3163,1143,2,259.0,518.0,fulfilled
5883,3163,1075,1,161.0,161.0,fulfilled
5884,3163,1123,1,208.0,208.0,fulfilled
5885,3164,1132,2,296.0,592.0,fulfilled
5886,3165,1009,1,169.0,169.0,fulfilled
5887,3166,1125,1,667.0,667.0,fulfilled
5888,3166,1029,2,238.0,476.0,fulfilled
5889,3166,1128,2,207.0,414.0,fulfilled
5890,3166,1019,1,224.0,224.0,rejected_substitution
5891,3166,1135,2,1063.0,2126.0,fulfilled
5892,3167,1048,2,136.0,272.0,fulfilled
5893,3168,1096,1,251.0,251.0,fulfilled
5894,3169,1024,2,236.0,472.0,fulfilled
5895,3169,1128,1,207.0,207.0,fulfilled
5896,3170,1136,1,393.0,393.0,fulfilled
5897,3171,1050,1,125.0,125.0,fulfilled
5898,3171,1132,2,296.0,592.0,fulfilled
5899,3172,1112,1,610.0,610.0,fulfilled
5900,3172,1113,1,185.0,185.0,fulfilled
5901,3172,1080,1,187.0,187.0,fulfilled
5902,3173,1089,2,154.0,308.0,fulfilled
5903,3173,1128,1,207.0,207.0,fulfilled
5904,3173,1005,1,155.0,155.0,fulfilled
5905,3174,1063,1,165.0,165.0,fulfilled
5906,3175,1040,1,74.0,74.0,fulfilled
5907,3175,1056,1,180.0,180.0,fulfilled
5908,3176,1141,2,664.0,1328.0,fulfilled
5909,3177,1094,1,308.0,308.0,fulfilled
5910,3177,1005,1,155.0,155.0,fulfilled
5911,3177,1070,2,303.0,606.0,fulfilled
5912,3178,1022,2,240.0,480.0,fulfilled
5913,3178,1137,1,532.0,532.0,fulfilled
5914,3179,1025,1,175.0,175.0,fulfilled
5915,3180,1024,1,236.0,236.0,substituted
5916,3180,1120,1,475.0,475.0,fulfilled
5917,3180,1132,1,296.0,296.0,fulfilled
5918,3180,1064,1,255.0,255.0,fulfilled
5919,3181,1127,2,633.0,1266.0,fulfilled
5920,3181,1015,3,115.0,345.0,fulfilled
5921,3182,1140,1,240.0,240.0,fulfilled
5922,3182,1023,1,87.0,87.0,fulfilled
5923,3183,1143,2,259.0,518.0,fulfilled
5924,3183,1142,1,147.0,147.0,fulfilled
5925,3184,1141,1,664.0,664.0,fulfilled
5926,3185,1015,1,115.0,115.0,fulfilled
5927,3185,1023,2,87.0,174.0,fulfilled
5928,3185,1077,2,54.0,108.0,out_of_stock_removed
5929,3186,1049,1,59.0,59.0,fulfilled
5930,3187,1005,1,155.0,155.0,fulfilled
5931,3187,1015,1,115.0,115.0,fulfilled
5932,3187,1058,2,84.0,168.0,fulfilled
5933,3188,1007,2,108.0,216.0,fulfilled
5934,3189,1117,1,61.0,61.0,fulfilled
5935,3190,1007,1,108.0,108.0,fulfilled
5936,3191,1063,2,165.0,330.0,fulfilled
5937,3191,1098,1,599.0,599.0,fulfilled
5938,3192,1041,3,309.0,927.0,fulfilled
5939,3192,1101,2,561.0,1122.0,fulfilled
5940,3193,1092,1,327.0,327.0,fulfilled
5941,3193,1141,1,664.0,664.0,fulfilled
5942,3194,1141,3,664.0,1992.0,fulfilled
5943,3195,1103,1,220.0,220.0,fulfilled
5944,3196,1050,1,125.0,125.0,fulfilled
5945,3196,1131,1,143.0,143.0,fulfilled
5946,3196,1038,1,50.0,50.0,fulfilled
5947,3196,1031,1,159.0,159.0,fulfilled
5948,3196,1001,1,36.0,36.0,fulfilled
5949,3197,1030,3,214.0,642.0,fulfilled
5950,3197,1140,1,240.0,240.0,fulfilled
5951,3198,1050,1,125.0,125.0,substituted
5952,3199,1131,1,143.0,143.0,fulfilled
5953,3199,1009,1,169.0,169.0,fulfilled
5954,3199,1061,1,310.0,310.0,rejected_substitution
5955,3200,1005,2,155.0,310.0,out_of_stock_removed
5956,3201,1012,1,192.0,192.0,substituted
5957,3201,1037,1,116.0,116.0,out_of_stock_removed
5958,3201,1143,1,259.0,259.0,fulfilled
5959,3202,1051,1,158.0,158.0,fulfilled
5960,3203,1018,1,177.0,177.0,fulfilled
5961,3203,1101,3,561.0,1683.0,fulfilled
5962,3203,1136,1,393.0,393.0,substituted
5963,3203,1001,3,36.0,108.0,fulfilled
5964,3204,1046,1,31.0,31.0,fulfilled
5965,3205,1071,2,423.0,846.0,fulfilled
5966,3206,1015,1,115.0,115.0,out_of_stock_removed
5967,3206,1050,1,125.0,125.0,fulfilled
5968,3207,1091,1,311.0,311.0,fulfilled
5969,3208,1079,1,90.0,90.0,fulfilled
5970,3209,1056,1,180.0,180.0,fulfilled
5971,3210,1140,1,240.0,240.0,fulfilled
5972,3210,1022,2,240.0,480.0,fulfilled
5973,3210,1113,1,185.0,185.0,out_of_stock_removed
5974,3211,1117,1,61.0,61.0,fulfilled
5975,3212,1020,1,103.0,103.0,fulfilled
5976,3212,1103,1,220.0,220.0,fulfilled
5977,3213,1041,1,309.0,309.0,fulfilled
5978,3214,1132,1,296.0,296.0,substituted
5979,3214,1126,1,376.0,376.0,out_of_stock_removed
5980,3214,1038,1,50.0,50.0,fulfilled
5981,3215,1071,1,423.0,423.0,fulfilled
5982,3215,1015,2,115.0,230.0,out_of_stock_removed
5983,3216,1094,1,308.0,308.0,fulfilled
5984,3216,1015,1,115.0,115.0,fulfilled
5985,3217,1089,1,154.0,154.0,fulfilled
5986,3218,1015,1,115.0,115.0,fulfilled
5987,3219,1129,2,649.0,1298.0,fulfilled
5988,3219,1030,1,214.0,214.0,fulfilled
5989,3220,1143,1,259.0,259.0,fulfilled
5990,3221,1014,1,94.0,94.0,fulfilled
5991,3221,1046,1,31.0,31.0,substituted
5992,3222,1141,1,664.0,664.0,fulfilled
5993,3223,1140,2,240.0,480.0,fulfilled
5994,3223,1136,1,393.0,393.0,fulfilled
5995,3223,1086,1,62.0,62.0,fulfilled
5996,3224,1080,1,187.0,187.0,fulfilled
5997,3224,1131,1,143.0,143.0,fulfilled
5998,3225,1088,2,240.0,480.0,fulfilled
5999,3226,1017,1,198.0,198.0,out_of_stock_removed
6000,3227,1004,3,36.0,108.0,substituted
6001,3228,1070,2,303.0,606.0,fulfilled
6002,3228,1048,1,136.0,136.0,fulfilled
6003,3229,1137,2,532.0,1064.0,fulfilled
6004,3229,1118,2,93.0,186.0,fulfilled
6005,3230,1098,2,599.0,1198.0,fulfilled
6006,3231,1085,1,200.0,200.0,fulfilled
6007,3231,1144,1,438.0,438.0,fulfilled
6008,3232,1015,2,115.0,230.0,out_of_stock_removed
6009,3233,1125,1,667.0,667.0,fulfilled
6010,3233,1119,1,172.0,172.0,fulfilled
6011,3234,1141,2,664.0,1328.0,fulfilled
6012,3234,1124,1,482.0,482.0,fulfilled
6013,3234,1115,2,460.0,920.0,fulfilled
6014,3235,1015,1,115.0,115.0,out_of_stock_removed
6015,3236,1046,1,31.0,31.0,substituted
6016,3237,1130,1,379.0,379.0,fulfilled
6017,3237,1013,1,97.0,97.0,fulfilled
6018,3237,1096,2,251.0,502.0,fulfilled
6019,3237,1027,1,44.0,44.0,substituted
6020,3237,1046,1,31.0,31.0,fulfilled
6021,3238,1123,2,208.0,416.0,fulfilled
6022,3239,1126,1,376.0,376.0,fulfilled
6023,3239,1136,1,393.0,393.0,fulfilled
6024,3239,1041,1,309.0,309.0,fulfilled
6025,3239,1021,1,232.0,232.0,fulfilled
6026,3240,1041,2,309.0,618.0,fulfilled
6027,3240,1067,2,275.0,550.0,fulfilled
6028,3241,1080,1,187.0,187.0,fulfilled
6029,3242,1060,2,211.0,422.0,fulfilled
6030,3243,1031,1,159.0,159.0,substituted
6031,3243,1036,3,58.0,174.0,fulfilled
6032,3244,1039,1,182.0,182.0,fulfilled
6033,3244,1047,2,102.0,204.0,fulfilled
6034,3244,1067,1,275.0,275.0,fulfilled
6035,3245,1070,1,303.0,303.0,fulfilled
6036,3246,1022,1,240.0,240.0,fulfilled
6037,3246,1053,2,37.0,74.0,fulfilled
6038,3247,1006,1,31.0,31.0,fulfilled
6039,3248,1137,1,532.0,532.0,fulfilled
6040,3249,1015,2,115.0,230.0,fulfilled
6041,3249,1091,1,311.0,311.0,fulfilled
6042,3250,1142,1,147.0,147.0,fulfilled
6043,3251,1087,1,341.0,341.0,fulfilled
6044,3251,1073,2,90.0,180.0,fulfilled
6045,3251,1111,2,60.0,120.0,fulfilled
6046,3252,1047,1,102.0,102.0,fulfilled
6047,3252,1008,1,51.0,51.0,rejected_substitution
6048,3252,1048,1,136.0,136.0,fulfilled
6049,3253,1029,2,238.0,476.0,fulfilled
6050,3253,1069,2,313.0,626.0,fulfilled
6051,3254,1043,1,80.0,80.0,fulfilled
6052,3254,1132,1,296.0,296.0,fulfilled
6053,3255,1057,1,156.0,156.0,substituted
6054,3256,1136,1,393.0,393.0,fulfilled
6055,3257,1027,1,44.0,44.0,fulfilled
6056,3258,1056,1,180.0,180.0,fulfilled
6057,3259,1077,1,54.0,54.0,fulfilled
6058,3259,1106,1,337.0,337.0,fulfilled
6059,3259,1015,1,115.0,115.0,out_of_stock_removed
6060,3260,1132,1,296.0,296.0,fulfilled
6061,3261,1113,1,185.0,185.0,fulfilled
6062,3261,1005,1,155.0,155.0,fulfilled
6063,3261,1127,1,633.0,633.0,fulfilled
6064,3262,1132,1,296.0,296.0,fulfilled
6065,3262,1030,2,214.0,428.0,fulfilled
6066,3262,1128,1,207.0,207.0,rejected_substitution
6067,3263,1033,1,282.0,282.0,substituted
6068,3263,1057,2,156.0,312.0,fulfilled
6069,3263,1015,2,115.0,230.0,fulfilled
6070,3263,1114,3,156.0,468.0,fulfilled
6071,3264,1085,1,200.0,200.0,fulfilled
6072,3264,1117,2,61.0,122.0,fulfilled
6073,3265,1015,1,115.0,115.0,fulfilled
6074,3266,1044,1,30.0,30.0,fulfilled
6075,3266,1117,2,61.0,122.0,fulfilled
6076,3266,1070,1,303.0,303.0,fulfilled
6077,3267,1030,1,214.0,214.0,fulfilled
6078,3267,1132,1,296.0,296.0,fulfilled
6079,3268,1114,1,156.0,156.0,fulfilled
6080,3268,1054,1,49.0,49.0,fulfilled
6081,3268,1072,2,76.0,152.0,fulfilled
6082,3269,1001,2,36.0,72.0,fulfilled
6083,3270,1007,1,108.0,108.0,fulfilled
6084,3271,1070,1,303.0,303.0,fulfilled
6085,3272,1132,3,296.0,888.0,fulfilled
6086,3272,1128,1,207.0,207.0,fulfilled
6087,3273,1125,2,667.0,1334.0,fulfilled
6088,3273,1053,1,37.0,37.0,fulfilled
6089,3273,1096,1,251.0,251.0,fulfilled
6090,3274,1075,1,161.0,161.0,fulfilled
6091,3275,1141,1,664.0,664.0,fulfilled
6092,3275,1015,1,115.0,115.0,fulfilled
6093,3276,1101,1,561.0,561.0,fulfilled
6094,3276,1143,1,259.0,259.0,fulfilled
6095,3277,1132,1,296.0,296.0,fulfilled
6096,3278,1106,1,337.0,337.0,fulfilled
6097,3279,1038,1,50.0,50.0,fulfilled
6098,3279,1099,1,338.0,338.0,fulfilled
6099,3280,1141,1,664.0,664.0,fulfilled
6100,3281,1102,2,887.0,1774.0,fulfilled
6101,3281,1124,2,482.0,964.0,fulfilled
6102,3281,1114,1,156.0,156.0,fulfilled
6103,3282,1057,1,156.0,156.0,rejected_substitution
6104,3283,1001,1,36.0,36.0,fulfilled
6105,3283,1007,1,108.0,108.0,fulfilled
6106,3284,1072,2,76.0,152.0,fulfilled
6107,3285,1145,2,1144.0,2288.0,fulfilled
6108,3285,1082,1,130.0,130.0,rejected_substitution
6109,3285,1013,1,97.0,97.0,fulfilled
6110,3285,1055,1,91.0,91.0,substituted
6111,3286,1136,1,393.0,393.0,fulfilled
6112,3287,1141,2,664.0,1328.0,fulfilled
6113,3287,1008,2,51.0,102.0,fulfilled
6114,3287,1070,1,303.0,303.0,fulfilled
6115,3287,1080,2,187.0,374.0,fulfilled
6116,3288,1120,2,475.0,950.0,fulfilled
6117,3288,1135,1,1063.0,1063.0,fulfilled
6118,3288,1050,1,125.0,125.0,fulfilled
6119,3288,1089,1,154.0,154.0,fulfilled
6120,3289,1089,2,154.0,308.0,fulfilled
6121,3290,1019,1,224.0,224.0,fulfilled
6122,3290,1071,1,423.0,423.0,fulfilled
6123,3291,1140,1,240.0,240.0,substituted
6124,3291,1111,1,60.0,60.0,fulfilled
6125,3291,1061,3,310.0,930.0,fulfilled
6126,3292,1141,2,664.0,1328.0,fulfilled
6127,3293,1127,1,633.0,633.0,fulfilled
6128,3293,1016,1,179.0,179.0,rejected_substitution
6129,3293,1128,1,207.0,207.0,fulfilled
6130,3294,1024,1,236.0,236.0,fulfilled
6131,3295,1015,1,115.0,115.0,fulfilled
6132,3296,1015,1,115.0,115.0,fulfilled
6133,3296,1072,1,76.0,76.0,fulfilled
6134,3296,1142,1,147.0,147.0,fulfilled
6135,3297,1131,1,143.0,143.0,fulfilled
6136,3298,1068,1,270.0,270.0,substituted
6137,3298,1101,1,561.0,561.0,fulfilled
6138,3299,1143,1,259.0,259.0,fulfilled
6139,3299,1081,1,37.0,37.0,fulfilled
6140,3300,1037,1,116.0,116.0,out_of_stock_removed
6141,3300,1015,1,115.0,115.0,fulfilled
6142,3301,1062,2,59.0,118.0,fulfilled
6143,3302,1042,1,235.0,235.0,substituted
6144,3303,1062,1,59.0,59.0,fulfilled
6145,3303,1097,2,336.0,672.0,fulfilled
6146,3303,1072,1,76.0,76.0,fulfilled
6147,3304,1131,1,143.0,143.0,fulfilled
6148,3305,1111,3,60.0,180.0,fulfilled
6149,3306,1132,1,296.0,296.0,fulfilled
6150,3307,1084,1,45.0,45.0,out_of_stock_removed
6151,3307,1143,1,259.0,259.0,fulfilled
6152,3307,1128,1,207.0,207.0,fulfilled
6153,3307,1041,3,309.0,927.0,fulfilled
6154,3308,1090,2,305.0,610.0,fulfilled
6155,3308,1064,1,255.0,255.0,fulfilled
6156,3308,1090,2,305.0,610.0,fulfilled
6157,3309,1130,1,379.0,379.0,rejected_substitution
6158,3309,1005,1,155.0,155.0,fulfilled
6159,3310,1003,1,127.0,127.0,fulfilled
6160,3310,1043,2,80.0,160.0,fulfilled
6161,3311,1131,1,143.0,143.0,fulfilled
6162,3312,1136,1,393.0,393.0,fulfilled
6163,3312,1089,1,154.0,154.0,fulfilled
6164,3312,1038,1,50.0,50.0,fulfilled
6165,3313,1143,1,259.0,259.0,fulfilled
6166,3313,1141,3,664.0,1992.0,fulfilled
6167,3314,1021,1,232.0,232.0,fulfilled
6168,3315,1136,2,393.0,786.0,fulfilled
6169,3316,1005,1,155.0,155.0,out_of_stock_removed
6170,3317,1007,1,108.0,108.0,fulfilled
6171,3317,1141,1,664.0,664.0,fulfilled
6172,3317,1131,1,143.0,143.0,fulfilled
6173,3318,1090,1,305.0,305.0,fulfilled
6174,3319,1082,1,130.0,130.0,fulfilled
6175,3320,1129,1,649.0,649.0,substituted
6176,3320,1117,1,61.0,61.0,fulfilled
6177,3321,1010,1,254.0,254.0,fulfilled
6178,3322,1055,2,91.0,182.0,fulfilled
6179,3323,1078,1,265.0,265.0,substituted
6180,3324,1103,2,220.0,440.0,fulfilled
6181,3324,1046,2,31.0,62.0,rejected_substitution
6182,3325,1061,1,310.0,310.0,fulfilled
6183,3326,1114,2,156.0,312.0,fulfilled
6184,3327,1071,2,423.0,846.0,fulfilled
6185,3327,1019,1,224.0,224.0,fulfilled
6186,3328,1014,1,94.0,94.0,fulfilled
6187,3328,1072,3,76.0,228.0,fulfilled
6188,3329,1131,1,143.0,143.0,fulfilled
6189,3330,1141,1,664.0,664.0,fulfilled
6190,3330,1113,3,185.0,555.0,out_of_stock_removed
6191,3331,1036,1,58.0,58.0,fulfilled
6192,3332,1102,2,887.0,1774.0,fulfilled
6193,3333,1093,1,288.0,288.0,fulfilled
6194,3334,1078,1,265.0,265.0,fulfilled
6195,3335,1086,1,62.0,62.0,fulfilled
6196,3336,1016,1,179.0,179.0,fulfilled
6197,3336,1015,2,115.0,230.0,out_of_stock_removed
6198,3336,1129,2,649.0,1298.0,fulfilled
6199,3337,1086,1,62.0,62.0,fulfilled
6200,3338,1141,1,664.0,664.0,fulfilled
6201,3338,1023,1,87.0,87.0,substituted
6202,3339,1115,1,460.0,460.0,fulfilled
6203,3340,1096,2,251.0,502.0,fulfilled
6204,3340,1071,1,423.0,423.0,fulfilled
6205,3340,1110,2,577.0,1154.0,rejected_substitution
6206,3340,1140,2,240.0,480.0,fulfilled
6207,3340,1108,1,398.0,398.0,fulfilled
6208,3341,1139,1,83.0,83.0,fulfilled
6209,3341,1019,1,224.0,224.0,fulfilled
6210,3342,1091,1,311.0,311.0,fulfilled
6211,3342,1029,2,238.0,476.0,substituted
6212,3342,1013,1,97.0,97.0,fulfilled
6213,3343,1021,2,232.0,464.0,fulfilled
6214,3343,1126,3,376.0,1128.0,out_of_stock_removed
6215,3344,1085,2,200.0,400.0,fulfilled
6216,3344,1116,2,486.0,972.0,fulfilled
6217,3344,1131,1,143.0,143.0,fulfilled
6218,3345,1084,2,45.0,90.0,out_of_stock_removed
6219,3345,1090,1,305.0,305.0,fulfilled
6220,3346,1103,1,220.0,220.0,fulfilled
6221,3347,1015,1,115.0,115.0,out_of_stock_removed
6222,3347,1015,1,115.0,115.0,out_of_stock_removed
6223,3347,1082,1,130.0,130.0,rejected_substitution
6224,3347,1103,2,220.0,440.0,fulfilled
6225,3348,1015,2,115.0,230.0,fulfilled
6226,3349,1115,1,460.0,460.0,fulfilled
6227,3350,1121,1,549.0,549.0,fulfilled
6228,3351,1125,1,667.0,667.0,fulfilled
6229,3351,1082,1,130.0,130.0,fulfilled
6230,3351,1132,1,296.0,296.0,fulfilled
6231,3352,1031,1,159.0,159.0,fulfilled
6232,3353,1054,1,49.0,49.0,fulfilled
6233,3354,1070,1,303.0,303.0,fulfilled
6234,3355,1112,1,610.0,610.0,fulfilled
6235,3355,1145,3,1144.0,3432.0,fulfilled
6236,3356,1061,2,310.0,620.0,fulfilled
6237,3357,1138,1,304.0,304.0,fulfilled
6238,3358,1086,2,62.0,124.0,fulfilled
6239,3358,1005,2,155.0,310.0,fulfilled
6240,3359,1015,1,115.0,115.0,fulfilled
6241,3359,1132,1,296.0,296.0,fulfilled
6242,3360,1073,2,90.0,180.0,substituted
6243,3360,1005,1,155.0,155.0,fulfilled
6244,3361,1011,1,221.0,221.0,fulfilled
6245,3361,1046,1,31.0,31.0,fulfilled
6246,3362,1131,1,143.0,143.0,fulfilled
6247,3362,1143,1,259.0,259.0,fulfilled
6248,3362,1128,1,207.0,207.0,fulfilled
6249,3363,1132,1,296.0,296.0,fulfilled
6250,3364,1132,1,296.0,296.0,fulfilled
6251,3365,1136,1,393.0,393.0,fulfilled
6252,3366,1097,1,336.0,336.0,fulfilled
6253,3366,1045,1,114.0,114.0,fulfilled
6254,3367,1143,1,259.0,259.0,fulfilled
6255,3368,1070,2,303.0,606.0,fulfilled
6256,3368,1124,2,482.0,964.0,fulfilled
6257,3369,1034,1,70.0,70.0,fulfilled
6258,3370,1128,1,207.0,207.0,fulfilled
6259,3371,1145,1,1144.0,1144.0,rejected_substitution
6260,3371,1142,1,147.0,147.0,fulfilled
6261,3371,1136,1,393.0,393.0,fulfilled
6262,3372,1061,1,310.0,310.0,fulfilled
6263,3373,1042,2,235.0,470.0,substituted
6264,3374,1015,2,115.0,230.0,fulfilled
6265,3374,1002,1,186.0,186.0,fulfilled
6266,3374,1016,2,179.0,358.0,fulfilled
6267,3374,1085,3,200.0,600.0,fulfilled
6268,3374,1071,1,423.0,423.0,fulfilled
6269,3375,1029,1,238.0,238.0,rejected_substitution
6270,3376,1019,1,224.0,224.0,fulfilled
6271,3376,1070,1,303.0,303.0,fulfilled
6272,3377,1050,2,125.0,250.0,fulfilled
6273,3378,1072,1,76.0,76.0,fulfilled
6274,3378,1035,1,297.0,297.0,fulfilled
6275,3378,1138,1,304.0,304.0,fulfilled
6276,3378,1041,1,309.0,309.0,fulfilled
6277,3379,1068,1,270.0,270.0,fulfilled
6278,3379,1014,2,94.0,188.0,fulfilled
6279,3379,1005,2,155.0,310.0,fulfilled
6280,3380,1141,1,664.0,664.0,fulfilled
6281,3380,1098,2,599.0,1198.0,fulfilled
6282,3380,1086,1,62.0,62.0,fulfilled
6283,3381,1141,2,664.0,1328.0,fulfilled
6284,3382,1015,2,115.0,230.0,fulfilled
6285,3383,1113,2,185.0,370.0,fulfilled
6286,3383,1076,1,312.0,312.0,fulfilled
6287,3383,1024,2,236.0,472.0,rejected_substitution
6288,3384,1093,3,288.0,864.0,fulfilled
6289,3384,1132,1,296.0,296.0,fulfilled
6290,3385,1065,1,388.0,388.0,fulfilled
6291,3386,1091,1,311.0,311.0,fulfilled
6292,3387,1139,2,83.0,166.0,fulfilled
6293,3387,1072,1,76.0,76.0,fulfilled
6294,3388,1142,2,147.0,294.0,fulfilled
6295,3388,1132,1,296.0,296.0,fulfilled
6296,3388,1111,1,60.0,60.0,fulfilled
6297,3388,1098,2,599.0,1198.0,fulfilled
6298,3389,1140,1,240.0,240.0,fulfilled
6299,3389,1015,3,115.0,345.0,out_of_stock_removed
6300,3390,1098,1,599.0,599.0,fulfilled
6301,3390,1060,1,211.0,211.0,fulfilled
6302,3390,1034,1,70.0,70.0,fulfilled
6303,3390,1031,1,159.0,159.0,fulfilled
6304,3391,1091,1,311.0,311.0,fulfilled
6305,3391,1036,2,58.0,116.0,fulfilled
6306,3391,1015,2,115.0,230.0,fulfilled
6307,3392,1097,1,336.0,336.0,fulfilled
6308,3392,1098,2,599.0,1198.0,fulfilled
6309,3393,1082,1,130.0,130.0,fulfilled
6310,3393,1085,1,200.0,200.0,fulfilled
6311,3393,1093,1,288.0,288.0,fulfilled
6312,3394,1124,1,482.0,482.0,fulfilled
6313,3395,1091,2,311.0,622.0,fulfilled
6314,3395,1106,2,337.0,674.0,rejected_substitution
6315,3395,1031,1,159.0,159.0,fulfilled
6316,3396,1011,2,221.0,442.0,rejected_substitution
6317,3396,1087,1,341.0,341.0,fulfilled
6318,3397,1077,1,54.0,54.0,fulfilled
6319,3397,1143,1,259.0,259.0,fulfilled
6320,3397,1072,2,76.0,152.0,fulfilled
6321,3397,1080,1,187.0,187.0,fulfilled
6322,3398,1030,3,214.0,642.0,fulfilled
6323,3399,1067,1,275.0,275.0,fulfilled
6324,3399,1095,1,746.0,746.0,fulfilled
6325,3400,1050,1,125.0,125.0,substituted
6326,3401,1128,2,207.0,414.0,fulfilled
6327,3402,1047,2,102.0,204.0,fulfilled
6328,3402,1066,1,203.0,203.0,fulfilled
6329,3402,1038,1,50.0,50.0,fulfilled
6330,3403,1072,3,76.0,228.0,fulfilled
6331,3403,1102,1,887.0,887.0,fulfilled
6332,3404,1022,1,240.0,240.0,fulfilled
6333,3405,1104,2,737.0,1474.0,fulfilled
6334,3405,1008,1,51.0,51.0,substituted
6335,3406,1078,1,265.0,265.0,fulfilled
6336,3406,1092,1,327.0,327.0,fulfilled
6337,3406,1016,1,179.0,179.0,fulfilled
6338,3407,1132,3,296.0,888.0,fulfilled
6339,3408,1114,1,156.0,156.0,fulfilled
6340,3408,1092,1,327.0,327.0,fulfilled
6341,3409,1129,3,649.0,1947.0,fulfilled
6342,3410,1015,1,115.0,115.0,out_of_stock_removed
6343,3410,1143,1,259.0,259.0,fulfilled
6344,3410,1130,1,379.0,379.0,fulfilled
6345,3411,1113,3,185.0,555.0,fulfilled
6346,3411,1003,1,127.0,127.0,substituted
6347,3412,1091,1,311.0,311.0,fulfilled
6348,3412,1015,2,115.0,230.0,fulfilled
6349,3413,1105,1,623.0,623.0,fulfilled
6350,3414,1027,2,44.0,88.0,substituted
6351,3414,1140,1,240.0,240.0,substituted
6352,3414,1137,2,532.0,1064.0,fulfilled
6353,3414,1065,2,388.0,776.0,fulfilled
6354,3415,1144,1,438.0,438.0,fulfilled
6355,3415,1080,2,187.0,374.0,fulfilled
6356,3416,1015,1,115.0,115.0,out_of_stock_removed
6357,3417,1050,3,125.0,375.0,fulfilled
6358,3417,1143,1,259.0,259.0,fulfilled
6359,3418,1013,1,97.0,97.0,fulfilled
6360,3419,1017,2,198.0,396.0,out_of_stock_removed
6361,3419,1001,1,36.0,36.0,out_of_stock_removed
6362,3420,1043,1,80.0,80.0,substituted
6363,3420,1056,2,180.0,360.0,out_of_stock_removed
6364,3420,1124,1,482.0,482.0,fulfilled
6365,3420,1072,3,76.0,228.0,rejected_substitution
6366,3421,1070,2,303.0,606.0,fulfilled
6367,3422,1041,1,309.0,309.0,fulfilled
6368,3423,1005,2,155.0,310.0,out_of_stock_removed
6369,3423,1016,1,179.0,179.0,fulfilled
6370,3424,1103,2,220.0,440.0,fulfilled
6371,3424,1121,1,549.0,549.0,fulfilled
6372,3425,1131,1,143.0,143.0,fulfilled
6373,3426,1030,1,214.0,214.0,substituted
6374,3427,1132,1,296.0,296.0,fulfilled
6375,3427,1024,3,236.0,708.0,substituted
6376,3427,1076,1,312.0,312.0,fulfilled
6377,3428,1024,1,236.0,236.0,fulfilled
6378,3428,1128,1,207.0,207.0,fulfilled
6379,3429,1078,2,265.0,530.0,fulfilled
6380,3429,1032,1,173.0,173.0,fulfilled
6381,3429,1074,2,153.0,306.0,fulfilled
6382,3430,1065,3,388.0,1164.0,fulfilled
6383,3431,1080,1,187.0,187.0,fulfilled
6384,3431,1055,1,91.0,91.0,fulfilled
6385,3432,1114,1,156.0,156.0,fulfilled
6386,3432,1088,1,240.0,240.0,fulfilled
6387,3433,1063,1,165.0,165.0,fulfilled
6388,3433,1108,1,398.0,398.0,fulfilled
6389,3434,1005,1,155.0,155.0,fulfilled
6390,3435,1118,1,93.0,93.0,fulfilled
6391,3435,1143,1,259.0,259.0,fulfilled
6392,3435,1128,2,207.0,414.0,fulfilled
6393,3436,1115,1,460.0,460.0,out_of_stock_removed
6394,3437,1112,2,610.0,1220.0,fulfilled
6395,3437,1015,1,115.0,115.0,fulfilled
6396,3438,1091,2,311.0,622.0,fulfilled
6397,3438,1145,1,1144.0,1144.0,fulfilled
6398,3439,1012,1,192.0,192.0,fulfilled
6399,3439,1048,2,136.0,272.0,fulfilled
6400,3440,1103,1,220.0,220.0,fulfilled
6401,3440,1032,1,173.0,173.0,fulfilled
6402,3441,1072,1,76.0,76.0,fulfilled
6403,3442,1070,1,303.0,303.0,fulfilled
6404,3442,1141,1,664.0,664.0,fulfilled
6405,3442,1111,1,60.0,60.0,fulfilled
6406,3443,1015,1,115.0,115.0,fulfilled
6407,3443,1124,1,482.0,482.0,fulfilled
6408,3443,1143,2,259.0,518.0,rejected_substitution
6409,3444,1072,1,76.0,76.0,rejected_substitution
6410,3444,1015,3,115.0,345.0,fulfilled
6411,3445,1013,1,97.0,97.0,fulfilled
6412,3446,1005,1,155.0,155.0,fulfilled
6413,3446,1132,1,296.0,296.0,rejected_substitution
6414,3447,1091,1,311.0,311.0,fulfilled
6415,3448,1016,1,179.0,179.0,fulfilled
6416,3448,1128,1,207.0,207.0,fulfilled
6417,3448,1128,1,207.0,207.0,rejected_substitution
6418,3448,1143,2,259.0,518.0,fulfilled
6419,3449,1092,1,327.0,327.0,fulfilled
6420,3450,1042,1,235.0,235.0,fulfilled
6421,3451,1050,1,125.0,125.0,rejected_substitution
6422,3452,1123,1,208.0,208.0,fulfilled
6423,3452,1001,2,36.0,72.0,out_of_stock_removed
6424,3453,1031,2,159.0,318.0,fulfilled
6425,3453,1029,1,238.0,238.0,fulfilled
6426,3453,1140,3,240.0,720.0,fulfilled
6427,3454,1051,2,158.0,316.0,fulfilled
6428,3455,1037,1,116.0,116.0,fulfilled
6429,3455,1136,2,393.0,786.0,fulfilled
6430,3455,1132,2,296.0,592.0,fulfilled
6431,3455,1099,1,338.0,338.0,fulfilled
6432,3455,1080,1,187.0,187.0,fulfilled
6433,3456,1027,1,44.0,44.0,fulfilled
6434,3456,1023,1,87.0,87.0,fulfilled
6435,3457,1105,1,623.0,623.0,fulfilled
6436,3458,1136,1,393.0,393.0,rejected_substitution
6437,3459,1070,1,303.0,303.0,fulfilled
6438,3460,1025,2,175.0,350.0,fulfilled
6439,3460,1018,1,177.0,177.0,fulfilled
6440,3461,1131,1,143.0,143.0,fulfilled
6441,3461,1046,2,31.0,62.0,fulfilled
6442,3461,1132,2,296.0,592.0,fulfilled
6443,3462,1061,1,310.0,310.0,substituted
6444,3463,1080,1,187.0,187.0,fulfilled
6445,3464,1117,1,61.0,61.0,fulfilled
6446,3464,1031,1,159.0,159.0,fulfilled
6447,3465,1003,1,127.0,127.0,fulfilled
6448,3466,1076,1,312.0,312.0,fulfilled
6449,3466,1140,3,240.0,720.0,fulfilled
6450,3466,1131,1,143.0,143.0,fulfilled
6451,3467,1070,1,303.0,303.0,fulfilled
6452,3467,1055,1,91.0,91.0,fulfilled
6453,3468,1131,1,143.0,143.0,fulfilled
6454,3468,1128,1,207.0,207.0,fulfilled
6455,3469,1035,2,297.0,594.0,fulfilled
6456,3469,1127,1,633.0,633.0,fulfilled
6457,3470,1128,1,207.0,207.0,fulfilled
6458,3471,1041,3,309.0,927.0,rejected_substitution
6459,3471,1086,1,62.0,62.0,fulfilled
6460,3471,1026,1,210.0,210.0,fulfilled
6461,3472,1022,1,240.0,240.0,substituted
6462,3472,1128,3,207.0,621.0,fulfilled
6463,3472,1131,1,143.0,143.0,fulfilled
6464,3472,1111,2,60.0,120.0,fulfilled
6465,3473,1132,1,296.0,296.0,fulfilled
6466,3473,1138,1,304.0,304.0,substituted
6467,3474,1024,1,236.0,236.0,substituted
6468,3475,1125,1,667.0,667.0,fulfilled
6469,3476,1007,1,108.0,108.0,rejected_substitution
6470,3477,1039,1,182.0,182.0,fulfilled
6471,3478,1019,1,224.0,224.0,fulfilled
6472,3478,1087,1,341.0,341.0,fulfilled
6473,3479,1117,1,61.0,61.0,fulfilled
6474,3480,1091,1,311.0,311.0,fulfilled
6475,3480,1071,1,423.0,423.0,fulfilled
6476,3480,1113,2,185.0,370.0,fulfilled
6477,3480,1013,1,97.0,97.0,fulfilled
6478,3480,1141,2,664.0,1328.0,fulfilled
6479,3481,1128,1,207.0,207.0,rejected_substitution
6480,3481,1086,1,62.0,62.0,fulfilled
6481,3482,1004,1,36.0,36.0,fulfilled
6482,3482,1015,3,115.0,345.0,fulfilled
6483,3483,1098,1,599.0,599.0,fulfilled
6484,3484,1128,1,207.0,207.0,fulfilled
6485,3485,1063,1,165.0,165.0,fulfilled
6486,3486,1143,2,259.0,518.0,fulfilled
6487,3487,1067,2,275.0,550.0,fulfilled
6488,3488,1117,1,61.0,61.0,fulfilled
6489,3488,1108,1,398.0,398.0,fulfilled
6490,3488,1060,1,211.0,211.0,fulfilled
6491,3489,1097,1,336.0,336.0,fulfilled
6492,3489,1041,2,309.0,618.0,fulfilled
6493,3490,1102,2,887.0,1774.0,fulfilled
6494,3491,1015,1,115.0,115.0,fulfilled
6495,3491,1132,1,296.0,296.0,fulfilled
6496,3491,1117,1,61.0,61.0,fulfilled
6497,3491,1083,3,265.0,795.0,fulfilled
6498,3492,1144,1,438.0,438.0,fulfilled
6499,3493,1140,1,240.0,240.0,fulfilled
6500,3493,1037,1,116.0,116.0,out_of_stock_removed
6501,3494,1042,2,235.0,470.0,fulfilled
6502,3494,1079,2,90.0,180.0,fulfilled
6503,3495,1127,1,633.0,633.0,fulfilled
6504,3495,1060,2,211.0,422.0,fulfilled
6505,3496,1080,1,187.0,187.0,fulfilled
6506,3496,1061,1,310.0,310.0,fulfilled
6507,3496,1076,1,312.0,312.0,fulfilled
6508,3496,1071,1,423.0,423.0,fulfilled
6509,3497,1097,1,336.0,336.0,fulfilled
6510,3497,1102,2,887.0,1774.0,fulfilled
6511,3497,1050,1,125.0,125.0,fulfilled
6512,3497,1015,1,115.0,115.0,fulfilled
6513,3498,1117,1,61.0,61.0,fulfilled
6514,3499,1117,2,61.0,122.0,fulfilled
6515,3500,1139,1,83.0,83.0,fulfilled
6516,3501,1136,1,393.0,393.0,fulfilled
6517,3502,1009,1,169.0,169.0,substituted
6518,3502,1127,1,633.0,633.0,fulfilled
6519,3502,1095,1,746.0,746.0,fulfilled
6520,3502,1015,3,115.0,345.0,fulfilled
6521,3503,1038,1,50.0,50.0,fulfilled
6522,3503,1061,1,310.0,310.0,fulfilled
6523,3504,1115,1,460.0,460.0,fulfilled
6524,3504,1019,1,224.0,224.0,fulfilled
6525,3505,1085,1,200.0,200.0,fulfilled
6526,3506,1019,1,224.0,224.0,fulfilled
6527,3506,1005,1,155.0,155.0,out_of_stock_removed
6528,3506,1016,1,179.0,179.0,fulfilled
6529,3506,1053,2,37.0,74.0,fulfilled
6530,3506,1132,1,296.0,296.0,fulfilled
6531,3507,1046,1,31.0,31.0,fulfilled
6532,3508,1065,1,388.0,388.0,fulfilled
6533,3508,1099,1,338.0,338.0,fulfilled
6534,3509,1138,1,304.0,304.0,fulfilled
6535,3509,1108,1,398.0,398.0,fulfilled
6536,3510,1015,1,115.0,115.0,fulfilled
6537,3511,1072,1,76.0,76.0,fulfilled
6538,3512,1140,1,240.0,240.0,fulfilled
6539,3512,1005,1,155.0,155.0,out_of_stock_removed
6540,3513,1094,1,308.0,308.0,fulfilled
6541,3513,1094,2,308.0,616.0,fulfilled
6542,3513,1005,1,155.0,155.0,fulfilled
6543,3514,1111,1,60.0,60.0,fulfilled
6544,3514,1036,2,58.0,116.0,substituted
6545,3515,1046,1,31.0,31.0,fulfilled
6546,3516,1116,2,486.0,972.0,fulfilled
6547,3517,1070,1,303.0,303.0,fulfilled
6548,3517,1071,2,423.0,846.0,fulfilled
6549,3518,1034,2,70.0,140.0,fulfilled
6550,3518,1117,1,61.0,61.0,fulfilled
6551,3519,1128,1,207.0,207.0,fulfilled
6552,3519,1073,1,90.0,90.0,fulfilled
6553,3519,1089,1,154.0,154.0,fulfilled
6554,3520,1072,1,76.0,76.0,fulfilled
6555,3520,1058,1,84.0,84.0,fulfilled
6556,3521,1140,1,240.0,240.0,fulfilled
6557,3521,1132,1,296.0,296.0,fulfilled
6558,3521,1070,1,303.0,303.0,fulfilled
6559,3522,1069,3,313.0,939.0,fulfilled
6560,3522,1115,1,460.0,460.0,fulfilled
6561,3523,1119,1,172.0,172.0,fulfilled
6562,3524,1070,1,303.0,303.0,fulfilled
6563,3525,1005,2,155.0,310.0,fulfilled
6564,3526,1131,1,143.0,143.0,fulfilled
6565,3527,1066,1,203.0,203.0,fulfilled
6566,3528,1015,1,115.0,115.0,fulfilled
6567,3529,1005,1,155.0,155.0,out_of_stock_removed
6568,3529,1077,2,54.0,108.0,fulfilled
6569,3530,1133,2,586.0,1172.0,fulfilled
6570,3530,1143,2,259.0,518.0,fulfilled
6571,3531,1113,2,185.0,370.0,fulfilled
6572,3531,1069,1,313.0,313.0,fulfilled
6573,3531,1118,2,93.0,186.0,fulfilled
6574,3532,1103,1,220.0,220.0,fulfilled
6575,3533,1141,1,664.0,664.0,fulfilled
6576,3533,1091,1,311.0,311.0,fulfilled
6577,3534,1111,1,60.0,60.0,substituted
6578,3535,1107,1,665.0,665.0,fulfilled
6579,3535,1071,1,423.0,423.0,fulfilled
6580,3535,1036,2,58.0,116.0,substituted
6581,3535,1070,1,303.0,303.0,fulfilled
6582,3536,1109,1,413.0,413.0,fulfilled
6583,3537,1005,1,155.0,155.0,out_of_stock_removed
6584,3538,1054,1,49.0,49.0,fulfilled
6585,3539,1113,1,185.0,185.0,out_of_stock_removed
6586,3540,1133,1,586.0,586.0,fulfilled
6587,3541,1080,1,187.0,187.0,fulfilled
6588,3542,1077,1,54.0,54.0,fulfilled
6589,3542,1136,1,393.0,393.0,fulfilled
6590,3542,1086,2,62.0,124.0,substituted
6591,3543,1015,1,115.0,115.0,fulfilled
6592,3543,1091,1,311.0,311.0,fulfilled
6593,3544,1054,1,49.0,49.0,fulfilled
6594,3545,1071,1,423.0,423.0,fulfilled
6595,3546,1024,1,236.0,236.0,fulfilled
6596,3546,1079,2,90.0,180.0,fulfilled
6597,3546,1027,2,44.0,88.0,rejected_substitution
6598,3547,1113,1,185.0,185.0,fulfilled
6599,3547,1128,1,207.0,207.0,fulfilled
6600,3547,1134,1,935.0,935.0,fulfilled
6601,3548,1115,1,460.0,460.0,fulfilled
6602,3549,1143,1,259.0,259.0,fulfilled
6603,3550,1041,1,309.0,309.0,fulfilled
6604,3551,1055,1,91.0,91.0,fulfilled
6605,3551,1029,1,238.0,238.0,substituted
6606,3552,1069,1,313.0,313.0,fulfilled
6607,3552,1103,1,220.0,220.0,fulfilled
6608,3552,1053,1,37.0,37.0,fulfilled
6609,3553,1097,1,336.0,336.0,fulfilled
6610,3554,1102,1,887.0,887.0,fulfilled
6611,3555,1052,1,30.0,30.0,fulfilled
6612,3556,1024,1,236.0,236.0,fulfilled
6613,3556,1131,1,143.0,143.0,fulfilled
6614,3557,1128,1,207.0,207.0,fulfilled
6615,3557,1028,1,311.0,311.0,fulfilled
6616,3557,1070,2,303.0,606.0,fulfilled
6617,3558,1083,2,265.0,530.0,fulfilled
6618,3558,1091,1,311.0,311.0,fulfilled
6619,3559,1132,1,296.0,296.0,fulfilled
6620,3560,1007,2,108.0,216.0,fulfilled
6621,3560,1046,1,31.0,31.0,substituted
6622,3560,1093,2,288.0,576.0,fulfilled
6623,3560,1103,2,220.0,440.0,fulfilled
6624,3561,1136,1,393.0,393.0,fulfilled
6625,3561,1016,1,179.0,179.0,fulfilled
6626,3562,1144,1,438.0,438.0,fulfilled
6627,3563,1015,1,115.0,115.0,fulfilled
6628,3564,1002,1,186.0,186.0,fulfilled
6629,3564,1015,1,115.0,115.0,fulfilled
6630,3565,1106,1,337.0,337.0,fulfilled
6631,3565,1019,1,224.0,224.0,fulfilled
6632,3566,1116,3,486.0,1458.0,fulfilled
6633,3567,1111,1,60.0,60.0,fulfilled
6634,3567,1099,1,338.0,338.0,fulfilled
6635,3567,1010,2,254.0,508.0,substituted
6636,3567,1131,1,143.0,143.0,fulfilled
6637,3568,1072,3,76.0,228.0,fulfilled
6638,3568,1098,1,599.0,599.0,fulfilled
6639,3568,1009,1,169.0,169.0,fulfilled
6640,3569,1133,2,586.0,1172.0,fulfilled
6641,3570,1132,2,296.0,592.0,fulfilled
6642,3571,1024,1,236.0,236.0,fulfilled
6643,3572,1024,3,236.0,708.0,fulfilled
6644,3573,1070,1,303.0,303.0,fulfilled
6645,3574,1136,3,393.0,1179.0,fulfilled
6646,3575,1136,1,393.0,393.0,fulfilled
6647,3576,1075,1,161.0,161.0,fulfilled
6648,3577,1023,2,87.0,174.0,fulfilled
6649,3578,1013,1,97.0,97.0,fulfilled
6650,3578,1040,1,74.0,74.0,fulfilled
6651,3579,1003,3,127.0,381.0,substituted
6652,3580,1143,3,259.0,777.0,fulfilled
6653,3581,1137,1,532.0,532.0,fulfilled
6654,3582,1082,1,130.0,130.0,fulfilled
6655,3583,1100,1,548.0,548.0,fulfilled
6656,3583,1142,2,147.0,294.0,rejected_substitution
6657,3584,1026,1,210.0,210.0,fulfilled
6658,3585,1005,1,155.0,155.0,out_of_stock_removed
6659,3586,1121,1,549.0,549.0,fulfilled
6660,3587,1111,1,60.0,60.0,fulfilled
6661,3588,1061,1,310.0,310.0,fulfilled
6662,3589,1094,1,308.0,308.0,fulfilled
6663,3590,1050,2,125.0,250.0,fulfilled
6664,3591,1091,1,311.0,311.0,fulfilled
6665,3591,1106,2,337.0,674.0,fulfilled
6666,3591,1026,1,210.0,210.0,fulfilled
6667,3592,1082,3,130.0,390.0,fulfilled
6668,3592,1035,1,297.0,297.0,fulfilled
6669,3593,1013,2,97.0,194.0,substituted
6670,3593,1038,1,50.0,50.0,fulfilled
6671,3594,1130,1,379.0,379.0,fulfilled
6672,3594,1053,1,37.0,37.0,substituted
6673,3594,1136,1,393.0,393.0,fulfilled
6674,3594,1065,1,388.0,388.0,fulfilled
6675,3595,1067,1,275.0,275.0,fulfilled
6676,3595,1029,1,238.0,238.0,fulfilled
6677,3596,1029,3,238.0,714.0,fulfilled
6678,3597,1071,1,423.0,423.0,substituted
6679,3598,1110,1,577.0,577.0,fulfilled
6680,3598,1070,3,303.0,909.0,fulfilled
6681,3598,1093,1,288.0,288.0,fulfilled
6682,3599,1131,1,143.0,143.0,fulfilled
6683,3599,1131,1,143.0,143.0,fulfilled
6684,3600,1132,1,296.0,296.0,fulfilled
6685,3601,1012,2,192.0,384.0,fulfilled
6686,3601,1043,1,80.0,80.0,fulfilled
6687,3602,1107,1,665.0,665.0,fulfilled
6688,3603,1069,1,313.0,313.0,fulfilled
6689,3603,1132,1,296.0,296.0,rejected_substitution
6690,3603,1099,1,338.0,338.0,fulfilled
6691,3604,1012,1,192.0,192.0,fulfilled
6692,3605,1102,1,887.0,887.0,fulfilled
6693,3605,1074,1,153.0,153.0,fulfilled
6694,3606,1019,3,224.0,672.0,fulfilled
6695,3606,1136,2,393.0,786.0,fulfilled
6696,3607,1063,1,165.0,165.0,fulfilled
6697,3607,1141,3,664.0,1992.0,fulfilled
6698,3607,1024,2,236.0,472.0,fulfilled
6699,3608,1015,1,115.0,115.0,fulfilled
6700,3608,1041,1,309.0,309.0,fulfilled
6701,3609,1050,2,125.0,250.0,fulfilled
6702,3609,1005,1,155.0,155.0,fulfilled
6703,3610,1003,1,127.0,127.0,fulfilled
6704,3611,1115,1,460.0,460.0,fulfilled
6705,3611,1112,2,610.0,1220.0,fulfilled
6706,3612,1050,2,125.0,250.0,fulfilled
6707,3613,1041,1,309.0,309.0,substituted
6708,3613,1079,2,90.0,180.0,out_of_stock_removed
6709,3613,1110,1,577.0,577.0,fulfilled
6710,3614,1143,1,259.0,259.0,fulfilled
6711,3614,1095,1,746.0,746.0,fulfilled
6712,3614,1141,1,664.0,664.0,fulfilled
6713,3615,1132,1,296.0,296.0,fulfilled
6714,3616,1071,2,423.0,846.0,fulfilled
6715,3616,1057,1,156.0,156.0,fulfilled
6716,3616,1016,1,179.0,179.0,fulfilled
6717,3617,1112,1,610.0,610.0,fulfilled
6718,3617,1031,1,159.0,159.0,fulfilled
6719,3618,1005,1,155.0,155.0,out_of_stock_removed
6720,3619,1099,2,338.0,676.0,fulfilled
6721,3620,1131,3,143.0,429.0,fulfilled
6722,3620,1132,1,296.0,296.0,fulfilled
6723,3620,1131,3,143.0,429.0,fulfilled
6724,3621,1108,1,398.0,398.0,fulfilled
6725,3622,1136,1,393.0,393.0,fulfilled
6726,3623,1091,2,311.0,622.0,fulfilled
6727,3623,1071,2,423.0,846.0,fulfilled
6728,3624,1128,1,207.0,207.0,fulfilled
6729,3625,1074,2,153.0,306.0,fulfilled
6730,3625,1107,3,665.0,1995.0,fulfilled
6731,3625,1141,2,664.0,1328.0,fulfilled
6732,3626,1063,1,165.0,165.0,fulfilled
6733,3626,1091,3,311.0,933.0,fulfilled
6734,3626,1015,2,115.0,230.0,fulfilled
6735,3626,1143,1,259.0,259.0,substituted
6736,3627,1088,1,240.0,240.0,fulfilled
6737,3627,1091,2,311.0,622.0,fulfilled
6738,3627,1141,1,664.0,664.0,fulfilled
6739,3628,1015,1,115.0,115.0,fulfilled
6740,3629,1055,1,91.0,91.0,fulfilled
6741,3629,1009,1,169.0,169.0,fulfilled
6742,3630,1138,2,304.0,608.0,fulfilled
6743,3630,1085,2,200.0,400.0,fulfilled
6744,3631,1104,1,737.0,737.0,fulfilled
6745,3632,1062,3,59.0,177.0,fulfilled
6746,3632,1093,1,288.0,288.0,fulfilled
6747,3632,1072,1,76.0,76.0,fulfilled
6748,3633,1018,2,177.0,354.0,fulfilled
6749,3633,1079,1,90.0,90.0,fulfilled
6750,3634,1057,1,156.0,156.0,substituted
6751,3635,1125,1,667.0,667.0,fulfilled
6752,3635,1077,1,54.0,54.0,fulfilled
6753,3635,1141,2,664.0,1328.0,fulfilled
6754,3635,1133,3,586.0,1758.0,fulfilled
6755,3635,1081,1,37.0,37.0,fulfilled
6756,3636,1070,2,303.0,606.0,fulfilled
6757,3636,1103,2,220.0,440.0,fulfilled
6758,3636,1143,3,259.0,777.0,fulfilled
6759,3637,1070,1,303.0,303.0,fulfilled
6760,3638,1060,3,211.0,633.0,fulfilled
6761,3639,1093,1,288.0,288.0,fulfilled
6762,3640,1097,1,336.0,336.0,fulfilled
6763,3641,1132,3,296.0,888.0,fulfilled
6764,3641,1132,1,296.0,296.0,substituted
6765,3641,1048,2,136.0,272.0,fulfilled
6766,3641,1103,1,220.0,220.0,fulfilled
6767,3642,1060,1,211.0,211.0,fulfilled
6768,3643,1050,1,125.0,125.0,fulfilled
6769,3644,1110,1,577.0,577.0,fulfilled
6770,3645,1035,1,297.0,297.0,fulfilled
6771,3645,1122,1,672.0,672.0,fulfilled
6772,3646,1052,1,30.0,30.0,out_of_stock_removed
6773,3647,1015,1,115.0,115.0,fulfilled
6774,3648,1136,1,393.0,393.0,fulfilled
6775,3649,1059,1,444.0,444.0,fulfilled
6776,3649,1009,1,169.0,169.0,substituted
6777,3650,1055,1,91.0,91.0,fulfilled
6778,3650,1144,1,438.0,438.0,fulfilled
6779,3650,1057,3,156.0,468.0,fulfilled
6780,3650,1061,1,310.0,310.0,fulfilled
6781,3650,1042,1,235.0,235.0,fulfilled
6782,3651,1021,1,232.0,232.0,fulfilled
6783,3652,1103,2,220.0,440.0,fulfilled
6784,3652,1024,1,236.0,236.0,substituted
6785,3652,1104,1,737.0,737.0,fulfilled
6786,3653,1091,1,311.0,311.0,fulfilled
6787,3654,1024,1,236.0,236.0,fulfilled
6788,3655,1015,2,115.0,230.0,fulfilled
6789,3656,1070,1,303.0,303.0,fulfilled
6790,3656,1138,1,304.0,304.0,fulfilled
6791,3657,1143,1,259.0,259.0,fulfilled
6792,3658,1141,1,664.0,664.0,fulfilled
6793,3659,1141,1,664.0,664.0,fulfilled
6794,3659,1093,1,288.0,288.0,fulfilled
6795,3660,1007,1,108.0,108.0,rejected_substitution
6796,3661,1117,1,61.0,61.0,fulfilled
6797,3662,1141,1,664.0,664.0,fulfilled
6798,3663,1096,1,251.0,251.0,fulfilled
6799,3663,1046,1,31.0,31.0,fulfilled
6800,3664,1066,2,203.0,406.0,fulfilled
6801,3664,1041,1,309.0,309.0,fulfilled
6802,3665,1046,1,31.0,31.0,fulfilled
6803,3665,1145,2,1144.0,2288.0,fulfilled
6804,3666,1080,1,187.0,187.0,fulfilled
6805,3666,1125,2,667.0,1334.0,fulfilled
6806,3666,1079,1,90.0,90.0,fulfilled
6807,3667,1005,1,155.0,155.0,fulfilled
6808,3667,1132,2,296.0,592.0,fulfilled
6809,3668,1117,1,61.0,61.0,fulfilled
6810,3668,1046,1,31.0,31.0,substituted
6811,3669,1086,1,62.0,62.0,fulfilled
6812,3669,1077,2,54.0,108.0,fulfilled
6813,3670,1054,1,49.0,49.0,rejected_substitution
6814,3670,1131,1,143.0,143.0,fulfilled
6815,3671,1146,1,911.0,911.0,fulfilled
6816,3672,1003,2,127.0,254.0,fulfilled
6817,3673,1046,3,31.0,93.0,fulfilled
6818,3673,1146,1,911.0,911.0,fulfilled
6819,3673,1141,1,664.0,664.0,fulfilled
6820,3674,1015,1,115.0,115.0,fulfilled
6821,3674,1100,1,548.0,548.0,fulfilled
6822,3674,1083,1,265.0,265.0,fulfilled
6823,3675,1060,1,211.0,211.0,fulfilled
6824,3675,1027,2,44.0,88.0,rejected_substitution
6825,3676,1114,1,156.0,156.0,fulfilled
6826,3677,1132,1,296.0,296.0,fulfilled
6827,3678,1051,2,158.0,316.0,fulfilled
6828,3679,1023,2,87.0,174.0,fulfilled
6829,3680,1141,1,664.0,664.0,fulfilled
6830,3681,1136,1,393.0,393.0,fulfilled
6831,3681,1135,1,1063.0,1063.0,out_of_stock_removed
6832,3681,1048,3,136.0,408.0,out_of_stock_removed
6833,3682,1056,1,180.0,180.0,fulfilled
6834,3682,1136,2,393.0,786.0,fulfilled
6835,3682,1069,1,313.0,313.0,fulfilled
6836,3683,1132,2,296.0,592.0,substituted
6837,3683,1070,1,303.0,303.0,fulfilled
6838,3684,1067,1,275.0,275.0,fulfilled
6839,3684,1085,1,200.0,200.0,fulfilled
6840,3684,1141,2,664.0,1328.0,fulfilled
6841,3685,1007,1,108.0,108.0,fulfilled
6842,3685,1003,1,127.0,127.0,fulfilled
6843,3685,1035,1,297.0,297.0,fulfilled
6844,3686,1132,3,296.0,888.0,fulfilled
6845,3686,1098,1,599.0,599.0,fulfilled
6846,3687,1041,2,309.0,618.0,fulfilled
6847,3688,1106,2,337.0,674.0,fulfilled
6848,3689,1070,1,303.0,303.0,substituted
6849,3690,1035,3,297.0,891.0,fulfilled
6850,3691,1062,1,59.0,59.0,fulfilled
6851,3691,1072,1,76.0,76.0,fulfilled
6852,3692,1141,1,664.0,664.0,fulfilled
6853,3692,1101,1,561.0,561.0,fulfilled
6854,3692,1103,2,220.0,440.0,fulfilled
6855,3692,1069,1,313.0,313.0,fulfilled
6856,3693,1019,1,224.0,224.0,fulfilled
6857,3693,1116,1,486.0,486.0,fulfilled
6858,3694,1117,1,61.0,61.0,fulfilled
6859,3695,1132,1,296.0,296.0,fulfilled
6860,3695,1145,1,1144.0,1144.0,fulfilled
6861,3695,1141,2,664.0,1328.0,fulfilled
6862,3695,1127,1,633.0,633.0,fulfilled
6863,3695,1073,1,90.0,90.0,fulfilled
6864,3696,1041,3,309.0,927.0,fulfilled
6865,3696,1109,2,413.0,826.0,fulfilled
6866,3697,1013,1,97.0,97.0,fulfilled
6867,3698,1131,3,143.0,429.0,fulfilled
6868,3699,1141,1,664.0,664.0,fulfilled
6869,3700,1132,3,296.0,888.0,fulfilled
6870,3701,1101,1,561.0,561.0,fulfilled
6871,3701,1063,1,165.0,165.0,fulfilled
6872,3701,1050,1,125.0,125.0,fulfilled
6873,3702,1012,3,192.0,576.0,fulfilled
6874,3703,1111,1,60.0,60.0,rejected_substitution
6875,3703,1041,1,309.0,309.0,fulfilled
6876,3704,1129,3,649.0,1947.0,fulfilled
6877,3704,1121,1,549.0,549.0,fulfilled
6878,3705,1140,1,240.0,240.0,fulfilled
6879,3705,1013,2,97.0,194.0,fulfilled
6880,3706,1029,1,238.0,238.0,rejected_substitution
6881,3707,1140,1,240.0,240.0,fulfilled
6882,3708,1027,2,44.0,88.0,substituted
6883,3709,1024,1,236.0,236.0,fulfilled
6884,3710,1021,1,232.0,232.0,fulfilled
6885,3710,1093,1,288.0,288.0,fulfilled
6886,3710,1114,1,156.0,156.0,fulfilled
6887,3711,1005,1,155.0,155.0,out_of_stock_removed
6888,3712,1083,1,265.0,265.0,fulfilled
6889,3712,1062,1,59.0,59.0,fulfilled
6890,3712,1120,2,475.0,950.0,rejected_substitution
6891,3713,1070,2,303.0,606.0,fulfilled
6892,3714,1059,3,444.0,1332.0,fulfilled
6893,3715,1116,3,486.0,1458.0,fulfilled
6894,3716,1050,1,125.0,125.0,fulfilled
6895,3716,1125,1,667.0,667.0,fulfilled
6896,3716,1085,1,200.0,200.0,fulfilled
6897,3717,1080,1,187.0,187.0,fulfilled
6898,3718,1076,3,312.0,936.0,fulfilled
6899,3719,1058,1,84.0,84.0,fulfilled
6900,3720,1125,2,667.0,1334.0,fulfilled
6901,3721,1141,1,664.0,664.0,fulfilled
6902,3721,1024,3,236.0,708.0,fulfilled
6903,3722,1111,1,60.0,60.0,fulfilled
6904,3723,1114,1,156.0,156.0,fulfilled
6905,3724,1101,1,561.0,561.0,fulfilled
6906,3724,1144,1,438.0,438.0,out_of_stock_removed
6907,3725,1115,1,460.0,460.0,fulfilled
6908,3726,1005,3,155.0,465.0,fulfilled
6909,3727,1024,1,236.0,236.0,fulfilled
6910,3727,1102,2,887.0,1774.0,fulfilled
6911,3727,1022,1,240.0,240.0,fulfilled
6912,3728,1009,3,169.0,507.0,substituted
6913,3728,1142,1,147.0,147.0,fulfilled
6914,3729,1070,2,303.0,606.0,fulfilled
6915,3729,1097,1,336.0,336.0,fulfilled
6916,3730,1019,2,224.0,448.0,fulfilled
6917,3731,1015,2,115.0,230.0,fulfilled
6918,3731,1028,1,311.0,311.0,out_of_stock_removed
6919,3732,1063,2,165.0,330.0,fulfilled
6920,3732,1093,1,288.0,288.0,fulfilled
6921,3733,1142,1,147.0,147.0,substituted
6922,3734,1137,2,532.0,1064.0,fulfilled
6923,3734,1063,1,165.0,165.0,fulfilled
6924,3735,1053,1,37.0,37.0,fulfilled
6925,3735,1119,1,172.0,172.0,fulfilled
6926,3736,1064,1,255.0,255.0,fulfilled
6927,3736,1085,1,200.0,200.0,fulfilled
6928,3737,1086,2,62.0,124.0,fulfilled
6929,3738,1015,1,115.0,115.0,fulfilled
6930,3739,1092,1,327.0,327.0,fulfilled
6931,3740,1097,1,336.0,336.0,fulfilled
6932,3741,1142,1,147.0,147.0,fulfilled
6933,3742,1097,3,336.0,1008.0,fulfilled
6934,3743,1035,1,297.0,297.0,fulfilled
6935,3744,1051,2,158.0,316.0,fulfilled
6936,3744,1140,1,240.0,240.0,fulfilled
6937,3744,1071,3,423.0,1269.0,fulfilled
6938,3745,1080,1,187.0,187.0,fulfilled
6939,3746,1093,2,288.0,576.0,fulfilled
6940,3747,1015,1,115.0,115.0,out_of_stock_removed
6941,3748,1042,1,235.0,235.0,fulfilled
6942,3748,1118,1,93.0,93.0,fulfilled
6943,3748,1070,1,303.0,303.0,fulfilled
6944,3748,1114,1,156.0,156.0,fulfilled
6945,3749,1070,1,303.0,303.0,fulfilled
6946,3750,1005,1,155.0,155.0,fulfilled
6947,3751,1005,1,155.0,155.0,fulfilled
6948,3752,1027,2,44.0,88.0,substituted
6949,3753,1103,2,220.0,440.0,fulfilled
6950,3754,1113,1,185.0,185.0,fulfilled
6951,3755,1019,1,224.0,224.0,substituted
6952,3756,1082,1,130.0,130.0,fulfilled
6953,3757,1055,1,91.0,91.0,rejected_substitution
6954,3757,1146,1,911.0,911.0,fulfilled
6955,3757,1128,1,207.0,207.0,fulfilled
6956,3757,1015,1,115.0,115.0,fulfilled
6957,3758,1131,1,143.0,143.0,fulfilled
6958,3758,1140,1,240.0,240.0,fulfilled
6959,3759,1020,1,103.0,103.0,rejected_substitution
6960,3759,1042,2,235.0,470.0,rejected_substitution
6961,3759,1018,3,177.0,531.0,fulfilled
6962,3760,1078,1,265.0,265.0,fulfilled
6963,3760,1141,1,664.0,664.0,fulfilled
6964,3761,1131,2,143.0,286.0,fulfilled
6965,3761,1142,1,147.0,147.0,rejected_substitution
6966,3761,1055,1,91.0,91.0,fulfilled
6967,3762,1098,1,599.0,599.0,fulfilled
6968,3763,1143,2,259.0,518.0,fulfilled
6969,3763,1023,1,87.0,87.0,fulfilled
6970,3764,1115,1,460.0,460.0,fulfilled
6971,3764,1012,1,192.0,192.0,substituted
6972,3765,1059,1,444.0,444.0,fulfilled
6973,3766,1091,2,311.0,622.0,fulfilled
6974,3767,1026,1,210.0,210.0,fulfilled
6975,3768,1091,1,311.0,311.0,fulfilled
6976,3768,1136,1,393.0,393.0,fulfilled
6977,3768,1001,1,36.0,36.0,fulfilled
6978,3769,1033,1,282.0,282.0,fulfilled
6979,3769,1069,1,313.0,313.0,fulfilled
6980,3769,1024,3,236.0,708.0,fulfilled
6981,3770,1024,1,236.0,236.0,fulfilled
6982,3771,1096,3,251.0,753.0,fulfilled
6983,3772,1140,1,240.0,240.0,fulfilled
6984,3772,1143,1,259.0,259.0,fulfilled
6985,3773,1141,1,664.0,664.0,fulfilled
6986,3774,1002,1,186.0,186.0,fulfilled
6987,3775,1125,2,667.0,1334.0,fulfilled
6988,3775,1024,3,236.0,708.0,rejected_substitution
6989,3775,1093,2,288.0,576.0,fulfilled
6990,3775,1073,1,90.0,90.0,fulfilled
6991,3776,1022,1,240.0,240.0,fulfilled
6992,3776,1061,2,310.0,620.0,fulfilled
6993,3777,1054,1,49.0,49.0,fulfilled
6994,3778,1084,1,45.0,45.0,fulfilled
6995,3778,1031,1,159.0,159.0,fulfilled
6996,3778,1134,2,935.0,1870.0,fulfilled
6997,3778,1016,1,179.0,179.0,fulfilled
6998,3779,1133,1,586.0,586.0,fulfilled
6999,3780,1113,1,185.0,185.0,fulfilled
7000,3780,1041,1,309.0,309.0,fulfilled
7001,3780,1137,1,532.0,532.0,fulfilled
7002,3781,1096,1,251.0,251.0,fulfilled
7003,3781,1127,1,633.0,633.0,fulfilled
7004,3782,1024,2,236.0,472.0,substituted
7005,3783,1091,2,311.0,622.0,fulfilled
7006,3784,1071,1,423.0,423.0,fulfilled
7007,3785,1093,1,288.0,288.0,fulfilled
7008,3785,1024,1,236.0,236.0,fulfilled
7009,3785,1019,1,224.0,224.0,substituted
7010,3786,1143,2,259.0,518.0,fulfilled
7011,3787,1024,1,236.0,236.0,substituted
7012,3787,1129,1,649.0,649.0,fulfilled
7013,3788,1083,2,265.0,530.0,fulfilled
7014,3788,1083,1,265.0,265.0,fulfilled
7015,3789,1061,2,310.0,620.0,fulfilled
7016,3790,1141,1,664.0,664.0,fulfilled
7017,3791,1024,1,236.0,236.0,fulfilled
7018,3792,1053,1,37.0,37.0,fulfilled
7019,3792,1143,2,259.0,518.0,fulfilled
7020,3793,1089,3,154.0,462.0,fulfilled
7021,3793,1003,1,127.0,127.0,fulfilled
7022,3794,1086,1,62.0,62.0,fulfilled
7023,3794,1101,1,561.0,561.0,fulfilled
7024,3794,1080,1,187.0,187.0,fulfilled
7025,3794,1112,1,610.0,610.0,fulfilled
7026,3795,1007,1,108.0,108.0,fulfilled
7027,3795,1078,2,265.0,530.0,fulfilled
7028,3795,1011,3,221.0,663.0,fulfilled
7029,3795,1029,2,238.0,476.0,rejected_substitution
7030,3796,1104,1,737.0,737.0,fulfilled
7031,3797,1049,1,59.0,59.0,substituted
7032,3797,1128,1,207.0,207.0,fulfilled
7033,3798,1114,1,156.0,156.0,fulfilled
7034,3799,1131,1,143.0,143.0,fulfilled
7035,3799,1054,1,49.0,49.0,fulfilled
7036,3799,1117,2,61.0,122.0,fulfilled
7037,3800,1146,3,911.0,2733.0,fulfilled
7038,3801,1116,2,486.0,972.0,fulfilled
7039,3802,1136,1,393.0,393.0,fulfilled
7040,3802,1019,1,224.0,224.0,substituted
7041,3803,1127,1,633.0,633.0,fulfilled
7042,3803,1018,1,177.0,177.0,fulfilled
7043,3804,1056,1,180.0,180.0,fulfilled
7044,3804,1016,1,179.0,179.0,substituted
7045,3804,1142,1,147.0,147.0,fulfilled
7046,3805,1006,2,31.0,62.0,fulfilled
7047,3805,1013,1,97.0,97.0,fulfilled
7048,3805,1144,1,438.0,438.0,fulfilled
7049,3805,1029,3,238.0,714.0,substituted
7050,3806,1080,1,187.0,187.0,fulfilled
7051,3806,1095,3,746.0,2238.0,fulfilled
7052,3806,1089,1,154.0,154.0,fulfilled
7053,3807,1023,1,87.0,87.0,fulfilled
7054,3807,1088,1,240.0,240.0,fulfilled
7055,3808,1017,2,198.0,396.0,fulfilled
7056,3809,1136,2,393.0,786.0,fulfilled
7057,3809,1015,1,115.0,115.0,fulfilled
7058,3809,1090,2,305.0,610.0,fulfilled
7059,3810,1001,1,36.0,36.0,out_of_stock_removed
7060,3811,1037,1,116.0,116.0,fulfilled
7061,3812,1137,2,532.0,1064.0,fulfilled
7062,3813,1024,3,236.0,708.0,fulfilled
7063,3813,1013,1,97.0,97.0,fulfilled
7064,3814,1013,3,97.0,291.0,fulfilled
7065,3814,1028,1,311.0,311.0,fulfilled
7066,3814,1095,1,746.0,746.0,fulfilled
7067,3814,1102,1,887.0,887.0,fulfilled
7068,3815,1039,3,182.0,546.0,fulfilled
7069,3816,1099,2,338.0,676.0,fulfilled
7070,3816,1038,1,50.0,50.0,fulfilled
7071,3817,1037,2,116.0,232.0,fulfilled
7072,3817,1115,2,460.0,920.0,fulfilled
7073,3817,1131,3,143.0,429.0,fulfilled
7074,3818,1015,1,115.0,115.0,fulfilled
7075,3819,1079,1,90.0,90.0,fulfilled
7076,3820,1108,1,398.0,398.0,fulfilled
7077,3820,1124,1,482.0,482.0,fulfilled
7078,3821,1091,2,311.0,622.0,fulfilled
7079,3822,1021,1,232.0,232.0,fulfilled
7080,3823,1103,1,220.0,220.0,fulfilled
7081,3823,1141,1,664.0,664.0,fulfilled
7082,3823,1083,1,265.0,265.0,fulfilled
7083,3824,1029,1,238.0,238.0,fulfilled
7084,3824,1126,1,376.0,376.0,fulfilled
7085,3825,1034,3,70.0,210.0,out_of_stock_removed
7086,3826,1141,1,664.0,664.0,fulfilled
7087,3827,1141,1,664.0,664.0,fulfilled
7088,3827,1132,1,296.0,296.0,fulfilled
7089,3827,1031,1,159.0,159.0,fulfilled
7090,3827,1092,2,327.0,654.0,fulfilled
7091,3828,1091,2,311.0,622.0,fulfilled
7092,3829,1012,2,192.0,384.0,rejected_substitution
7093,3829,1001,1,36.0,36.0,fulfilled
7094,3829,1054,1,49.0,49.0,fulfilled
7095,3830,1061,1,310.0,310.0,fulfilled
7096,3831,1031,2,159.0,318.0,fulfilled
7097,3831,1136,1,393.0,393.0,fulfilled
7098,3831,1132,1,296.0,296.0,fulfilled
7099,3832,1024,2,236.0,472.0,fulfilled
7100,3832,1034,2,70.0,140.0,fulfilled
7101,3833,1031,2,159.0,318.0,fulfilled
7102,3834,1124,1,482.0,482.0,out_of_stock_removed
7103,3835,1118,1,93.0,93.0,fulfilled
7104,3836,1071,1,423.0,423.0,fulfilled
7105,3837,1128,1,207.0,207.0,fulfilled
7106,3837,1091,1,311.0,311.0,fulfilled
7107,3837,1038,1,50.0,50.0,fulfilled
7108,3837,1098,1,599.0,599.0,fulfilled
7109,3838,1128,2,207.0,414.0,rejected_substitution
7110,3838,1086,1,62.0,62.0,rejected_substitution
7111,3838,1072,1,76.0,76.0,fulfilled
7112,3838,1132,2,296.0,592.0,fulfilled
7113,3839,1140,1,240.0,240.0,fulfilled
7114,3840,1063,3,165.0,495.0,fulfilled
7115,3841,1117,1,61.0,61.0,fulfilled
7116,3842,1005,1,155.0,155.0,fulfilled
7117,3842,1030,1,214.0,214.0,fulfilled
7118,3842,1015,1,115.0,115.0,out_of_stock_removed
7119,3842,1107,1,665.0,665.0,fulfilled
7120,3843,1114,1,156.0,156.0,fulfilled
7121,3844,1053,1,37.0,37.0,fulfilled
7122,3845,1097,1,336.0,336.0,substituted
7123,3846,1140,2,240.0,480.0,fulfilled
7124,3846,1028,1,311.0,311.0,fulfilled
7125,3847,1032,1,173.0,173.0,rejected_substitution
7126,3848,1133,3,586.0,1758.0,fulfilled
7127,3848,1015,1,115.0,115.0,fulfilled
7128,3848,1015,1,115.0,115.0,fulfilled
7129,3849,1114,1,156.0,156.0,fulfilled
7130,3850,1102,1,887.0,887.0,fulfilled
7131,3850,1009,1,169.0,169.0,fulfilled
7132,3851,1118,1,93.0,93.0,fulfilled
7133,3851,1003,2,127.0,254.0,fulfilled
7134,3852,1094,1,308.0,308.0,fulfilled
7135,3853,1094,1,308.0,308.0,fulfilled
7136,3854,1032,1,173.0,173.0,fulfilled
7137,3854,1143,1,259.0,259.0,fulfilled
7138,3855,1131,1,143.0,143.0,fulfilled
7139,3855,1015,1,115.0,115.0,fulfilled
7140,3855,1116,1,486.0,486.0,fulfilled
7141,3856,1117,1,61.0,61.0,fulfilled
7142,3857,1004,1,36.0,36.0,fulfilled
7143,3858,1070,1,303.0,303.0,fulfilled
7144,3859,1121,1,549.0,549.0,fulfilled
7145,3860,1014,1,94.0,94.0,fulfilled
7146,3861,1132,1,296.0,296.0,fulfilled
7147,3862,1127,1,633.0,633.0,fulfilled
7148,3862,1141,1,664.0,664.0,fulfilled
7149,3862,1073,1,90.0,90.0,fulfilled
7150,3863,1108,2,398.0,796.0,fulfilled
7151,3864,1127,3,633.0,1899.0,fulfilled
7152,3865,1091,3,311.0,933.0,fulfilled
7153,3865,1143,1,259.0,259.0,fulfilled
7154,3866,1078,2,265.0,530.0,fulfilled
7155,3866,1136,2,393.0,786.0,fulfilled
7156,3866,1113,1,185.0,185.0,fulfilled
7157,3866,1018,1,177.0,177.0,rejected_substitution
7158,3867,1055,2,91.0,182.0,fulfilled
7159,3868,1002,1,186.0,186.0,out_of_stock_removed
7160,3869,1084,1,45.0,45.0,fulfilled
7161,3870,1026,1,210.0,210.0,out_of_stock_removed
7162,3871,1006,3,31.0,93.0,fulfilled
7163,3871,1134,1,935.0,935.0,fulfilled
7164,3872,1050,1,125.0,125.0,fulfilled
7165,3873,1144,1,438.0,438.0,fulfilled
7166,3874,1015,1,115.0,115.0,fulfilled
7167,3874,1131,1,143.0,143.0,fulfilled
7168,3874,1067,1,275.0,275.0,fulfilled
7169,3874,1078,1,265.0,265.0,fulfilled
7170,3875,1022,3,240.0,720.0,fulfilled
7171,3876,1007,1,108.0,108.0,fulfilled
7172,3877,1086,2,62.0,124.0,fulfilled
7173,3878,1047,1,102.0,102.0,fulfilled
7174,3879,1050,1,125.0,125.0,fulfilled
7175,3880,1144,1,438.0,438.0,fulfilled
7176,3881,1078,2,265.0,530.0,fulfilled
7177,3882,1027,1,44.0,44.0,fulfilled
7178,3883,1071,1,423.0,423.0,fulfilled
7179,3884,1015,1,115.0,115.0,out_of_stock_removed
7180,3884,1029,1,238.0,238.0,substituted
7181,3885,1134,1,935.0,935.0,out_of_stock_removed
7182,3885,1071,1,423.0,423.0,fulfilled
7183,3886,1037,2,116.0,232.0,fulfilled
7184,3887,1021,1,232.0,232.0,fulfilled
7185,3887,1067,1,275.0,275.0,fulfilled
7186,3887,1041,1,309.0,309.0,substituted
7187,3887,1042,1,235.0,235.0,fulfilled
7188,3888,1117,1,61.0,61.0,fulfilled
7189,3888,1058,1,84.0,84.0,fulfilled
7190,3888,1018,1,177.0,177.0,fulfilled
7191,3889,1070,1,303.0,303.0,fulfilled
7192,3890,1090,2,305.0,610.0,fulfilled
7193,3891,1092,1,327.0,327.0,fulfilled
7194,3892,1050,1,125.0,125.0,fulfilled
7195,3892,1031,1,159.0,159.0,substituted
7196,3892,1053,1,37.0,37.0,fulfilled
7197,3893,1132,1,296.0,296.0,fulfilled
7198,3894,1134,1,935.0,935.0,out_of_stock_removed
7199,3894,1054,1,49.0,49.0,substituted
7200,3895,1107,1,665.0,665.0,fulfilled
7201,3895,1131,1,143.0,143.0,fulfilled
7202,3896,1057,3,156.0,468.0,fulfilled
7203,3896,1072,1,76.0,76.0,fulfilled
7204,3896,1094,1,308.0,308.0,fulfilled
7205,3897,1104,1,737.0,737.0,fulfilled
7206,3898,1143,1,259.0,259.0,fulfilled
7207,3898,1015,1,115.0,115.0,fulfilled
7208,3899,1141,2,664.0,1328.0,fulfilled
7209,3900,1015,1,115.0,115.0,fulfilled
7210,3901,1111,2,60.0,120.0,fulfilled
7211,3902,1013,1,97.0,97.0,fulfilled
7212,3903,1038,1,50.0,50.0,fulfilled
7213,3904,1048,3,136.0,408.0,fulfilled
7214,3904,1101,1,561.0,561.0,fulfilled
7215,3904,1079,1,90.0,90.0,fulfilled
7216,3904,1031,2,159.0,318.0,fulfilled
7217,3905,1135,2,1063.0,2126.0,fulfilled
7218,3905,1015,1,115.0,115.0,fulfilled
7219,3905,1040,2,74.0,148.0,fulfilled
7220,3906,1028,1,311.0,311.0,fulfilled
7221,3907,1021,1,232.0,232.0,fulfilled
7222,3907,1141,3,664.0,1992.0,fulfilled
7223,3908,1007,1,108.0,108.0,fulfilled
7224,3908,1068,1,270.0,270.0,fulfilled
7225,3908,1003,1,127.0,127.0,rejected_substitution
7226,3908,1057,1,156.0,156.0,substituted
7227,3908,1136,1,393.0,393.0,fulfilled
7228,3909,1144,2,438.0,876.0,fulfilled
7229,3909,1042,2,235.0,470.0,fulfilled
7230,3910,1034,3,70.0,210.0,fulfilled
7231,3910,1141,1,664.0,664.0,fulfilled
7232,3911,1123,1,208.0,208.0,fulfilled
7233,3912,1109,2,413.0,826.0,fulfilled
7234,3913,1141,1,664.0,664.0,fulfilled
7235,3914,1027,1,44.0,44.0,fulfilled
7236,3915,1146,1,911.0,911.0,fulfilled
7237,3915,1128,2,207.0,414.0,substituted
7238,3915,1143,1,259.0,259.0,fulfilled
7239,3915,1141,2,664.0,1328.0,fulfilled
7240,3916,1126,1,376.0,376.0,fulfilled
7241,3916,1136,2,393.0,786.0,fulfilled
7242,3917,1136,1,393.0,393.0,fulfilled
7243,3917,1115,1,460.0,460.0,out_of_stock_removed
7244,3918,1063,2,165.0,330.0,fulfilled
7245,3918,1141,1,664.0,664.0,fulfilled
7246,3918,1069,1,313.0,313.0,fulfilled
7247,3918,1137,1,532.0,532.0,fulfilled
7248,3919,1121,1,549.0,549.0,fulfilled
7249,3919,1015,1,115.0,115.0,fulfilled
7250,3919,1096,2,251.0,502.0,fulfilled
7251,3919,1059,2,444.0,888.0,fulfilled
7252,3920,1065,1,388.0,388.0,fulfilled
7253,3920,1132,2,296.0,592.0,fulfilled
7254,3921,1028,1,311.0,311.0,fulfilled
7255,3922,1115,1,460.0,460.0,out_of_stock_removed
7256,3922,1127,3,633.0,1899.0,fulfilled
7257,3923,1071,1,423.0,423.0,fulfilled
7258,3923,1131,1,143.0,143.0,fulfilled
7259,3924,1128,2,207.0,414.0,fulfilled
7260,3924,1056,1,180.0,180.0,fulfilled
7261,3925,1019,2,224.0,448.0,rejected_substitution
7262,3925,1015,2,115.0,230.0,fulfilled
7263,3925,1003,1,127.0,127.0,fulfilled
7264,3925,1070,2,303.0,606.0,fulfilled
7265,3926,1114,1,156.0,156.0,fulfilled
7266,3926,1140,2,240.0,480.0,fulfilled
7267,3926,1128,2,207.0,414.0,fulfilled
7268,3926,1024,1,236.0,236.0,fulfilled
7269,3927,1011,1,221.0,221.0,fulfilled
7270,3927,1052,1,30.0,30.0,fulfilled
7271,3928,1034,1,70.0,70.0,fulfilled
7272,3929,1128,3,207.0,621.0,fulfilled
7273,3930,1015,2,115.0,230.0,fulfilled
7274,3930,1114,1,156.0,156.0,fulfilled
7275,3931,1072,1,76.0,76.0,rejected_substitution
7276,3932,1059,1,444.0,444.0,fulfilled
7277,3932,1015,1,115.0,115.0,fulfilled
7278,3933,1089,1,154.0,154.0,fulfilled
7279,3933,1103,3,220.0,660.0,fulfilled
7280,3933,1016,2,179.0,358.0,fulfilled
7281,3934,1133,1,586.0,586.0,fulfilled
7282,3934,1038,3,50.0,150.0,substituted
7283,3934,1061,1,310.0,310.0,fulfilled
7284,3935,1115,1,460.0,460.0,fulfilled
7285,3936,1018,2,177.0,354.0,fulfilled
7286,3937,1128,1,207.0,207.0,rejected_substitution
7287,3937,1109,1,413.0,413.0,fulfilled
7288,3938,1070,3,303.0,909.0,fulfilled
7289,3938,1083,3,265.0,795.0,fulfilled
7290,3939,1143,2,259.0,518.0,fulfilled
7291,3939,1061,2,310.0,620.0,fulfilled
7292,3940,1133,1,586.0,586.0,fulfilled
7293,3941,1086,1,62.0,62.0,fulfilled
7294,3941,1143,2,259.0,518.0,fulfilled
7295,3942,1024,1,236.0,236.0,rejected_substitution
7296,3942,1100,1,548.0,548.0,fulfilled
7297,3943,1005,1,155.0,155.0,fulfilled
7298,3943,1046,1,31.0,31.0,substituted
7299,3943,1013,2,97.0,194.0,fulfilled
7300,3944,1084,1,45.0,45.0,fulfilled
7301,3944,1005,3,155.0,465.0,fulfilled
7302,3945,1015,2,115.0,230.0,fulfilled
7303,3946,1027,1,44.0,44.0,fulfilled
7304,3947,1143,1,259.0,259.0,fulfilled
7305,3947,1005,1,155.0,155.0,out_of_stock_removed
7306,3947,1132,1,296.0,296.0,substituted
7307,3948,1123,1,208.0,208.0,fulfilled
7308,3948,1072,1,76.0,76.0,fulfilled
7309,3948,1095,1,746.0,746.0,fulfilled
7310,3949,1103,1,220.0,220.0,fulfilled
7311,3949,1125,1,667.0,667.0,fulfilled
7312,3950,1117,1,61.0,61.0,fulfilled
7313,3951,1140,1,240.0,240.0,fulfilled
7314,3952,1035,1,297.0,297.0,fulfilled
7315,3952,1005,1,155.0,155.0,fulfilled
7316,3953,1132,1,296.0,296.0,fulfilled
7317,3954,1128,1,207.0,207.0,fulfilled
7318,3955,1012,1,192.0,192.0,fulfilled
7319,3955,1141,2,664.0,1328.0,fulfilled
7320,3955,1026,2,210.0,420.0,fulfilled
7321,3956,1068,1,270.0,270.0,fulfilled
7322,3956,1114,1,156.0,156.0,fulfilled
7323,3957,1091,2,311.0,622.0,fulfilled
7324,3958,1126,1,376.0,376.0,fulfilled
7325,3958,1051,1,158.0,158.0,fulfilled
7326,3958,1043,3,80.0,240.0,fulfilled
7327,3959,1055,1,91.0,91.0,fulfilled
7328,3960,1027,1,44.0,44.0,fulfilled
7329,3961,1091,1,311.0,311.0,fulfilled
7330,3961,1129,2,649.0,1298.0,fulfilled
7331,3962,1128,2,207.0,414.0,fulfilled
7332,3963,1127,1,633.0,633.0,fulfilled
7333,3963,1023,1,87.0,87.0,substituted
7334,3963,1085,2,200.0,400.0,fulfilled
7335,3964,1112,1,610.0,610.0,fulfilled
7336,3964,1022,3,240.0,720.0,fulfilled
7337,3964,1027,2,44.0,88.0,fulfilled
7338,3965,1029,2,238.0,476.0,fulfilled
7339,3965,1028,2,311.0,622.0,fulfilled
7340,3965,1116,1,486.0,486.0,fulfilled
7341,3966,1015,2,115.0,230.0,fulfilled
7342,3966,1143,2,259.0,518.0,fulfilled
7343,3967,1109,1,413.0,413.0,fulfilled
7344,3967,1019,1,224.0,224.0,fulfilled
7345,3967,1087,3,341.0,1023.0,fulfilled
7346,3968,1102,3,887.0,2661.0,fulfilled
7347,3968,1095,2,746.0,1492.0,fulfilled
7348,3968,1136,1,393.0,393.0,fulfilled
7349,3969,1141,2,664.0,1328.0,fulfilled
7350,3969,1015,1,115.0,115.0,out_of_stock_removed
7351,3969,1143,2,259.0,518.0,fulfilled
7352,3970,1015,1,115.0,115.0,fulfilled
7353,3970,1022,3,240.0,720.0,substituted
7354,3970,1007,2,108.0,216.0,fulfilled
7355,3970,1141,2,664.0,1328.0,fulfilled
7356,3971,1095,1,746.0,746.0,fulfilled
7357,3972,1093,1,288.0,288.0,fulfilled
7358,3973,1050,1,125.0,125.0,rejected_substitution
7359,3974,1134,1,935.0,935.0,fulfilled
7360,3974,1024,1,236.0,236.0,rejected_substitution
7361,3974,1141,1,664.0,664.0,fulfilled
7362,3975,1025,3,175.0,525.0,fulfilled
7363,3975,1024,1,236.0,236.0,substituted
7364,3976,1128,1,207.0,207.0,fulfilled
7365,3976,1012,2,192.0,384.0,rejected_substitution
7366,3976,1028,1,311.0,311.0,fulfilled
7367,3977,1141,1,664.0,664.0,fulfilled
7368,3978,1024,1,236.0,236.0,fulfilled
7369,3978,1078,1,265.0,265.0,fulfilled
7370,3979,1070,2,303.0,606.0,fulfilled
7371,3979,1046,1,31.0,31.0,fulfilled
7372,3979,1082,1,130.0,130.0,fulfilled
7373,3980,1052,1,30.0,30.0,fulfilled
7374,3980,1136,2,393.0,786.0,fulfilled
7375,3981,1014,3,94.0,282.0,fulfilled
7376,3981,1091,1,311.0,311.0,fulfilled
7377,3982,1140,1,240.0,240.0,fulfilled
7378,3983,1142,1,147.0,147.0,fulfilled
7379,3984,1143,1,259.0,259.0,fulfilled
7380,3984,1112,2,610.0,1220.0,fulfilled
7381,3985,1144,1,438.0,438.0,fulfilled
7382,3985,1128,2,207.0,414.0,fulfilled
7383,3985,1068,1,270.0,270.0,fulfilled
7384,3986,1146,1,911.0,911.0,fulfilled
7385,3986,1123,1,208.0,208.0,fulfilled
7386,3987,1139,1,83.0,83.0,fulfilled
7387,3988,1094,3,308.0,924.0,fulfilled
7388,3989,1071,1,423.0,423.0,fulfilled
7389,3989,1031,1,159.0,159.0,fulfilled
7390,3989,1144,3,438.0,1314.0,fulfilled
7391,3990,1057,1,156.0,156.0,fulfilled
7392,3990,1136,2,393.0,786.0,fulfilled
7393,3991,1010,1,254.0,254.0,rejected_substitution
7394,3991,1015,1,115.0,115.0,fulfilled
7395,3991,1014,3,94.0,282.0,fulfilled
7396,3991,1031,1,159.0,159.0,fulfilled
7397,3992,1035,1,297.0,297.0,fulfilled
7398,3993,1025,1,175.0,175.0,fulfilled
7399,3994,1128,1,207.0,207.0,fulfilled
7400,3995,1048,1,136.0,136.0,fulfilled
7401,3996,1081,3,37.0,111.0,fulfilled
7402,3997,1099,1,338.0,338.0,fulfilled
7403,3998,1005,1,155.0,155.0,out_of_stock_removed
7404,3998,1046,2,31.0,62.0,fulfilled
7405,3998,1128,2,207.0,414.0,fulfilled
7406,3999,1077,1,54.0,54.0,fulfilled
7407,3999,1141,1,664.0,664.0,fulfilled
7408,3999,1026,1,210.0,210.0,fulfilled
7409,4000,1055,1,91.0,91.0,fulfilled
7410,4001,1092,1,327.0,327.0,fulfilled
7411,4002,1141,1,664.0,664.0,fulfilled
7412,4002,1050,1,125.0,125.0,fulfilled
7413,4003,1062,2,59.0,118.0,fulfilled
7414,4003,1125,1,667.0,667.0,fulfilled
7415,4003,1140,1,240.0,240.0,fulfilled
7416,4003,1091,2,311.0,622.0,fulfilled
7417,4004,1129,2,649.0,1298.0,fulfilled
7418,4004,1034,3,70.0,210.0,out_of_stock_removed
7419,4004,1140,1,240.0,240.0,fulfilled
7420,4005,1108,1,398.0,398.0,fulfilled
7421,4005,1096,1,251.0,251.0,fulfilled
7422,4006,1117,1,61.0,61.0,fulfilled
7423,4006,1082,1,130.0,130.0,fulfilled
7424,4006,1128,2,207.0,414.0,fulfilled
7425,4007,1136,1,393.0,393.0,fulfilled
7426,4007,1146,3,911.0,2733.0,fulfilled
7427,4007,1108,1,398.0,398.0,fulfilled
7428,4008,1015,1,115.0,115.0,fulfilled
7429,4009,1141,1,664.0,664.0,fulfilled
7430,4009,1005,1,155.0,155.0,out_of_stock_removed
7431,4010,1063,2,165.0,330.0,fulfilled
7432,4010,1015,2,115.0,230.0,fulfilled
7433,4010,1071,2,423.0,846.0,fulfilled
7434,4011,1072,1,76.0,76.0,fulfilled
7435,4011,1005,1,155.0,155.0,out_of_stock_removed
7436,4012,1002,1,186.0,186.0,fulfilled
7437,4013,1078,1,265.0,265.0,fulfilled
7438,4013,1001,1,36.0,36.0,out_of_stock_removed
7439,4013,1142,2,147.0,294.0,fulfilled
7440,4014,1132,1,296.0,296.0,fulfilled
7441,4015,1130,2,379.0,758.0,fulfilled
7442,4015,1005,1,155.0,155.0,fulfilled
7443,4016,1008,1,51.0,51.0,fulfilled
7444,4016,1141,1,664.0,664.0,fulfilled
7445,4016,1046,1,31.0,31.0,fulfilled
7446,4016,1073,2,90.0,180.0,fulfilled
7447,4017,1046,1,31.0,31.0,fulfilled
7448,4018,1124,1,482.0,482.0,fulfilled
7449,4018,1027,2,44.0,88.0,fulfilled
7450,4019,1115,1,460.0,460.0,fulfilled
7451,4020,1043,1,80.0,80.0,fulfilled
7452,4020,1126,1,376.0,376.0,out_of_stock_removed
7453,4020,1123,1,208.0,208.0,fulfilled
7454,4021,1143,2,259.0,518.0,fulfilled
7455,4022,1132,2,296.0,592.0,fulfilled
7456,4023,1055,1,91.0,91.0,fulfilled
7457,4024,1027,1,44.0,44.0,fulfilled
7458,4025,1121,1,549.0,549.0,fulfilled
7459,4026,1061,1,310.0,310.0,fulfilled
7460,4027,1141,1,664.0,664.0,fulfilled
7461,4027,1107,3,665.0,1995.0,fulfilled
7462,4028,1091,1,311.0,311.0,fulfilled
7463,4028,1066,1,203.0,203.0,fulfilled
7464,4028,1048,1,136.0,136.0,fulfilled
7465,4029,1111,1,60.0,60.0,substituted
7466,4029,1002,1,186.0,186.0,out_of_stock_removed
7467,4030,1141,1,664.0,664.0,fulfilled
7468,4031,1143,1,259.0,259.0,fulfilled
7469,4032,1091,1,311.0,311.0,fulfilled
7470,4032,1001,1,36.0,36.0,fulfilled
7471,4032,1141,2,664.0,1328.0,fulfilled
7472,4033,1078,1,265.0,265.0,fulfilled
7473,4033,1005,1,155.0,155.0,fulfilled
7474,4034,1132,1,296.0,296.0,fulfilled
7475,4034,1101,1,561.0,561.0,fulfilled
7476,4035,1013,1,97.0,97.0,fulfilled
7477,4036,1050,1,125.0,125.0,fulfilled
7478,4036,1141,1,664.0,664.0,fulfilled
7479,4037,1070,1,303.0,303.0,fulfilled
7480,4037,1024,1,236.0,236.0,fulfilled
7481,4037,1129,1,649.0,649.0,fulfilled
7482,4038,1069,1,313.0,313.0,fulfilled
7483,4039,1071,1,423.0,423.0,fulfilled
7484,4039,1105,1,623.0,623.0,fulfilled
7485,4040,1095,1,746.0,746.0,fulfilled
7486,4041,1109,1,413.0,413.0,fulfilled
7487,4041,1103,1,220.0,220.0,fulfilled
7488,4041,1013,1,97.0,97.0,substituted
7489,4041,1015,1,115.0,115.0,fulfilled
7490,4042,1051,1,158.0,158.0,fulfilled
7491,4043,1010,1,254.0,254.0,fulfilled
7492,4044,1131,2,143.0,286.0,fulfilled
7493,4044,1136,1,393.0,393.0,fulfilled
7494,4045,1014,1,94.0,94.0,fulfilled
7495,4045,1140,1,240.0,240.0,fulfilled
7496,4046,1141,3,664.0,1992.0,fulfilled
7497,4047,1131,1,143.0,143.0,fulfilled
7498,4048,1035,1,297.0,297.0,fulfilled
7499,4048,1141,3,664.0,1992.0,fulfilled
7500,4049,1141,1,664.0,664.0,fulfilled
7501,4049,1015,1,115.0,115.0,fulfilled
7502,4049,1136,2,393.0,786.0,fulfilled
7503,4050,1143,2,259.0,518.0,fulfilled
7504,4050,1050,1,125.0,125.0,fulfilled
7505,4050,1025,1,175.0,175.0,rejected_substitution
7506,4050,1136,1,393.0,393.0,fulfilled
7507,4051,1091,1,311.0,311.0,fulfilled
7508,4051,1041,1,309.0,309.0,fulfilled
7509,4051,1031,1,159.0,159.0,fulfilled
7510,4051,1063,1,165.0,165.0,fulfilled
7511,4052,1131,1,143.0,143.0,fulfilled
7512,4052,1080,1,187.0,187.0,fulfilled
7513,4052,1117,1,61.0,61.0,fulfilled
7514,4053,1131,1,143.0,143.0,fulfilled
7515,4053,1001,1,36.0,36.0,out_of_stock_removed
7516,4054,1114,1,156.0,156.0,fulfilled
7517,4055,1037,1,116.0,116.0,fulfilled
7518,4056,1096,2,251.0,502.0,fulfilled
7519,4057,1131,1,143.0,143.0,fulfilled
7520,4058,1128,1,207.0,207.0,fulfilled
7521,4059,1107,1,665.0,665.0,fulfilled
7522,4060,1016,1,179.0,179.0,fulfilled
7523,4061,1091,1,311.0,311.0,fulfilled
7524,4061,1086,1,62.0,62.0,fulfilled
7525,4062,1041,2,309.0,618.0,substituted
7526,4063,1077,1,54.0,54.0,fulfilled
7527,4064,1070,2,303.0,606.0,fulfilled
7528,4064,1050,1,125.0,125.0,fulfilled
7529,4065,1037,2,116.0,232.0,fulfilled
7530,4066,1138,1,304.0,304.0,fulfilled
7531,4066,1145,1,1144.0,1144.0,fulfilled
7532,4066,1132,3,296.0,888.0,fulfilled
7533,4067,1083,1,265.0,265.0,fulfilled
7534,4068,1051,1,158.0,158.0,fulfilled
7535,4069,1114,1,156.0,156.0,fulfilled
7536,4070,1117,2,61.0,122.0,fulfilled
7537,4070,1024,1,236.0,236.0,substituted
7538,4071,1030,2,214.0,428.0,fulfilled
7539,4072,1046,2,31.0,62.0,fulfilled
7540,4072,1019,1,224.0,224.0,substituted
7541,4072,1031,1,159.0,159.0,fulfilled
7542,4072,1080,1,187.0,187.0,fulfilled
7543,4072,1042,3,235.0,705.0,fulfilled
7544,4073,1132,2,296.0,592.0,fulfilled
7545,4074,1061,1,310.0,310.0,fulfilled
7546,4075,1132,1,296.0,296.0,fulfilled
7547,4076,1089,1,154.0,154.0,fulfilled
7548,4077,1143,1,259.0,259.0,rejected_substitution
7549,4077,1070,1,303.0,303.0,fulfilled
7550,4078,1118,1,93.0,93.0,fulfilled
7551,4078,1141,1,664.0,664.0,fulfilled
7552,4079,1013,2,97.0,194.0,fulfilled
7553,4080,1132,1,296.0,296.0,substituted
7554,4081,1029,2,238.0,476.0,fulfilled
7555,4082,1141,1,664.0,664.0,fulfilled
7556,4082,1091,3,311.0,933.0,fulfilled
7557,4082,1136,1,393.0,393.0,fulfilled
7558,4083,1023,1,87.0,87.0,fulfilled
7559,4084,1092,1,327.0,327.0,fulfilled
7560,4085,1142,2,147.0,294.0,fulfilled
7561,4086,1132,1,296.0,296.0,fulfilled
7562,4086,1071,1,423.0,423.0,fulfilled
7563,4086,1136,1,393.0,393.0,fulfilled
7564,4086,1034,1,70.0,70.0,fulfilled
7565,4087,1132,1,296.0,296.0,fulfilled
7566,4087,1093,1,288.0,288.0,fulfilled
7567,4087,1081,1,37.0,37.0,fulfilled
7568,4088,1086,1,62.0,62.0,fulfilled
7569,4088,1041,1,309.0,309.0,fulfilled
7570,4089,1119,2,172.0,344.0,fulfilled
7571,4089,1101,1,561.0,561.0,fulfilled
7572,4090,1074,2,153.0,306.0,fulfilled
7573,4090,1027,1,44.0,44.0,substituted
7574,4091,1140,1,240.0,240.0,fulfilled
7575,4092,1072,2,76.0,152.0,fulfilled
7576,4092,1091,1,311.0,311.0,fulfilled
7577,4093,1009,2,169.0,338.0,fulfilled
7578,4094,1080,2,187.0,374.0,fulfilled
7579,4095,1070,1,303.0,303.0,fulfilled
7580,4095,1050,3,125.0,375.0,fulfilled
7581,4096,1141,2,664.0,1328.0,fulfilled
7582,4096,1016,1,179.0,179.0,fulfilled
7583,4096,1015,1,115.0,115.0,fulfilled
7584,4097,1017,1,198.0,198.0,out_of_stock_removed
7585,4098,1004,1,36.0,36.0,fulfilled
7586,4099,1015,2,115.0,230.0,fulfilled
7587,4099,1115,1,460.0,460.0,fulfilled
7588,4099,1142,2,147.0,294.0,fulfilled
7589,4100,1142,1,147.0,147.0,rejected_substitution
7590,4100,1132,1,296.0,296.0,fulfilled
7591,4100,1019,3,224.0,672.0,fulfilled
7592,4101,1126,1,376.0,376.0,out_of_stock_removed
7593,4102,1071,1,423.0,423.0,fulfilled
7594,4103,1024,1,236.0,236.0,rejected_substitution
7595,4103,1047,3,102.0,306.0,fulfilled
7596,4103,1028,1,311.0,311.0,fulfilled
7597,4103,1130,1,379.0,379.0,fulfilled
7598,4104,1063,1,165.0,165.0,fulfilled
7599,4105,1141,1,664.0,664.0,fulfilled
7600,4105,1132,1,296.0,296.0,fulfilled
7601,4106,1072,3,76.0,228.0,fulfilled
7602,4106,1128,1,207.0,207.0,fulfilled
7603,4106,1071,1,423.0,423.0,fulfilled
7604,4106,1141,2,664.0,1328.0,fulfilled
7605,4107,1125,2,667.0,1334.0,fulfilled
7606,4107,1007,2,108.0,216.0,fulfilled
7607,4107,1091,1,311.0,311.0,fulfilled
7608,4108,1050,1,125.0,125.0,rejected_substitution
7609,4108,1053,2,37.0,74.0,substituted
7610,4108,1112,1,610.0,610.0,fulfilled
7611,4109,1043,1,80.0,80.0,fulfilled
7612,4109,1061,1,310.0,310.0,fulfilled
7613,4109,1020,2,103.0,206.0,fulfilled
7614,4110,1132,3,296.0,888.0,fulfilled
7615,4111,1117,1,61.0,61.0,fulfilled
7616,4112,1096,1,251.0,251.0,fulfilled
7617,4113,1092,1,327.0,327.0,fulfilled
7618,4114,1051,1,158.0,158.0,fulfilled
7619,4115,1143,1,259.0,259.0,fulfilled
7620,4115,1094,2,308.0,616.0,fulfilled
7621,4115,1104,2,737.0,1474.0,fulfilled
7622,4116,1071,1,423.0,423.0,fulfilled
7623,4117,1106,2,337.0,674.0,fulfilled
7624,4118,1065,1,388.0,388.0,fulfilled
7625,4118,1143,1,259.0,259.0,fulfilled
7626,4118,1083,2,265.0,530.0,substituted
7627,4119,1137,1,532.0,532.0,fulfilled
7628,4119,1081,1,37.0,37.0,fulfilled
7629,4119,1091,1,311.0,311.0,fulfilled
7630,4120,1121,1,549.0,549.0,fulfilled
7631,4120,1132,2,296.0,592.0,fulfilled
7632,4120,1001,1,36.0,36.0,fulfilled
7633,4120,1119,3,172.0,516.0,fulfilled
7634,4121,1012,1,192.0,192.0,fulfilled
7635,4122,1007,1,108.0,108.0,fulfilled
7636,4122,1015,1,115.0,115.0,fulfilled
7637,4122,1024,1,236.0,236.0,substituted
7638,4123,1071,1,423.0,423.0,fulfilled
7639,4124,1108,1,398.0,398.0,fulfilled
7640,4125,1041,1,309.0,309.0,fulfilled
7641,4125,1012,1,192.0,192.0,fulfilled
7642,4125,1012,1,192.0,192.0,fulfilled
7643,4126,1037,1,116.0,116.0,out_of_stock_removed
7644,4127,1003,1,127.0,127.0,fulfilled
7645,4128,1076,1,312.0,312.0,fulfilled
7646,4129,1028,1,311.0,311.0,fulfilled
7647,4129,1089,3,154.0,462.0,fulfilled
7648,4129,1076,1,312.0,312.0,fulfilled
7649,4129,1137,1,532.0,532.0,fulfilled
7650,4130,1140,2,240.0,480.0,fulfilled
7651,4131,1015,1,115.0,115.0,fulfilled
7652,4131,1067,1,275.0,275.0,fulfilled
7653,4132,1070,2,303.0,606.0,fulfilled
7654,4133,1098,1,599.0,599.0,fulfilled
7655,4134,1056,1,180.0,180.0,fulfilled
7656,4135,1128,1,207.0,207.0,substituted
7657,4135,1115,1,460.0,460.0,fulfilled
7658,4136,1130,1,379.0,379.0,fulfilled
7659,4137,1131,1,143.0,143.0,fulfilled
7660,4138,1025,1,175.0,175.0,fulfilled
7661,4138,1046,1,31.0,31.0,fulfilled
7662,4139,1087,1,341.0,341.0,fulfilled
7663,4140,1032,3,173.0,519.0,fulfilled
7664,4141,1042,1,235.0,235.0,fulfilled
7665,4141,1106,1,337.0,337.0,fulfilled
7666,4142,1059,1,444.0,444.0,fulfilled
7667,4142,1102,2,887.0,1774.0,fulfilled
7668,4142,1035,1,297.0,297.0,fulfilled
7669,4143,1024,1,236.0,236.0,fulfilled
7670,4143,1063,1,165.0,165.0,fulfilled
7671,4143,1079,1,90.0,90.0,fulfilled
7672,4143,1058,1,84.0,84.0,rejected_substitution
7673,4144,1106,1,337.0,337.0,fulfilled
7674,4144,1063,1,165.0,165.0,fulfilled
7675,4144,1132,1,296.0,296.0,fulfilled
7676,4145,1093,1,288.0,288.0,fulfilled
7677,4145,1132,1,296.0,296.0,fulfilled
7678,4146,1132,1,296.0,296.0,fulfilled
7679,4146,1031,1,159.0,159.0,fulfilled
7680,4147,1126,3,376.0,1128.0,fulfilled
7681,4148,1143,2,259.0,518.0,fulfilled
7682,4148,1111,1,60.0,60.0,fulfilled
7683,4149,1051,1,158.0,158.0,fulfilled
7684,4149,1131,1,143.0,143.0,fulfilled
7685,4150,1035,3,297.0,891.0,fulfilled
7686,4150,1143,1,259.0,259.0,fulfilled
7687,4151,1015,1,115.0,115.0,fulfilled
7688,4151,1143,1,259.0,259.0,fulfilled
7689,4152,1024,1,236.0,236.0,fulfilled
7690,4153,1099,1,338.0,338.0,fulfilled
7691,4153,1091,1,311.0,311.0,fulfilled
7692,4153,1048,1,136.0,136.0,fulfilled
7693,4154,1132,1,296.0,296.0,fulfilled
7694,4154,1017,1,198.0,198.0,out_of_stock_removed
7695,4155,1064,1,255.0,255.0,fulfilled
7696,4155,1079,1,90.0,90.0,fulfilled
7697,4156,1143,1,259.0,259.0,fulfilled
7698,4156,1079,1,90.0,90.0,fulfilled
7699,4157,1003,2,127.0,254.0,fulfilled
7700,4158,1129,2,649.0,1298.0,fulfilled
7701,4158,1111,1,60.0,60.0,fulfilled
7702,4159,1070,2,303.0,606.0,fulfilled
7703,4159,1086,1,62.0,62.0,fulfilled
7704,4159,1014,1,94.0,94.0,fulfilled
7705,4160,1068,2,270.0,540.0,fulfilled
7706,4161,1015,1,115.0,115.0,fulfilled
7707,4161,1102,1,887.0,887.0,fulfilled
7708,4161,1080,2,187.0,374.0,fulfilled
7709,4162,1015,1,115.0,115.0,fulfilled
7710,4163,1038,2,50.0,100.0,fulfilled
7711,4164,1114,1,156.0,156.0,fulfilled
7712,4164,1028,1,311.0,311.0,fulfilled
7713,4164,1143,3,259.0,777.0,fulfilled
7714,4164,1015,1,115.0,115.0,fulfilled
7715,4165,1003,1,127.0,127.0,substituted
7716,4165,1091,1,311.0,311.0,fulfilled
7717,4165,1132,1,296.0,296.0,fulfilled
7718,4165,1073,1,90.0,90.0,fulfilled
7719,4165,1143,1,259.0,259.0,fulfilled
7720,4165,1113,2,185.0,370.0,fulfilled
7721,4166,1046,1,31.0,31.0,fulfilled
7722,4166,1066,1,203.0,203.0,fulfilled
7723,4166,1033,1,282.0,282.0,fulfilled
7724,4166,1078,1,265.0,265.0,fulfilled
7725,4167,1141,1,664.0,664.0,fulfilled
7726,4168,1001,1,36.0,36.0,out_of_stock_removed
7727,4168,1059,1,444.0,444.0,fulfilled
7728,4169,1004,2,36.0,72.0,fulfilled
7729,4170,1071,1,423.0,423.0,rejected_substitution
7730,4170,1002,1,186.0,186.0,fulfilled
7731,4171,1042,1,235.0,235.0,fulfilled
7732,4171,1038,1,50.0,50.0,fulfilled
7733,4172,1024,3,236.0,708.0,fulfilled
7734,4172,1071,1,423.0,423.0,fulfilled
7735,4172,1050,1,125.0,125.0,substituted
7736,4173,1079,1,90.0,90.0,fulfilled
7737,4173,1043,1,80.0,80.0,fulfilled
7738,4173,1127,1,633.0,633.0,fulfilled
7739,4174,1020,1,103.0,103.0,fulfilled
7740,4174,1136,1,393.0,393.0,fulfilled
7741,4174,1091,1,311.0,311.0,fulfilled
7742,4174,1024,1,236.0,236.0,rejected_substitution
7743,4175,1078,1,265.0,265.0,fulfilled
7744,4175,1133,1,586.0,586.0,fulfilled
7745,4175,1017,1,198.0,198.0,fulfilled
7746,4176,1070,1,303.0,303.0,fulfilled
7747,4177,1025,1,175.0,175.0,fulfilled
7748,4177,1132,2,296.0,592.0,fulfilled
7749,4178,1064,1,255.0,255.0,fulfilled
7750,4179,1140,1,240.0,240.0,fulfilled
7751,4179,1132,1,296.0,296.0,fulfilled
7752,4179,1140,1,240.0,240.0,fulfilled
7753,4180,1141,1,664.0,664.0,fulfilled
7754,4181,1141,1,664.0,664.0,fulfilled
7755,4181,1091,1,311.0,311.0,fulfilled
7756,4181,1141,2,664.0,1328.0,fulfilled
7757,4181,1097,1,336.0,336.0,fulfilled
7758,4182,1131,1,143.0,143.0,fulfilled
7759,4183,1131,2,143.0,286.0,fulfilled
7760,4184,1143,3,259.0,777.0,fulfilled
7761,4185,1094,1,308.0,308.0,fulfilled
7762,4185,1007,1,108.0,108.0,fulfilled
7763,4185,1059,2,444.0,888.0,fulfilled
7764,4185,1117,1,61.0,61.0,fulfilled
7765,4186,1102,1,887.0,887.0,fulfilled
7766,4186,1070,1,303.0,303.0,fulfilled
7767,4187,1004,2,36.0,72.0,fulfilled
7768,4188,1132,1,296.0,296.0,fulfilled
7769,4188,1070,1,303.0,303.0,fulfilled
7770,4189,1098,1,599.0,599.0,fulfilled
7771,4189,1076,1,312.0,312.0,fulfilled
7772,4190,1082,2,130.0,260.0,fulfilled
7773,4191,1070,1,303.0,303.0,fulfilled
7774,4191,1046,1,31.0,31.0,rejected_substitution
7775,4192,1132,1,296.0,296.0,fulfilled
7776,4193,1131,1,143.0,143.0,fulfilled
7777,4193,1132,1,296.0,296.0,fulfilled
7778,4194,1031,1,159.0,159.0,fulfilled
7779,4195,1076,1,312.0,312.0,fulfilled
7780,4196,1070,3,303.0,909.0,fulfilled
7781,4197,1090,1,305.0,305.0,fulfilled
7782,4198,1046,1,31.0,31.0,rejected_substitution
7783,4198,1117,1,61.0,61.0,fulfilled
7784,4199,1050,1,125.0,125.0,fulfilled
7785,4199,1019,1,224.0,224.0,fulfilled
7786,4199,1005,1,155.0,155.0,fulfilled
7787,4200,1005,1,155.0,155.0,out_of_stock_removed
7788,4201,1089,1,154.0,154.0,fulfilled
7789,4202,1003,1,127.0,127.0,fulfilled
7790,4202,1006,1,31.0,31.0,fulfilled
7791,4202,1078,3,265.0,795.0,fulfilled
7792,4202,1101,1,561.0,561.0,fulfilled
7793,4203,1136,1,393.0,393.0,fulfilled
7794,4204,1129,2,649.0,1298.0,fulfilled
7795,4204,1141,1,664.0,664.0,fulfilled
7796,4205,1007,1,108.0,108.0,fulfilled
7797,4206,1005,1,155.0,155.0,fulfilled
7798,4207,1037,1,116.0,116.0,out_of_stock_removed
7799,4208,1019,1,224.0,224.0,fulfilled
7800,4209,1041,2,309.0,618.0,fulfilled
7801,4209,1120,1,475.0,475.0,fulfilled
7802,4210,1140,3,240.0,720.0,fulfilled
7803,4211,1096,3,251.0,753.0,fulfilled
7804,4212,1080,1,187.0,187.0,fulfilled
7805,4212,1051,1,158.0,158.0,substituted
7806,4213,1046,1,31.0,31.0,fulfilled
7807,4214,1005,2,155.0,310.0,out_of_stock_removed
7808,4214,1001,2,36.0,72.0,fulfilled
7809,4215,1080,2,187.0,374.0,fulfilled
7810,4215,1054,1,49.0,49.0,fulfilled
7811,4215,1129,2,649.0,1298.0,fulfilled
7812,4215,1088,2,240.0,480.0,fulfilled
7813,4215,1069,1,313.0,313.0,fulfilled
7814,4216,1013,1,97.0,97.0,fulfilled
7815,4217,1121,1,549.0,549.0,fulfilled
7816,4218,1046,1,31.0,31.0,fulfilled
7817,4218,1057,3,156.0,468.0,fulfilled
7818,4219,1136,2,393.0,786.0,fulfilled
7819,4220,1098,1,599.0,599.0,fulfilled
7820,4221,1127,1,633.0,633.0,fulfilled
7821,4221,1077,1,54.0,54.0,fulfilled
7822,4221,1128,1,207.0,207.0,fulfilled
7823,4221,1143,1,259.0,259.0,fulfilled
7824,4221,1005,1,155.0,155.0,fulfilled
7825,4222,1012,3,192.0,576.0,fulfilled
7826,4223,1141,2,664.0,1328.0,fulfilled
7827,4224,1128,1,207.0,207.0,fulfilled
7828,4224,1015,1,115.0,115.0,fulfilled
7829,4225,1050,1,125.0,125.0,fulfilled
7830,4226,1053,1,37.0,37.0,fulfilled
7831,4226,1114,1,156.0,156.0,fulfilled
7832,4227,1128,1,207.0,207.0,fulfilled
7833,4227,1061,1,310.0,310.0,fulfilled
7834,4227,1009,1,169.0,169.0,substituted
7835,4228,1086,1,62.0,62.0,fulfilled
7836,4228,1059,2,444.0,888.0,fulfilled
7837,4229,1080,1,187.0,187.0,fulfilled
7838,4230,1131,1,143.0,143.0,rejected_substitution
7839,4230,1131,1,143.0,143.0,fulfilled
7840,4230,1032,3,173.0,519.0,fulfilled
7841,4231,1070,1,303.0,303.0,fulfilled
7842,4231,1015,1,115.0,115.0,fulfilled
7843,4232,1015,1,115.0,115.0,out_of_stock_removed
7844,4232,1004,1,36.0,36.0,substituted
7845,4233,1071,1,423.0,423.0,fulfilled
7846,4233,1070,1,303.0,303.0,fulfilled
7847,4234,1117,1,61.0,61.0,fulfilled
7848,4234,1028,2,311.0,622.0,fulfilled
7849,4234,1029,2,238.0,476.0,substituted
7850,4235,1064,2,255.0,510.0,fulfilled
7851,4236,1018,1,177.0,177.0,fulfilled
7852,4236,1131,1,143.0,143.0,fulfilled
7853,4237,1107,1,665.0,665.0,fulfilled
7854,4237,1093,2,288.0,576.0,fulfilled
7855,4238,1041,1,309.0,309.0,fulfilled
7856,4239,1010,1,254.0,254.0,substituted
7857,4240,1146,1,911.0,911.0,fulfilled
7858,4241,1018,2,177.0,354.0,fulfilled
7859,4241,1124,1,482.0,482.0,fulfilled
7860,4242,1102,1,887.0,887.0,fulfilled
7861,4243,1141,1,664.0,664.0,fulfilled
7862,4243,1144,2,438.0,876.0,fulfilled
7863,4244,1071,1,423.0,423.0,fulfilled
7864,4244,1102,1,887.0,887.0,fulfilled
7865,4245,1132,1,296.0,296.0,rejected_substitution
7866,4246,1132,1,296.0,296.0,fulfilled
7867,4246,1015,2,115.0,230.0,fulfilled
7868,4247,1046,1,31.0,31.0,fulfilled
7869,4248,1086,1,62.0,62.0,fulfilled
7870,4249,1132,1,296.0,296.0,fulfilled
7871,4250,1136,1,393.0,393.0,fulfilled
7872,4251,1111,1,60.0,60.0,fulfilled
7873,4251,1137,1,532.0,532.0,fulfilled
7874,4251,1098,1,599.0,599.0,fulfilled
7875,4252,1068,1,270.0,270.0,fulfilled
7876,4252,1019,3,224.0,672.0,rejected_substitution
7877,4253,1126,1,376.0,376.0,out_of_stock_removed
7878,4253,1143,1,259.0,259.0,fulfilled
7879,4254,1070,1,303.0,303.0,fulfilled
7880,4255,1088,1,240.0,240.0,fulfilled
7881,4256,1031,1,159.0,159.0,fulfilled
7882,4256,1034,1,70.0,70.0,out_of_stock_removed
7883,4257,1007,1,108.0,108.0,fulfilled
7884,4258,1050,1,125.0,125.0,fulfilled
7885,4258,1024,1,236.0,236.0,substituted
7886,4258,1009,1,169.0,169.0,substituted
7887,4259,1136,1,393.0,393.0,fulfilled
7888,4260,1070,1,303.0,303.0,fulfilled
7889,4260,1059,1,444.0,444.0,fulfilled
7890,4260,1132,1,296.0,296.0,fulfilled
7891,4261,1101,1,561.0,561.0,fulfilled
7892,4261,1071,3,423.0,1269.0,fulfilled
7893,4262,1143,2,259.0,518.0,fulfilled
7894,4262,1031,1,159.0,159.0,rejected_substitution
7895,4263,1050,1,125.0,125.0,fulfilled
7896,4264,1098,1,599.0,599.0,fulfilled
7897,4264,1057,1,156.0,156.0,rejected_substitution
7898,4265,1141,1,664.0,664.0,substituted
7899,4266,1142,1,147.0,147.0,fulfilled
7900,4266,1113,2,185.0,370.0,fulfilled
7901,4267,1094,1,308.0,308.0,fulfilled
7902,4267,1103,1,220.0,220.0,fulfilled
7903,4268,1019,1,224.0,224.0,fulfilled
7904,4268,1019,1,224.0,224.0,fulfilled
7905,4268,1071,1,423.0,423.0,fulfilled
7906,4269,1024,1,236.0,236.0,fulfilled
7907,4269,1046,1,31.0,31.0,fulfilled
7908,4269,1007,2,108.0,216.0,fulfilled
7909,4270,1136,1,393.0,393.0,fulfilled
7910,4270,1069,1,313.0,313.0,fulfilled
7911,4271,1053,1,37.0,37.0,fulfilled
7912,4272,1058,3,84.0,252.0,fulfilled
7913,4272,1145,1,1144.0,1144.0,substituted
7914,4272,1015,2,115.0,230.0,fulfilled
7915,4273,1082,1,130.0,130.0,rejected_substitution
7916,4273,1024,1,236.0,236.0,substituted
7917,4273,1040,1,74.0,74.0,fulfilled
7918,4274,1131,1,143.0,143.0,fulfilled
7919,4274,1092,1,327.0,327.0,fulfilled
7920,4275,1114,2,156.0,312.0,substituted
7921,4275,1108,1,398.0,398.0,fulfilled
7922,4275,1143,3,259.0,777.0,fulfilled
7923,4276,1093,1,288.0,288.0,fulfilled
7924,4276,1021,2,232.0,464.0,fulfilled
7925,4277,1005,2,155.0,310.0,fulfilled
7926,4278,1143,1,259.0,259.0,fulfilled
7927,4278,1112,3,610.0,1830.0,fulfilled
7928,4279,1047,1,102.0,102.0,fulfilled
7929,4280,1116,1,486.0,486.0,fulfilled
7930,4280,1034,1,70.0,70.0,fulfilled
7931,4281,1009,3,169.0,507.0,fulfilled
7932,4281,1050,2,125.0,250.0,substituted
7933,4281,1140,1,240.0,240.0,fulfilled
7934,4282,1073,1,90.0,90.0,fulfilled
7935,4283,1137,1,532.0,532.0,substituted
7936,4283,1019,3,224.0,672.0,fulfilled
7937,4284,1075,2,161.0,322.0,fulfilled
7938,4284,1133,3,586.0,1758.0,fulfilled
7939,4285,1009,1,169.0,169.0,fulfilled
7940,4286,1104,1,737.0,737.0,fulfilled
7941,4287,1112,1,610.0,610.0,fulfilled
7942,4288,1111,2,60.0,120.0,fulfilled
7943,4288,1019,1,224.0,224.0,fulfilled
7944,4289,1063,2,165.0,330.0,fulfilled
7945,4289,1079,1,90.0,90.0,fulfilled
7946,4289,1128,1,207.0,207.0,fulfilled
7947,4290,1003,2,127.0,254.0,fulfilled
7948,4290,1127,1,633.0,633.0,fulfilled
7949,4291,1015,2,115.0,230.0,fulfilled
7950,4291,1122,3,672.0,2016.0,fulfilled
7951,4291,1100,1,548.0,548.0,fulfilled
7952,4292,1110,1,577.0,577.0,fulfilled
7953,4292,1113,1,185.0,185.0,fulfilled
7954,4293,1113,2,185.0,370.0,fulfilled
7955,4294,1117,1,61.0,61.0,fulfilled
7956,4294,1120,1,475.0,475.0,fulfilled
7957,4294,1096,1,251.0,251.0,fulfilled
7958,4295,1108,1,398.0,398.0,fulfilled
7959,4295,1053,1,37.0,37.0,fulfilled
7960,4295,1055,1,91.0,91.0,fulfilled
7961,4295,1038,3,50.0,150.0,fulfilled
7962,4296,1062,1,59.0,59.0,fulfilled
7963,4297,1092,1,327.0,327.0,fulfilled
7964,4298,1132,1,296.0,296.0,fulfilled
7965,4298,1046,2,31.0,62.0,fulfilled
7966,4299,1051,1,158.0,158.0,fulfilled
7967,4299,1076,1,312.0,312.0,fulfilled
7968,4299,1100,1,548.0,548.0,fulfilled
7969,4300,1119,1,172.0,172.0,fulfilled
7970,4300,1117,1,61.0,61.0,fulfilled
7971,4301,1059,1,444.0,444.0,fulfilled
7972,4301,1096,1,251.0,251.0,fulfilled
7973,4302,1019,1,224.0,224.0,substituted
7974,4303,1131,3,143.0,429.0,fulfilled
7975,4303,1143,1,259.0,259.0,fulfilled
7976,4303,1141,1,664.0,664.0,fulfilled
7977,4304,1029,1,238.0,238.0,fulfilled
7978,4305,1047,3,102.0,306.0,fulfilled
7979,4305,1010,1,254.0,254.0,substituted
7980,4305,1015,1,115.0,115.0,fulfilled
7981,4306,1055,1,91.0,91.0,rejected_substitution
7982,4307,1103,2,220.0,440.0,fulfilled
7983,4307,1038,3,50.0,150.0,fulfilled
7984,4307,1063,1,165.0,165.0,fulfilled
7985,4307,1143,2,259.0,518.0,fulfilled
7986,4308,1117,1,61.0,61.0,fulfilled
7987,4308,1140,1,240.0,240.0,fulfilled
7988,4308,1072,1,76.0,76.0,fulfilled
7989,4308,1040,2,74.0,148.0,fulfilled
7990,4309,1110,1,577.0,577.0,fulfilled
7991,4309,1132,1,296.0,296.0,fulfilled
7992,4309,1132,1,296.0,296.0,fulfilled
7993,4309,1143,1,259.0,259.0,fulfilled
7994,4310,1046,1,31.0,31.0,fulfilled
7995,4310,1136,1,393.0,393.0,substituted
7996,4310,1141,1,664.0,664.0,fulfilled
7997,4310,1091,1,311.0,311.0,fulfilled
7998,4311,1116,1,486.0,486.0,fulfilled
7999,4311,1070,1,303.0,303.0,fulfilled
8000,4311,1065,1,388.0,388.0,fulfilled
8001,4312,1046,1,31.0,31.0,fulfilled
8002,4313,1141,1,664.0,664.0,fulfilled
8003,4313,1132,1,296.0,296.0,fulfilled
8004,4313,1080,3,187.0,561.0,fulfilled
8005,4314,1003,2,127.0,254.0,fulfilled
8006,4314,1063,1,165.0,165.0,fulfilled
8007,4315,1114,2,156.0,312.0,fulfilled
8008,4315,1131,1,143.0,143.0,fulfilled
8009,4316,1088,2,240.0,480.0,fulfilled
8010,4316,1132,1,296.0,296.0,fulfilled
8011,4317,1072,2,76.0,152.0,fulfilled
8012,4317,1132,1,296.0,296.0,fulfilled
8013,4318,1003,3,127.0,381.0,fulfilled
8014,4318,1034,2,70.0,140.0,fulfilled
8015,4318,1141,1,664.0,664.0,fulfilled
8016,4318,1053,3,37.0,111.0,fulfilled
8017,4319,1117,1,61.0,61.0,fulfilled
8018,4319,1068,1,270.0,270.0,fulfilled
8019,4320,1034,2,70.0,140.0,fulfilled
8020,4320,1005,2,155.0,310.0,fulfilled
8021,4320,1088,1,240.0,240.0,fulfilled
8022,4321,1050,1,125.0,125.0,fulfilled
8023,4321,1001,1,36.0,36.0,fulfilled
8024,4321,1079,1,90.0,90.0,fulfilled
8025,4322,1080,1,187.0,187.0,fulfilled
8026,4322,1140,1,240.0,240.0,fulfilled
8027,4323,1032,1,173.0,173.0,fulfilled
8028,4324,1132,2,296.0,592.0,fulfilled
8029,4324,1141,3,664.0,1992.0,fulfilled
8030,4325,1030,1,214.0,214.0,fulfilled
8031,4325,1062,1,59.0,59.0,fulfilled
8032,4325,1024,1,236.0,236.0,substituted
8033,4325,1017,1,198.0,198.0,fulfilled
8034,4326,1123,2,208.0,416.0,fulfilled
8035,4326,1140,1,240.0,240.0,fulfilled
8036,4326,1015,2,115.0,230.0,fulfilled
8037,4326,1037,1,116.0,116.0,fulfilled
8038,4327,1077,1,54.0,54.0,fulfilled
8039,4328,1114,3,156.0,468.0,rejected_substitution
8040,4328,1019,1,224.0,224.0,fulfilled
8041,4329,1132,1,296.0,296.0,fulfilled
8042,4329,1096,2,251.0,502.0,fulfilled
8043,4330,1093,2,288.0,576.0,fulfilled
8044,4331,1131,1,143.0,143.0,fulfilled
8045,4331,1039,3,182.0,546.0,fulfilled
8046,4331,1141,2,664.0,1328.0,fulfilled
8047,4331,1121,1,549.0,549.0,fulfilled
8048,4332,1131,1,143.0,143.0,fulfilled
8049,4332,1024,1,236.0,236.0,fulfilled
8050,4333,1010,1,254.0,254.0,rejected_substitution
8051,4334,1056,1,180.0,180.0,out_of_stock_removed
8052,4334,1078,2,265.0,530.0,fulfilled
8053,4335,1066,3,203.0,609.0,fulfilled
8054,4336,1096,2,251.0,502.0,fulfilled
8055,4336,1082,1,130.0,130.0,fulfilled
8056,4337,1091,1,311.0,311.0,fulfilled
8057,4338,1013,1,97.0,97.0,fulfilled
8058,4339,1132,2,296.0,592.0,fulfilled
8059,4339,1035,1,297.0,297.0,fulfilled
8060,4340,1133,1,586.0,586.0,fulfilled
8061,4341,1071,1,423.0,423.0,fulfilled
8062,4341,1110,1,577.0,577.0,fulfilled
8063,4342,1038,1,50.0,50.0,fulfilled
8064,4343,1103,2,220.0,440.0,fulfilled
8065,4343,1092,3,327.0,981.0,fulfilled
8066,4343,1143,2,259.0,518.0,fulfilled
8067,4343,1058,2,84.0,168.0,substituted
8068,4344,1136,2,393.0,786.0,fulfilled
8069,4344,1032,3,173.0,519.0,fulfilled
8070,4345,1053,1,37.0,37.0,rejected_substitution
8071,4346,1136,2,393.0,786.0,fulfilled
8072,4346,1141,1,664.0,664.0,fulfilled
8073,4346,1059,1,444.0,444.0,fulfilled
8074,4347,1045,1,114.0,114.0,fulfilled
8075,4347,1125,2,667.0,1334.0,fulfilled
8076,4348,1003,2,127.0,254.0,fulfilled
8077,4348,1073,1,90.0,90.0,fulfilled
8078,4348,1024,3,236.0,708.0,fulfilled
8079,4348,1093,1,288.0,288.0,fulfilled
8080,4348,1134,1,935.0,935.0,fulfilled
8081,4349,1005,2,155.0,310.0,fulfilled
8082,4349,1045,1,114.0,114.0,fulfilled
8083,4349,1112,1,610.0,610.0,fulfilled
8084,4350,1126,2,376.0,752.0,fulfilled
8085,4350,1083,1,265.0,265.0,fulfilled
8086,4350,1088,2,240.0,480.0,fulfilled
8087,4351,1072,1,76.0,76.0,fulfilled
8088,4351,1017,2,198.0,396.0,fulfilled
8089,4352,1080,1,187.0,187.0,fulfilled
8090,4353,1141,1,664.0,664.0,fulfilled
8091,4354,1003,1,127.0,127.0,fulfilled
8092,4355,1002,1,186.0,186.0,fulfilled
8093,4355,1075,2,161.0,322.0,fulfilled
8094,4355,1108,2,398.0,796.0,fulfilled
8095,4356,1141,2,664.0,1328.0,fulfilled
8096,4357,1075,1,161.0,161.0,fulfilled
8097,4358,1013,1,97.0,97.0,fulfilled
8098,4359,1068,1,270.0,270.0,fulfilled
8099,4359,1079,1,90.0,90.0,fulfilled
8100,4360,1105,1,623.0,623.0,fulfilled
8101,4361,1100,3,548.0,1644.0,fulfilled
8102,4361,1132,1,296.0,296.0,fulfilled
8103,4362,1082,1,130.0,130.0,fulfilled
8104,4363,1043,2,80.0,160.0,rejected_substitution
8105,4363,1077,1,54.0,54.0,fulfilled
8106,4364,1128,2,207.0,414.0,fulfilled
8107,4365,1013,1,97.0,97.0,fulfilled
8108,4366,1045,1,114.0,114.0,fulfilled
8109,4366,1044,1,30.0,30.0,fulfilled
8110,4366,1031,1,159.0,159.0,substituted
8111,4367,1070,2,303.0,606.0,fulfilled
8112,4367,1048,2,136.0,272.0,fulfilled
8113,4368,1070,1,303.0,303.0,fulfilled
8114,4368,1006,1,31.0,31.0,fulfilled
8115,4369,1117,2,61.0,122.0,fulfilled
8116,4369,1132,1,296.0,296.0,fulfilled
8117,4370,1093,1,288.0,288.0,fulfilled
8118,4370,1110,1,577.0,577.0,fulfilled
8119,4371,1088,2,240.0,480.0,fulfilled
8120,4372,1079,1,90.0,90.0,fulfilled
8121,4373,1130,1,379.0,379.0,fulfilled
8122,4373,1135,3,1063.0,3189.0,out_of_stock_removed
8123,4374,1121,1,549.0,549.0,fulfilled
8124,4374,1141,2,664.0,1328.0,fulfilled
8125,4375,1049,1,59.0,59.0,fulfilled
8126,4376,1053,1,37.0,37.0,fulfilled
8127,4376,1094,1,308.0,308.0,fulfilled
8128,4377,1046,1,31.0,31.0,fulfilled
8129,4378,1015,1,115.0,115.0,fulfilled
8130,4379,1141,1,664.0,664.0,fulfilled
8131,4380,1141,1,664.0,664.0,fulfilled
8132,4380,1044,1,30.0,30.0,fulfilled
8133,4380,1042,1,235.0,235.0,substituted
8134,4380,1095,1,746.0,746.0,fulfilled
8135,4381,1143,2,259.0,518.0,fulfilled
8136,4381,1114,1,156.0,156.0,fulfilled
8137,4382,1140,2,240.0,480.0,fulfilled
8138,4383,1070,1,303.0,303.0,fulfilled
8139,4383,1096,1,251.0,251.0,fulfilled
8140,4384,1124,2,482.0,964.0,fulfilled
8141,4385,1091,1,311.0,311.0,fulfilled
8142,4385,1141,1,664.0,664.0,fulfilled
8143,4386,1097,3,336.0,1008.0,fulfilled
8144,4386,1020,1,103.0,103.0,fulfilled
8145,4386,1111,2,60.0,120.0,fulfilled
8146,4387,1136,2,393.0,786.0,fulfilled
8147,4387,1043,1,80.0,80.0,fulfilled
8148,4388,1072,1,76.0,76.0,fulfilled
8149,4389,1084,1,45.0,45.0,fulfilled
8150,4389,1143,1,259.0,259.0,fulfilled
8151,4390,1005,1,155.0,155.0,fulfilled
8152,4390,1132,2,296.0,592.0,fulfilled
8153,4390,1057,1,156.0,156.0,fulfilled
8154,4391,1146,1,911.0,911.0,fulfilled
8155,4392,1086,1,62.0,62.0,fulfilled
8156,4393,1081,1,37.0,37.0,fulfilled
8157,4393,1013,2,97.0,194.0,rejected_substitution
8158,4393,1093,3,288.0,864.0,fulfilled
8159,4394,1027,1,44.0,44.0,substituted
8160,4394,1129,1,649.0,649.0,fulfilled
8161,4395,1034,1,70.0,70.0,fulfilled
8162,4395,1079,1,90.0,90.0,fulfilled
