session_id,customer_id,session_date,channel,device
1,894,2025-06-23,organic,mobile_app
2,1039,2025-05-29,email,mobile_web
3,1106,2025-04-04,paid_ads,mobile_web
4,596,2025-01-24,organic,mobile_app
5,83,2025-01-17,organic,mobile_app
6,1059,2025-02-27,organic,desktop
7,850,2025-05-04,social,mobile_web
8,276,2025-05-27,email,mobile_app
9,581,2025-06-05,direct,mobile_app
10,373,2025-02-12,email,mobile_app
11,988,2025-05-19,email,desktop
12,581,2025-03-07,email,mobile_app
13,873,2025-05-18,email,mobile_app
14,283,2025-02-28,direct,mobile_web
15,107,2025-01-02,organic,desktop
16,118,2025-06-13,direct,desktop
17,1126,2025-05-30,paid_ads,desktop
18,567,2025-04-27,organic,desktop
19,1052,2025-05-28,direct,desktop
20,509,2025-03-29,paid_ads,mobile_app
21,976,2025-05-27,paid_ads,mobile_app
22,390,2025-03-03,paid_ads,mobile_app
23,1009,2025-05-19,email,mobile_web
24,943,2025-06-22,paid_ads,mobile_app
25,667,2025-02-17,paid_ads,desktop
26,924,2025-05-28,organic,mobile_app
27,997,2025-05-26,paid_ads,mobile_web
28,922,2025-04-03,social,mobile_app
29,528,2025-03-31,paid_ads,mobile_app
30,1103,2025-04-01,organic,mobile_web
31,163,2025-03-23,organic,mobile_app
32,164,2025-01-25,organic,mobile_app
33,1124,2025-05-15,organic,mobile_web
34,908,2025-02-13,email,mobile_app
35,1105,2025-06-11,organic,mobile_web
36,705,2025-06-26,paid_ads,mobile_app
37,474,2025-02-18,social,mobile_app
38,809,2025-06-15,organic,mobile_web
39,557,2025-03-10,paid_ads,mobile_web
40,374,2025-04-27,organic,mobile_app
41,300,2025-01-19,organic,mobile_web
42,969,2025-03-24,paid_ads,desktop
43,1126,2025-06-13,paid_ads,mobile_app
44,811,2025-01-11,social,mobile_app
45,123,2025-06-29,organic,mobile_web
46,1112,2025-02-17,social,mobile_app
47,1104,2025-06-24,social,mobile_app
48,1007,2025-04-30,direct,desktop
49,1078,2025-02-15,email,mobile_web
50,769,2025-03-07,social,desktop
51,194,2025-02-05,organic,mobile_app
52,512,2025-01-24,organic,mobile_web
53,159,2025-02-14,social,mobile_web
54,1181,2025-06-14,social,mobile_app
55,1181,2025-03-27,paid_ads,mobile_web
56,854,2025-02-28,direct,mobile_app
57,913,2025-01-24,social,mobile_web
58,268,2025-02-20,social,mobile_app
59,402,2025-05-15,email,desktop
60,479,2025-01-22,organic,mobile_app
61,524,2025-06-28,organic,mobile_app
62,738,2025-06-16,direct,mobile_app
63,1042,2025-03-22,direct,mobile_app
64,938,2025-01-11,email,mobile_web
65,1027,2025-03-07,organic,mobile_app
66,61,2025-02-27,direct,desktop
67,282,2025-06-23,organic,mobile_app
68,270,2025-05-19,organic,mobile_app
69,561,2025-02-03,organic,mobile_app
70,846,2025-02-21,organic,mobile_web
71,1067,2025-01-11,organic,mobile_app
72,292,2025-01-24,paid_ads,mobile_web
73,336,2025-01-30,social,mobile_app
74,333,2025-01-14,direct,mobile_app
75,502,2025-06-10,direct,mobile_app
76,180,2025-02-15,organic,mobile_app
77,991,2025-03-15,social,mobile_web
78,532,2025-04-01,paid_ads,desktop
79,425,2025-04-16,social,desktop
80,360,2025-06-22,organic,desktop
81,944,2025-03-27,direct,mobile_app
82,645,2025-01-23,social,mobile_app
83,989,2025-03-29,direct,mobile_app
84,272,2025-04-10,organic,mobile_app
85,179,2025-01-27,paid_ads,desktop
86,640,2025-06-13,organic,mobile_web
87,351,2025-03-28,organic,mobile_web
88,217,2025-04-11,paid_ads,mobile_app
89,1163,2025-06-28,organic,mobile_web
90,1177,2025-01-28,organic,mobile_app
91,787,2025-06-27,organic,mobile_app
92,1162,2025-03-02,social,mobile_app
93,1176,2025-06-02,social,mobile_app
94,912,2025-01-18,organic,desktop
95,777,2025-01-16,paid_ads,mobile_web
96,1190,2025-01-01,direct,mobile_web
97,828,2025-01-16,direct,desktop
98,736,2025-01-08,organic,mobile_app
99,895,2025-02-05,direct,mobile_app
100,291,2025-03-13,social,mobile_app
101,961,2025-05-27,paid_ads,desktop
102,126,2025-05-27,email,mobile_web
103,56,2025-05-10,paid_ads,mobile_app
104,517,2025-03-07,organic,mobile_app
105,703,2025-06-02,direct,desktop
106,238,2025-05-02,organic,mobile_app
107,200,2025-04-21,direct,mobile_web
108,945,2025-06-22,social,mobile_web
109,117,2025-02-25,direct,mobile_web
110,177,2025-06-18,direct,mobile_app
111,567,2025-06-20,social,mobile_web
112,529,2025-04-23,direct,mobile_app
113,411,2025-05-06,email,mobile_app
114,980,2025-01-18,paid_ads,desktop
115,787,2025-04-10,social,mobile_app
116,997,2025-02-18,organic,mobile_web
117,40,2025-01-12,paid_ads,desktop
118,935,2025-01-17,email,desktop
119,437,2025-03-27,social,mobile_web
120,582,2025-05-02,paid_ads,mobile_web
121,181,2025-03-31,email,mobile_web
122,972,2025-01-12,paid_ads,mobile_app
123,89,2025-05-18,organic,mobile_app
124,770,2025-05-30,direct,mobile_app
125,280,2025-04-18,organic,mobile_app
126,178,2025-02-25,paid_ads,mobile_app
127,506,2025-02-26,organic,mobile_app
128,1033,2025-05-03,organic,mobile_app
129,447,2025-06-15,organic,mobile_app
130,284,2025-04-05,direct,mobile_app
131,785,2025-04-04,paid_ads,mobile_web
132,138,2025-02-05,email,mobile_web
133,386,2025-01-21,direct,mobile_app
134,854,2025-02-03,direct,mobile_app
135,992,2025-01-13,paid_ads,mobile_app
136,85,2025-04-23,direct,mobile_web
137,939,2025-05-20,direct,mobile_app
138,286,2025-01-07,social,mobile_app
139,914,2025-06-05,paid_ads,mobile_app
140,808,2025-06-04,organic,mobile_app
141,849,2025-01-23,organic,mobile_web
142,281,2025-03-16,organic,desktop
143,968,2025-03-15,organic,mobile_web
144,245,2025-01-05,paid_ads,mobile_web
145,300,2025-02-04,paid_ads,desktop
146,648,2025-03-19,social,mobile_web
147,743,2025-02-06,organic,mobile_web
148,1145,2025-05-15,email,desktop
149,239,2025-05-03,social,desktop
150,285,2025-06-02,social,desktop
151,353,2025-01-31,social,mobile_app
152,292,2025-02-23,social,mobile_app
153,884,2025-06-18,organic,mobile_app
154,379,2025-02-07,social,mobile_app
155,140,2025-01-04,organic,mobile_web
156,578,2025-01-02,organic,mobile_web
157,644,2025-02-04,organic,mobile_app
158,910,2025-04-20,organic,mobile_app
159,245,2025-06-01,organic,mobile_app
160,346,2025-03-28,organic,desktop
161,828,2025-05-08,organic,desktop
162,204,2025-05-08,social,desktop
163,1108,2025-01-09,email,desktop
164,786,2025-04-24,paid_ads,desktop
165,1135,2025-05-02,social,mobile_web
166,774,2025-03-14,email,mobile_app
167,707,2025-01-15,direct,mobile_app
168,1169,2025-05-06,paid_ads,mobile_web
169,689,2025-06-20,paid_ads,mobile_web
170,1185,2025-01-18,organic,mobile_app
171,410,2025-05-12,paid_ads,mobile_app
172,889,2025-01-16,direct,mobile_web
173,841,2025-01-17,paid_ads,desktop
174,951,2025-04-19,paid_ads,desktop
175,172,2025-01-17,paid_ads,mobile_app
176,484,2025-01-28,direct,mobile_app
177,901,2025-01-15,paid_ads,desktop
178,505,2025-02-07,direct,desktop
179,491,2025-06-13,organic,mobile_app
180,610,2025-04-23,organic,desktop
181,833,2025-01-21,social,mobile_app
182,682,2025-01-26,social,desktop
183,1122,2025-01-08,social,mobile_app
184,909,2025-04-13,social,mobile_app
185,980,2025-02-14,direct,mobile_app
186,183,2025-06-29,direct,mobile_app
187,1013,2025-02-18,organic,mobile_web
188,1194,2025-01-03,social,mobile_app
189,815,2025-04-19,social,mobile_web
190,965,2025-06-21,direct,desktop
191,739,2025-03-09,direct,mobile_app
192,376,2025-04-30,organic,mobile_app
193,1014,2025-05-24,organic,mobile_app
194,674,2025-06-24,organic,mobile_web
195,983,2025-06-02,paid_ads,desktop
196,928,2025-05-26,paid_ads,mobile_web
197,580,2025-01-19,paid_ads,mobile_app
198,316,2025-04-21,organic,mobile_app
199,890,2025-05-12,email,mobile_app
200,846,2025-05-26,organic,mobile_web
201,948,2025-04-11,organic,mobile_app
202,218,2025-04-12,paid_ads,mobile_app
203,809,2025-02-04,social,mobile_app
204,177,2025-05-02,paid_ads,mobile_app
205,17,2025-04-21,organic,desktop
206,125,2025-03-22,paid_ads,mobile_app
207,695,2025-06-18,direct,desktop
208,800,2025-06-22,direct,desktop
209,265,2025-05-06,organic,mobile_app
210,66,2025-01-30,social,mobile_app
211,217,2025-01-27,social,mobile_web
212,343,2025-04-03,email,desktop
213,14,2025-03-29,organic,mobile_web
214,1058,2025-01-08,social,mobile_app
215,1060,2025-03-22,direct,mobile_app
216,310,2025-06-11,direct,mobile_app
217,173,2025-02-02,organic,mobile_app
218,495,2025-04-19,social,mobile_app
219,764,2025-02-01,organic,mobile_app
220,11,2025-05-29,paid_ads,desktop
221,216,2025-04-03,paid_ads,mobile_web
222,1145,2025-03-09,paid_ads,mobile_app
223,1052,2025-02-24,direct,mobile_app
224,837,2025-03-16,organic,mobile_app
225,139,2025-05-27,direct,mobile_app
226,944,2025-02-08,social,mobile_web
227,839,2025-03-28,paid_ads,desktop
228,908,2025-02-12,social,mobile_web
229,633,2025-05-24,email,mobile_app
230,1110,2025-05-26,email,mobile_app
231,50,2025-03-07,direct,mobile_app
232,1110,2025-03-07,organic,mobile_app
233,789,2025-03-23,direct,mobile_app
234,417,2025-05-19,social,mobile_app
235,560,2025-04-08,email,desktop
236,432,2025-03-23,email,desktop
237,847,2025-05-06,email,mobile_web
238,18,2025-02-19,organic,mobile_app
239,733,2025-06-10,organic,mobile_web
240,480,2025-01-10,direct,desktop
241,393,2025-06-27,direct,mobile_app
242,399,2025-01-07,paid_ads,desktop
243,685,2025-05-02,direct,mobile_app
244,885,2025-05-24,organic,mobile_web
245,823,2025-03-01,organic,mobile_web
246,1043,2025-06-08,organic,mobile_app
247,733,2025-02-07,paid_ads,desktop
248,1146,2025-02-20,direct,mobile_app
249,958,2025-05-29,email,mobile_app
250,744,2025-05-23,organic,mobile_app
251,366,2025-03-09,organic,mobile_app
252,134,2025-02-03,organic,desktop
253,1041,2025-02-23,direct,desktop
254,481,2025-04-07,paid_ads,mobile_app
255,522,2025-01-22,email,mobile_app
256,958,2025-05-08,paid_ads,mobile_app
257,202,2025-05-20,organic,mobile_app
258,578,2025-04-14,social,mobile_web
259,25,2025-02-08,paid_ads,mobile_app
260,727,2025-06-25,paid_ads,mobile_app
261,1176,2025-02-22,direct,desktop
262,624,2025-05-22,organic,mobile_app
263,267,2025-06-20,direct,mobile_app
264,711,2025-03-18,social,mobile_web
265,359,2025-06-08,paid_ads,mobile_app
266,840,2025-05-10,paid_ads,mobile_app
267,363,2025-04-11,paid_ads,mobile_app
268,23,2025-04-02,social,mobile_app
269,394,2025-01-25,social,mobile_app
270,476,2025-02-14,organic,mobile_app
271,842,2025-01-27,paid_ads,mobile_web
272,1166,2025-06-03,organic,desktop
273,633,2025-03-04,organic,mobile_app
274,674,2025-01-11,organic,mobile_app
275,591,2025-03-26,social,mobile_app
276,509,2025-02-26,social,mobile_web
277,419,2025-04-30,organic,mobile_app
278,413,2025-01-21,organic,mobile_web
279,615,2025-02-14,email,mobile_app
280,1003,2025-01-19,paid_ads,desktop
281,398,2025-03-31,social,desktop
282,302,2025-06-19,organic,mobile_web
283,815,2025-01-21,social,desktop
284,183,2025-03-30,organic,mobile_web
285,816,2025-02-13,social,mobile_app
286,774,2025-01-08,organic,mobile_app
287,1193,2025-02-24,social,mobile_app
288,491,2025-04-07,direct,mobile_web
289,206,2025-04-13,organic,desktop
290,660,2025-01-12,organic,mobile_app
291,66,2025-03-19,organic,mobile_web
292,60,2025-04-09,organic,desktop
293,478,2025-01-23,organic,mobile_app
294,868,2025-06-23,paid_ads,mobile_app
295,455,2025-04-28,organic,mobile_app
296,608,2025-04-27,social,mobile_app
297,772,2025-02-09,organic,mobile_web
298,461,2025-02-15,social,mobile_app
299,1183,2025-03-16,organic,mobile_web
300,828,2025-04-12,organic,mobile_app
301,184,2025-06-16,social,desktop
302,912,2025-01-22,paid_ads,mobile_app
303,831,2025-05-23,social,mobile_app
304,1001,2025-05-18,organic,desktop
305,1037,2025-02-13,paid_ads,desktop
306,92,2025-03-18,organic,mobile_app
307,872,2025-02-22,direct,mobile_app
308,560,2025-03-12,organic,mobile_web
309,628,2025-01-25,email,mobile_web
310,977,2025-06-25,email,mobile_app
311,375,2025-04-30,paid_ads,mobile_app
312,163,2025-01-24,organic,mobile_app
313,1095,2025-06-19,social,mobile_app
314,5,2025-02-25,social,mobile_web
315,1056,2025-04-29,social,mobile_app
316,842,2025-02-09,organic,mobile_app
317,332,2025-01-02,organic,mobile_web
318,407,2025-02-04,organic,mobile_app
319,666,2025-04-13,social,mobile_web
320,797,2025-01-06,organic,desktop
321,578,2025-03-05,paid_ads,mobile_web
322,511,2025-03-09,paid_ads,mobile_app
323,407,2025-01-27,paid_ads,mobile_web
324,506,2025-01-11,paid_ads,mobile_app
325,488,2025-04-09,email,mobile_app
326,414,2025-02-02,paid_ads,mobile_app
327,241,2025-04-18,direct,mobile_app
328,45,2025-02-03,organic,mobile_app
329,125,2025-04-12,social,mobile_web
330,1052,2025-05-11,direct,mobile_app
331,94,2025-06-13,paid_ads,mobile_app
332,1095,2025-06-11,organic,mobile_web
333,906,2025-05-29,organic,mobile_app
334,206,2025-01-04,social,mobile_app
335,90,2025-03-10,organic,mobile_web
336,694,2025-02-05,direct,mobile_app
337,875,2025-03-15,paid_ads,mobile_app
338,788,2025-01-29,social,mobile_web
339,460,2025-04-02,organic,desktop
340,714,2025-05-08,direct,mobile_app
341,869,2025-06-04,paid_ads,desktop
342,504,2025-05-18,paid_ads,mobile_app
343,450,2025-01-01,social,mobile_app
344,863,2025-01-15,organic,desktop
345,294,2025-04-19,paid_ads,mobile_app
346,1192,2025-02-10,organic,desktop
347,853,2025-02-05,organic,mobile_app
348,963,2025-06-15,paid_ads,mobile_app
349,1031,2025-04-19,organic,mobile_app
350,257,2025-01-15,social,mobile_app
351,1110,2025-01-03,organic,mobile_app
352,1025,2025-04-02,organic,mobile_web
353,679,2025-01-26,paid_ads,mobile_web
354,49,2025-05-31,email,mobile_app
355,883,2025-06-24,organic,mobile_web
356,1022,2025-03-17,organic,mobile_app
357,906,2025-02-01,email,mobile_app
358,766,2025-04-26,organic,mobile_app
359,409,2025-03-29,paid_ads,mobile_app
360,976,2025-05-20,organic,mobile_app
361,741,2025-02-24,social,desktop
362,867,2025-01-22,organic,mobile_web
363,860,2025-03-08,paid_ads,mobile_web
364,727,2025-01-03,direct,mobile_web
365,649,2025-02-07,organic,desktop
366,629,2025-06-29,paid_ads,desktop
367,848,2025-05-19,paid_ads,mobile_app
368,688,2025-04-20,organic,mobile_app
369,896,2025-01-26,email,mobile_web
370,843,2025-06-09,organic,mobile_web
371,951,2025-04-12,paid_ads,desktop
372,1040,2025-03-09,paid_ads,desktop
373,850,2025-04-17,social,mobile_app
374,1184,2025-04-10,paid_ads,desktop
375,1060,2025-02-02,organic,mobile_app
376,930,2025-02-17,email,mobile_web
377,609,2025-04-07,organic,desktop
378,1187,2025-06-02,direct,mobile_app
379,769,2025-04-26,direct,mobile_web
380,522,2025-01-08,direct,mobile_app
381,189,2025-03-17,paid_ads,mobile_web
382,894,2025-02-19,paid_ads,mobile_app
383,221,2025-05-26,email,mobile_app
384,1048,2025-06-04,organic,mobile_app
385,733,2025-04-06,organic,mobile_app
386,674,2025-03-24,organic,mobile_web
387,154,2025-06-24,email,mobile_web
388,406,2025-05-08,organic,mobile_web
389,785,2025-01-05,organic,mobile_app
390,81,2025-05-01,paid_ads,mobile_app
391,617,2025-04-13,organic,mobile_web
392,1012,2025-06-28,email,mobile_app
393,249,2025-01-27,direct,desktop
394,893,2025-04-05,organic,mobile_app
395,227,2025-03-09,organic,mobile_app
396,847,2025-05-14,email,mobile_web
397,154,2025-01-04,direct,mobile_app
398,1053,2025-03-21,direct,mobile_web
399,1183,2025-01-28,email,mobile_app
400,398,2025-06-02,paid_ads,mobile_app
401,194,2025-06-09,organic,desktop
402,722,2025-05-06,direct,mobile_web
403,468,2025-02-07,paid_ads,mobile_app
404,992,2025-06-13,organic,mobile_web
405,452,2025-05-08,email,mobile_app
406,566,2025-05-14,paid_ads,mobile_app
407,888,2025-03-30,social,mobile_web
408,1022,2025-06-24,direct,mobile_app
409,1144,2025-03-15,social,mobile_app
410,177,2025-02-20,social,mobile_app
411,596,2025-04-01,organic,mobile_app
412,609,2025-05-20,email,mobile_web
413,895,2025-06-27,organic,mobile_app
414,733,2025-04-18,paid_ads,mobile_app
415,601,2025-02-02,organic,desktop
416,14,2025-02-21,social,mobile_web
417,377,2025-05-20,social,desktop
418,900,2025-04-21,direct,mobile_web
419,753,2025-06-28,social,mobile_app
420,727,2025-04-28,direct,mobile_app
421,733,2025-02-23,paid_ads,desktop
422,800,2025-02-08,paid_ads,mobile_app
423,695,2025-02-05,paid_ads,desktop
424,621,2025-06-15,direct,mobile_app
425,370,2025-06-18,email,desktop
426,475,2025-06-23,organic,mobile_app
427,485,2025-04-09,organic,desktop
428,177,2025-06-21,email,mobile_web
429,148,2025-06-14,paid_ads,mobile_web
430,1145,2025-04-23,direct,mobile_web
431,459,2025-03-06,social,mobile_app
432,1025,2025-05-20,paid_ads,mobile_web
433,676,2025-01-16,direct,mobile_web
434,555,2025-05-08,social,mobile_app
435,881,2025-01-30,social,mobile_app
436,754,2025-01-15,paid_ads,mobile_app
437,1099,2025-01-04,email,desktop
438,981,2025-01-20,email,mobile_web
439,1067,2025-02-23,organic,mobile_web
440,291,2025-04-23,organic,mobile_app
441,616,2025-03-13,social,mobile_app
442,538,2025-01-08,social,mobile_web
443,889,2025-01-15,direct,mobile_web
444,575,2025-01-22,social,desktop
445,26,2025-03-24,organic,mobile_web
446,163,2025-03-22,organic,mobile_web
447,378,2025-05-29,social,desktop
448,724,2025-03-02,email,mobile_app
449,964,2025-01-08,direct,mobile_app
450,1047,2025-05-29,social,mobile_web
451,857,2025-05-16,paid_ads,mobile_app
452,494,2025-04-15,paid_ads,desktop
453,1198,2025-03-15,social,mobile_web
454,259,2025-01-07,direct,desktop
455,93,2025-04-25,organic,desktop
456,758,2025-03-24,social,mobile_app
457,787,2025-02-06,paid_ads,mobile_app
458,432,2025-06-07,paid_ads,mobile_app
459,591,2025-06-05,direct,mobile_app
460,1106,2025-05-06,paid_ads,mobile_app
461,456,2025-05-10,social,mobile_app
462,73,2025-03-04,direct,mobile_web
463,579,2025-01-23,organic,mobile_web
464,992,2025-03-18,paid_ads,desktop
465,860,2025-06-19,direct,mobile_app
466,844,2025-03-10,social,mobile_app
467,838,2025-03-08,organic,mobile_web
468,1098,2025-06-07,organic,mobile_web
469,683,2025-05-22,direct,mobile_web
470,470,2025-04-06,paid_ads,mobile_app
471,774,2025-03-11,email,mobile_app
472,833,2025-06-29,email,mobile_app
473,764,2025-04-26,social,mobile_web
474,814,2025-05-03,social,mobile_app
475,1004,2025-04-14,email,mobile_app
476,660,2025-05-23,paid_ads,mobile_app
477,857,2025-04-22,paid_ads,mobile_app
478,556,2025-04-06,paid_ads,mobile_web
479,21,2025-05-01,paid_ads,mobile_app
480,29,2025-04-20,direct,mobile_app
481,429,2025-02-25,organic,mobile_web
482,301,2025-01-01,organic,mobile_app
483,872,2025-05-09,social,mobile_app
484,773,2025-04-01,social,mobile_web
485,1087,2025-02-24,organic,mobile_web
486,293,2025-05-06,social,mobile_web
487,392,2025-01-03,paid_ads,mobile_app
488,560,2025-05-03,organic,mobile_app
489,519,2025-05-27,organic,mobile_app
490,170,2025-01-15,paid_ads,desktop
491,644,2025-02-19,organic,mobile_app
492,649,2025-05-31,direct,mobile_app
493,186,2025-03-23,organic,mobile_app
494,272,2025-03-15,paid_ads,mobile_app
495,350,2025-04-09,organic,desktop
496,661,2025-01-03,social,mobile_web
497,935,2025-04-13,email,mobile_web
498,821,2025-02-12,email,mobile_app
499,379,2025-01-24,organic,mobile_app
500,264,2025-04-13,paid_ads,desktop
501,816,2025-02-05,direct,mobile_web
502,170,2025-06-17,paid_ads,mobile_web
503,330,2025-04-09,paid_ads,mobile_web
504,748,2025-04-19,organic,mobile_app
505,49,2025-04-02,email,mobile_app
506,1073,2025-03-25,email,mobile_app
507,888,2025-05-27,direct,mobile_web
508,425,2025-02-03,organic,mobile_app
509,26,2025-04-24,paid_ads,mobile_app
510,1022,2025-06-22,organic,mobile_web
511,342,2025-04-17,email,mobile_web
512,1140,2025-04-07,social,desktop
513,1169,2025-04-13,paid_ads,desktop
514,217,2025-06-12,social,mobile_web
515,804,2025-04-29,organic,mobile_app
516,322,2025-03-15,direct,mobile_app
517,47,2025-06-17,social,desktop
518,396,2025-04-05,direct,mobile_app
519,1065,2025-01-19,direct,desktop
520,1101,2025-06-15,organic,mobile_web
521,902,2025-02-07,paid_ads,mobile_app
522,229,2025-06-18,social,mobile_app
523,989,2025-06-14,organic,mobile_app
524,1007,2025-03-29,social,mobile_web
525,317,2025-02-07,social,mobile_web
526,320,2025-05-14,email,mobile_app
527,1074,2025-04-04,direct,mobile_web
528,502,2025-02-15,organic,mobile_web
529,654,2025-05-03,social,mobile_app
530,20,2025-01-29,email,desktop
531,614,2025-03-29,organic,mobile_app
532,1104,2025-01-28,social,mobile_app
533,667,2025-06-17,direct,desktop
534,1154,2025-04-14,paid_ads,mobile_app
535,604,2025-04-20,social,mobile_app
536,998,2025-05-31,organic,desktop
537,1141,2025-01-06,paid_ads,mobile_app
538,643,2025-04-25,direct,mobile_app
539,523,2025-02-05,email,desktop
540,1033,2025-05-18,direct,mobile_app
541,677,2025-03-28,organic,mobile_web
542,886,2025-03-17,direct,mobile_app
543,39,2025-02-08,organic,mobile_app
544,869,2025-02-25,direct,mobile_app
545,247,2025-04-02,direct,mobile_web
546,523,2025-01-05,paid_ads,desktop
547,820,2025-04-03,direct,mobile_app
548,859,2025-02-08,organic,desktop
549,225,2025-02-22,social,mobile_app
550,324,2025-02-27,organic,mobile_app
551,231,2025-04-17,direct,mobile_app
552,828,2025-03-05,paid_ads,mobile_web
553,789,2025-02-16,email,mobile_web
554,705,2025-05-28,organic,desktop
555,929,2025-01-31,email,mobile_app
556,198,2025-05-13,social,mobile_app
557,874,2025-02-02,email,desktop
558,228,2025-02-02,organic,mobile_web
559,725,2025-05-25,paid_ads,mobile_web
560,312,2025-04-19,email,desktop
561,329,2025-03-04,social,mobile_web
562,311,2025-03-12,organic,mobile_app
563,700,2025-01-11,direct,desktop
564,232,2025-02-13,email,mobile_app
565,1041,2025-03-06,paid_ads,mobile_web
566,784,2025-06-14,organic,mobile_app
567,807,2025-06-15,social,mobile_app
568,510,2025-03-25,organic,mobile_web
569,539,2025-05-23,social,mobile_app
570,649,2025-01-24,social,mobile_app
571,1148,2025-02-15,paid_ads,mobile_web
572,407,2025-06-19,organic,mobile_web
573,504,2025-03-12,email,mobile_web
574,845,2025-04-13,organic,mobile_app
575,276,2025-06-29,paid_ads,desktop
576,1097,2025-06-04,paid_ads,mobile_web
577,118,2025-02-07,direct,mobile_app
578,734,2025-01-19,email,mobile_web
579,368,2025-05-07,social,mobile_app
580,517,2025-04-13,paid_ads,mobile_app
581,373,2025-01-25,paid_ads,desktop
582,63,2025-01-31,email,desktop
583,749,2025-05-06,organic,desktop
584,203,2025-06-17,direct,mobile_app
585,1081,2025-01-23,social,mobile_app
586,1170,2025-01-13,email,mobile_web
587,1042,2025-04-05,paid_ads,mobile_app
588,422,2025-03-16,direct,mobile_app
589,420,2025-03-11,direct,mobile_web
590,264,2025-06-13,social,mobile_app
591,536,2025-02-21,organic,mobile_app
592,893,2025-02-06,email,mobile_app
593,143,2025-03-15,direct,mobile_web
594,759,2025-06-25,organic,desktop
595,707,2025-05-03,direct,mobile_web
596,1109,2025-02-02,direct,desktop
597,863,2025-04-26,direct,mobile_app
598,805,2025-06-16,organic,mobile_app
599,845,2025-05-22,organic,mobile_app
600,997,2025-06-06,paid_ads,desktop
601,176,2025-01-14,organic,desktop
602,1195,2025-03-28,direct,mobile_app
603,350,2025-04-03,social,mobile_web
604,657,2025-01-22,paid_ads,mobile_web
605,1014,2025-04-17,organic,desktop
606,394,2025-01-07,paid_ads,desktop
607,107,2025-03-09,email,mobile_web
608,22,2025-04-08,social,mobile_app
609,701,2025-03-08,organic,mobile_app
610,233,2025-01-28,organic,mobile_app
611,179,2025-01-04,direct,mobile_app
612,944,2025-06-20,email,mobile_app
613,907,2025-02-15,organic,mobile_app
614,494,2025-06-24,paid_ads,mobile_web
615,133,2025-01-16,organic,mobile_app
616,759,2025-03-22,paid_ads,mobile_web
617,313,2025-04-18,organic,mobile_web
618,310,2025-01-25,email,mobile_app
619,999,2025-01-28,direct,mobile_app
620,37,2025-02-23,paid_ads,mobile_app
621,261,2025-05-27,direct,mobile_web
622,642,2025-02-07,paid_ads,mobile_app
623,121,2025-01-01,paid_ads,mobile_app
624,989,2025-03-23,email,mobile_web
625,864,2025-02-07,organic,mobile_app
626,756,2025-04-07,organic,desktop
627,287,2025-03-02,organic,mobile_app
628,811,2025-01-23,social,mobile_app
629,1026,2025-06-12,paid_ads,mobile_app
630,1043,2025-02-24,direct,mobile_app
631,622,2025-06-10,paid_ads,mobile_app
632,517,2025-01-04,organic,mobile_app
633,160,2025-01-08,email,desktop
634,246,2025-02-22,paid_ads,mobile_app
635,845,2025-01-12,organic,mobile_app
636,1001,2025-01-13,social,mobile_web
637,299,2025-04-15,paid_ads,mobile_web
638,178,2025-03-27,email,desktop
639,859,2025-05-20,direct,desktop
640,338,2025-03-27,social,mobile_web
641,218,2025-02-09,organic,mobile_web
642,138,2025-04-19,organic,desktop
643,524,2025-04-09,social,desktop
644,193,2025-03-03,paid_ads,mobile_web
645,519,2025-05-06,email,mobile_web
646,158,2025-01-02,organic,mobile_app
647,362,2025-02-16,social,mobile_app
648,1196,2025-04-24,direct,mobile_app
649,858,2025-05-23,paid_ads,mobile_app
650,1142,2025-06-18,organic,mobile_app
651,203,2025-06-10,organic,mobile_web
652,300,2025-02-07,social,desktop
653,741,2025-04-15,direct,desktop
654,323,2025-05-08,organic,mobile_app
655,700,2025-03-25,paid_ads,mobile_app
656,1048,2025-06-26,paid_ads,mobile_web
657,1176,2025-06-27,organic,mobile_app
658,869,2025-06-06,social,mobile_app
659,605,2025-05-19,organic,mobile_web
660,1018,2025-03-11,paid_ads,mobile_app
661,1014,2025-05-30,paid_ads,desktop
662,408,2025-06-10,organic,desktop
663,568,2025-02-26,paid_ads,mobile_app
664,785,2025-02-11,organic,mobile_web
665,553,2025-03-05,social,mobile_app
666,48,2025-06-22,email,mobile_app
667,1154,2025-04-26,organic,mobile_web
668,782,2025-01-24,paid_ads,mobile_web
669,1133,2025-03-07,organic,mobile_app
670,361,2025-04-19,paid_ads,mobile_app
671,1094,2025-04-05,organic,mobile_app
672,1052,2025-01-15,social,mobile_app
673,1128,2025-05-15,email,mobile_app
674,845,2025-01-07,paid_ads,mobile_app
675,302,2025-02-05,paid_ads,mobile_web
676,518,2025-04-30,paid_ads,mobile_app
677,208,2025-04-30,paid_ads,mobile_app
678,888,2025-05-12,organic,mobile_app
679,669,2025-05-13,paid_ads,mobile_app
680,677,2025-06-12,social,mobile_app
681,399,2025-02-08,paid_ads,mobile_app
682,763,2025-03-08,direct,desktop
683,678,2025-02-09,email,mobile_app
684,951,2025-06-28,direct,desktop
685,684,2025-03-02,direct,mobile_app
686,812,2025-03-02,email,mobile_app
687,207,2025-01-03,organic,mobile_web
688,312,2025-02-15,direct,mobile_app
689,801,2025-03-10,social,mobile_app
690,147,2025-01-17,social,mobile_app
691,323,2025-01-25,email,mobile_web
692,1043,2025-04-13,paid_ads,mobile_web
693,634,2025-04-29,social,mobile_app
694,303,2025-02-08,organic,mobile_app
695,798,2025-06-18,organic,mobile_app
696,1161,2025-02-12,direct,mobile_app
697,370,2025-06-11,paid_ads,mobile_web
698,1088,2025-06-01,paid_ads,mobile_app
699,950,2025-03-01,direct,mobile_web
700,156,2025-05-20,social,mobile_app
701,347,2025-04-17,email,mobile_web
702,554,2025-04-26,direct,mobile_app
703,720,2025-04-21,organic,desktop
704,75,2025-04-01,paid_ads,mobile_app
705,694,2025-03-22,paid_ads,desktop
706,239,2025-05-22,email,mobile_app
707,219,2025-02-05,organic,mobile_app
708,746,2025-03-18,organic,mobile_app
709,743,2025-03-27,organic,desktop
710,1183,2025-05-22,direct,mobile_app
711,191,2025-01-14,email,mobile_app
712,1044,2025-06-24,organic,mobile_app
713,3,2025-02-18,direct,mobile_app
714,273,2025-01-29,direct,mobile_app
715,666,2025-05-13,direct,mobile_app
716,123,2025-02-22,social,mobile_app
717,289,2025-01-04,paid_ads,mobile_app
718,553,2025-02-04,organic,mobile_app
719,1018,2025-01-06,direct,mobile_app
720,966,2025-05-07,social,mobile_app
721,34,2025-02-05,social,mobile_app
722,420,2025-01-19,paid_ads,mobile_app
723,1124,2025-02-24,paid_ads,mobile_app
724,91,2025-02-12,paid_ads,mobile_app
725,444,2025-01-26,social,desktop
726,1179,2025-03-31,organic,mobile_app
727,316,2025-02-10,social,desktop
728,928,2025-05-17,organic,desktop
729,471,2025-01-29,social,mobile_app
730,1005,2025-02-26,direct,mobile_app
731,900,2025-04-06,social,mobile_app
732,53,2025-03-22,social,desktop
733,157,2025-03-15,organic,desktop
734,774,2025-02-08,email,mobile_app
735,728,2025-06-09,social,mobile_app
736,536,2025-06-14,email,mobile_app
737,1021,2025-02-19,direct,mobile_app
738,755,2025-04-21,social,desktop
739,727,2025-03-16,direct,mobile_app
740,843,2025-05-12,social,desktop
741,47,2025-04-05,social,mobile_web
742,1063,2025-03-26,organic,desktop
743,932,2025-02-01,paid_ads,mobile_web
744,407,2025-06-23,organic,mobile_app
745,379,2025-01-08,organic,mobile_app
746,230,2025-05-15,email,desktop
747,851,2025-06-24,direct,desktop
748,835,2025-02-10,organic,mobile_web
749,189,2025-03-17,organic,mobile_app
750,114,2025-04-10,paid_ads,mobile_app
751,56,2025-01-19,paid_ads,mobile_web
752,1127,2025-05-05,organic,mobile_web
753,293,2025-03-09,email,desktop
754,238,2025-01-02,organic,desktop
755,925,2025-01-13,social,mobile_app
756,1190,2025-03-15,social,mobile_web
757,1173,2025-06-18,social,desktop
758,935,2025-02-07,organic,mobile_app
759,399,2025-01-28,direct,desktop
760,1147,2025-06-09,direct,mobile_app
761,468,2025-06-21,paid_ads,mobile_app
762,890,2025-02-07,paid_ads,mobile_app
763,1116,2025-03-10,social,mobile_app
764,516,2025-04-13,direct,mobile_web
765,3,2025-04-22,organic,desktop
766,793,2025-06-21,paid_ads,mobile_app
767,53,2025-05-16,organic,mobile_app
768,659,2025-02-15,organic,mobile_app
769,40,2025-05-06,email,mobile_app
770,137,2025-04-12,social,mobile_app
771,822,2025-01-21,organic,mobile_app
772,390,2025-06-20,organic,mobile_app
773,485,2025-01-27,paid_ads,mobile_web
774,291,2025-05-08,direct,mobile_web
775,154,2025-01-24,organic,mobile_app
776,236,2025-06-24,direct,mobile_app
777,929,2025-05-08,paid_ads,mobile_app
778,295,2025-02-16,organic,desktop
779,357,2025-03-25,organic,mobile_web
780,550,2025-05-19,organic,mobile_web
781,678,2025-06-27,social,desktop
782,888,2025-06-27,direct,mobile_web
783,267,2025-06-06,paid_ads,mobile_web
784,173,2025-05-20,paid_ads,mobile_app
785,74,2025-04-02,social,mobile_app
786,823,2025-05-19,paid_ads,mobile_app
787,926,2025-06-07,organic,mobile_web
788,316,2025-05-13,social,mobile_app
789,79,2025-06-24,social,mobile_app
790,62,2025-04-10,social,desktop
791,936,2025-02-01,email,mobile_app
792,806,2025-02-05,paid_ads,mobile_app
793,603,2025-02-04,organic,mobile_app
794,1173,2025-02-12,direct,mobile_app
795,352,2025-06-27,paid_ads,mobile_web
796,758,2025-05-10,organic,desktop
797,757,2025-05-06,paid_ads,desktop
798,1145,2025-05-05,paid_ads,mobile_web
799,246,2025-05-28,direct,desktop
800,860,2025-05-15,paid_ads,desktop
801,917,2025-06-08,direct,mobile_app
802,1054,2025-03-31,paid_ads,desktop
803,678,2025-04-20,email,desktop
804,1196,2025-04-26,paid_ads,mobile_web
805,573,2025-05-31,email,mobile_app
806,88,2025-06-13,organic,mobile_app
807,238,2025-01-18,social,desktop
808,904,2025-04-16,social,mobile_app
809,274,2025-02-21,organic,mobile_app
810,121,2025-01-24,paid_ads,mobile_app
811,717,2025-04-03,paid_ads,mobile_app
812,185,2025-06-21,paid_ads,mobile_web
813,1135,2025-01-14,organic,mobile_app
814,875,2025-05-30,social,mobile_web
815,594,2025-03-27,organic,mobile_app
816,1080,2025-02-24,direct,mobile_web
817,670,2025-05-13,organic,desktop
818,954,2025-05-26,paid_ads,mobile_app
819,225,2025-02-11,paid_ads,mobile_app
820,190,2025-06-17,paid_ads,mobile_app
821,1024,2025-02-07,organic,desktop
822,1084,2025-02-20,social,desktop
823,933,2025-03-19,email,mobile_web
824,18,2025-02-04,email,mobile_app
825,717,2025-01-17,social,desktop
826,1166,2025-06-27,email,mobile_app
827,629,2025-01-07,social,mobile_app
828,320,2025-01-14,organic,desktop
829,260,2025-01-28,direct,mobile_app
830,1017,2025-04-26,email,mobile_web
831,632,2025-06-01,email,mobile_app
832,946,2025-05-23,paid_ads,mobile_app
833,222,2025-04-29,direct,mobile_web
834,916,2025-03-06,paid_ads,mobile_app
835,284,2025-01-09,social,mobile_app
836,77,2025-05-30,organic,mobile_web
837,1131,2025-06-29,organic,mobile_web
838,78,2025-06-03,social,mobile_app
839,1084,2025-06-15,direct,mobile_web
840,1194,2025-06-06,email,mobile_app
841,482,2025-06-07,paid_ads,mobile_web
842,1041,2025-01-19,organic,desktop
843,53,2025-05-02,organic,mobile_app
844,339,2025-05-10,email,mobile_app
845,363,2025-06-26,paid_ads,mobile_web
846,786,2025-06-06,email,mobile_web
847,545,2025-05-09,paid_ads,mobile_app
848,130,2025-01-29,organic,mobile_app
849,200,2025-02-19,paid_ads,mobile_web
850,1120,2025-01-01,email,mobile_app
851,298,2025-03-11,organic,mobile_app
852,215,2025-06-09,social,desktop
853,1126,2025-04-08,paid_ads,desktop
854,185,2025-03-22,paid_ads,mobile_web
855,740,2025-06-27,organic,desktop
856,672,2025-05-05,paid_ads,mobile_app
857,1141,2025-04-16,email,mobile_app
858,453,2025-06-05,organic,mobile_app
859,469,2025-06-22,direct,mobile_app
860,926,2025-06-27,paid_ads,desktop
861,1031,2025-05-13,social,mobile_app
862,910,2025-03-11,direct,desktop
863,837,2025-06-13,social,desktop
864,791,2025-04-29,direct,mobile_app
865,346,2025-05-12,paid_ads,mobile_app
866,694,2025-01-20,social,desktop
867,316,2025-03-15,direct,desktop
868,725,2025-01-16,social,mobile_web
869,506,2025-06-12,social,mobile_app
870,678,2025-01-04,direct,desktop
871,213,2025-04-12,paid_ads,mobile_web
872,923,2025-01-04,social,mobile_web
873,253,2025-05-09,organic,mobile_app
874,645,2025-05-03,paid_ads,mobile_web
875,282,2025-01-23,organic,mobile_app
876,518,2025-02-22,organic,mobile_app
877,803,2025-05-26,direct,mobile_app
878,606,2025-01-24,organic,mobile_app
879,482,2025-03-23,direct,mobile_app
880,828,2025-03-13,direct,mobile_app
881,4,2025-01-26,social,mobile_app
882,551,2025-05-14,social,mobile_app
883,399,2025-03-17,paid_ads,mobile_app
884,994,2025-01-08,social,mobile_app
885,48,2025-01-06,social,mobile_app
886,755,2025-04-29,direct,desktop
887,185,2025-03-17,social,mobile_app
888,1130,2025-06-01,organic,mobile_app
889,153,2025-03-09,paid_ads,mobile_web
890,216,2025-03-17,social,mobile_app
891,93,2025-02-02,paid_ads,mobile_web
892,259,2025-01-01,direct,mobile_app
893,280,2025-05-19,direct,mobile_app
894,121,2025-01-01,organic,mobile_web
895,646,2025-01-12,organic,mobile_app
896,903,2025-02-21,organic,mobile_web
897,1176,2025-03-25,social,mobile_web
898,289,2025-04-16,social,mobile_app
899,290,2025-03-21,direct,mobile_app
900,1118,2025-04-25,paid_ads,mobile_web
901,515,2025-05-09,direct,desktop
902,611,2025-01-13,paid_ads,mobile_app
903,20,2025-03-27,email,mobile_app
904,760,2025-03-10,direct,mobile_app
905,374,2025-05-25,paid_ads,mobile_app
906,22,2025-06-29,organic,mobile_app
907,532,2025-03-28,paid_ads,desktop
908,58,2025-01-17,direct,mobile_web
909,590,2025-03-19,direct,mobile_web
910,499,2025-03-29,direct,mobile_web
911,998,2025-06-14,email,mobile_web
912,447,2025-03-15,social,mobile_web
913,768,2025-04-11,direct,mobile_app
914,1101,2025-06-10,organic,mobile_web
915,307,2025-03-26,organic,mobile_app
916,864,2025-03-04,social,mobile_app
917,1108,2025-03-06,email,mobile_app
918,685,2025-05-23,social,desktop
919,18,2025-04-05,direct,mobile_app
920,388,2025-01-26,paid_ads,desktop
921,964,2025-04-08,organic,mobile_web
922,485,2025-06-29,paid_ads,mobile_web
923,769,2025-05-29,email,mobile_app
924,571,2025-02-24,paid_ads,mobile_app
925,262,2025-01-13,organic,mobile_app
926,261,2025-04-06,social,mobile_app
927,268,2025-01-13,paid_ads,mobile_app
928,706,2025-04-23,social,mobile_web
929,962,2025-01-11,paid_ads,desktop
930,1088,2025-01-08,organic,desktop
931,856,2025-04-28,direct,desktop
932,705,2025-04-07,organic,mobile_web
933,524,2025-02-05,organic,mobile_app
934,1094,2025-06-02,social,desktop
935,835,2025-03-21,organic,mobile_app
936,494,2025-04-04,organic,mobile_web
937,551,2025-04-13,paid_ads,mobile_web
938,688,2025-03-03,direct,mobile_app
939,628,2025-02-17,paid_ads,mobile_web
940,280,2025-05-31,organic,mobile_web
941,543,2025-03-05,email,mobile_web
942,1094,2025-05-07,email,mobile_web
943,190,2025-03-23,direct,mobile_web
944,303,2025-04-26,organic,mobile_app
945,753,2025-01-12,paid_ads,mobile_app
946,991,2025-02-02,direct,mobile_app
947,816,2025-01-23,paid_ads,mobile_web
948,407,2025-03-30,organic,mobile_app
949,722,2025-06-24,social,desktop
950,1070,2025-03-15,email,mobile_app
951,812,2025-05-22,organic,mobile_web
952,1148,2025-01-23,email,mobile_app
953,378,2025-04-14,organic,desktop
954,235,2025-06-25,paid_ads,mobile_app
955,451,2025-06-19,social,mobile_app
956,818,2025-05-02,organic,desktop
957,701,2025-05-26,paid_ads,mobile_app
958,434,2025-05-08,email,mobile_app
959,1171,2025-06-08,organic,mobile_web
960,722,2025-02-23,organic,mobile_web
961,633,2025-06-22,organic,desktop
962,103,2025-05-24,organic,mobile_app
963,78,2025-03-11,email,mobile_app
964,481,2025-06-07,direct,desktop
965,599,2025-03-07,social,mobile_app
966,249,2025-05-31,paid_ads,desktop
967,530,2025-02-27,organic,mobile_app
968,1150,2025-06-01,organic,mobile_app
969,1170,2025-02-14,paid_ads,mobile_app
970,1063,2025-04-16,paid_ads,mobile_app
971,219,2025-04-29,organic,mobile_app
972,5,2025-01-21,email,mobile_app
973,1128,2025-03-17,paid_ads,desktop
974,323,2025-01-09,direct,mobile_web
975,289,2025-05-30,email,mobile_app
976,408,2025-02-09,organic,mobile_app
977,935,2025-04-23,paid_ads,mobile_web
978,712,2025-01-15,social,mobile_app
979,432,2025-02-14,organic,desktop
980,34,2025-02-11,organic,mobile_web
981,209,2025-06-12,social,mobile_app
982,848,2025-06-03,organic,mobile_web
983,132,2025-01-11,organic,mobile_app
984,86,2025-06-26,organic,mobile_app
985,516,2025-03-23,social,mobile_app
986,232,2025-03-24,paid_ads,mobile_app
987,784,2025-02-19,direct,mobile_app
988,25,2025-02-12,organic,mobile_app
989,654,2025-04-02,social,mobile_app
990,647,2025-04-13,social,mobile_web
991,1129,2025-01-28,paid_ads,mobile_app
992,460,2025-06-14,social,mobile_app
993,194,2025-01-20,direct,mobile_app
994,906,2025-03-22,email,mobile_app
995,626,2025-02-11,social,mobile_app
996,1047,2025-06-29,direct,mobile_web
997,403,2025-02-19,social,mobile_app
998,669,2025-05-16,social,mobile_app
999,728,2025-04-17,email,mobile_app
1000,1028,2025-02-22,email,mobile_app
1001,716,2025-06-03,direct,mobile_app
1002,240,2025-01-29,paid_ads,mobile_app
1003,818,2025-06-06,paid_ads,mobile_web
1004,284,2025-06-07,paid_ads,mobile_app
1005,912,2025-06-08,organic,mobile_app
1006,937,2025-03-07,paid_ads,mobile_web
1007,1170,2025-05-11,paid_ads,mobile_app
1008,1033,2025-04-29,direct,mobile_app
1009,1063,2025-04-13,direct,mobile_app
1010,336,2025-01-11,paid_ads,desktop
1011,85,2025-05-19,paid_ads,mobile_app
1012,971,2025-01-28,organic,desktop
1013,27,2025-06-23,organic,mobile_app
1014,243,2025-06-14,paid_ads,mobile_app
1015,621,2025-06-03,direct,mobile_app
1016,901,2025-03-20,social,mobile_app
1017,7,2025-06-18,social,mobile_app
1018,140,2025-03-02,direct,mobile_web
1019,1014,2025-05-18,organic,mobile_web
1020,287,2025-04-14,social,mobile_app
1021,744,2025-04-25,paid_ads,mobile_app
1022,244,2025-05-27,paid_ads,mobile_app
1023,374,2025-05-02,paid_ads,mobile_app
1024,1141,2025-05-03,organic,mobile_web
1025,220,2025-02-18,paid_ads,mobile_web
1026,1017,2025-04-07,organic,mobile_app
1027,134,2025-04-12,direct,mobile_app
1028,983,2025-03-01,organic,mobile_app
1029,1070,2025-06-16,paid_ads,mobile_app
1030,1005,2025-03-31,paid_ads,mobile_web
1031,228,2025-02-06,direct,mobile_app
1032,1190,2025-03-09,paid_ads,desktop
1033,1072,2025-02-25,organic,mobile_app
1034,1174,2025-01-27,email,mobile_app
1035,653,2025-01-06,organic,mobile_web
1036,88,2025-02-04,paid_ads,mobile_app
1037,424,2025-06-28,paid_ads,desktop
1038,124,2025-05-20,social,mobile_web
1039,882,2025-03-16,organic,mobile_web
1040,1041,2025-02-16,direct,mobile_app
1041,839,2025-04-06,social,mobile_app
1042,555,2025-05-29,paid_ads,mobile_app
1043,8,2025-05-18,email,mobile_app
1044,403,2025-05-22,organic,desktop
1045,786,2025-01-09,social,desktop
1046,1032,2025-05-10,social,desktop
1047,1117,2025-03-09,organic,mobile_app
1048,139,2025-03-01,email,mobile_app
1049,296,2025-04-30,organic,mobile_app
1050,782,2025-02-08,organic,mobile_app
1051,1195,2025-05-02,organic,mobile_app
1052,1044,2025-04-10,paid_ads,mobile_app
1053,573,2025-05-07,social,mobile_web
1054,270,2025-06-15,organic,mobile_app
1055,35,2025-04-25,email,mobile_app
1056,76,2025-06-20,organic,mobile_app
1057,1100,2025-02-13,email,desktop
1058,585,2025-04-16,social,mobile_web
1059,1053,2025-04-29,social,mobile_app
1060,1025,2025-03-08,paid_ads,mobile_app
1061,898,2025-01-23,social,mobile_web
1062,1084,2025-02-21,direct,mobile_web
1063,262,2025-02-28,social,mobile_web
1064,384,2025-02-13,organic,desktop
1065,1188,2025-04-09,direct,desktop
1066,169,2025-05-21,direct,desktop
1067,796,2025-06-02,organic,mobile_app
1068,1072,2025-06-19,direct,mobile_app
1069,62,2025-05-28,paid_ads,mobile_app
1070,560,2025-02-07,direct,mobile_app
1071,3,2025-02-06,organic,desktop
1072,279,2025-04-02,paid_ads,mobile_web
1073,1147,2025-03-26,direct,mobile_web
1074,837,2025-05-24,organic,mobile_app
1075,360,2025-05-26,organic,desktop
1076,24,2025-03-25,paid_ads,mobile_app
1077,52,2025-03-02,organic,mobile_app
1078,157,2025-04-24,direct,mobile_web
1079,223,2025-05-25,social,mobile_app
1080,258,2025-02-23,organic,desktop
1081,730,2025-02-14,organic,mobile_app
1082,1120,2025-04-29,email,mobile_app
1083,879,2025-06-23,organic,mobile_app
1084,1030,2025-05-16,social,mobile_web
1085,860,2025-04-14,paid_ads,desktop
1086,712,2025-01-12,direct,mobile_web
1087,491,2025-06-14,paid_ads,mobile_app
1088,216,2025-06-01,email,mobile_web
1089,1017,2025-04-30,social,mobile_web
1090,956,2025-04-04,social,mobile_app
1091,282,2025-01-15,social,mobile_web
1092,787,2025-01-31,organic,mobile_app
1093,373,2025-06-22,social,mobile_app
1094,954,2025-01-04,direct,mobile_app
1095,532,2025-04-10,paid_ads,mobile_app
1096,136,2025-03-04,paid_ads,mobile_web
1097,291,2025-01-30,organic,mobile_app
1098,1071,2025-02-10,social,desktop
1099,32,2025-02-07,paid_ads,mobile_app
1100,773,2025-05-21,paid_ads,mobile_app
1101,319,2025-05-30,paid_ads,desktop
1102,656,2025-03-24,paid_ads,mobile_web
1103,157,2025-03-26,direct,desktop
1104,892,2025-04-05,social,desktop
1105,960,2025-04-24,organic,mobile_app
1106,986,2025-01-26,social,mobile_app
1107,150,2025-03-25,direct,mobile_app
1108,381,2025-01-12,email,desktop
1109,975,2025-06-04,paid_ads,mobile_app
1110,884,2025-06-05,social,desktop
1111,62,2025-05-14,social,mobile_app
1112,362,2025-04-05,organic,mobile_app
1113,297,2025-01-22,paid_ads,mobile_web
1114,879,2025-03-22,direct,mobile_web
1115,706,2025-01-20,organic,mobile_app
1116,219,2025-03-17,paid_ads,mobile_app
1117,762,2025-05-22,organic,mobile_app
1118,871,2025-05-30,direct,mobile_app
1119,29,2025-03-10,organic,desktop
1120,165,2025-01-11,paid_ads,mobile_app
1121,376,2025-05-28,organic,mobile_app
1122,223,2025-06-04,social,mobile_app
1123,242,2025-06-16,social,mobile_app
1124,1154,2025-04-21,social,mobile_app
1125,1036,2025-01-01,direct,mobile_app
1126,352,2025-01-20,email,mobile_app
1127,138,2025-06-16,organic,mobile_web
1128,122,2025-02-27,organic,desktop
1129,1103,2025-02-02,direct,mobile_app
1130,805,2025-06-03,paid_ads,desktop
1131,570,2025-04-09,organic,desktop
1132,550,2025-04-25,email,mobile_web
1133,201,2025-04-25,email,mobile_app
1134,872,2025-02-28,organic,mobile_web
1135,325,2025-03-10,email,desktop
1136,129,2025-03-26,paid_ads,mobile_app
1137,102,2025-06-01,paid_ads,mobile_app
1138,659,2025-01-29,social,mobile_app
1139,16,2025-05-07,paid_ads,mobile_app
1140,888,2025-03-27,organic,desktop
1141,1080,2025-05-19,paid_ads,desktop
1142,743,2025-06-13,paid_ads,mobile_app
1143,615,2025-02-18,paid_ads,mobile_web
1144,333,2025-03-15,organic,mobile_app
1145,808,2025-01-11,organic,mobile_web
1146,103,2025-02-26,social,mobile_app
1147,295,2025-03-24,paid_ads,mobile_web
1148,228,2025-02-20,organic,desktop
1149,942,2025-04-10,organic,mobile_app
1150,878,2025-03-29,social,mobile_app
1151,1013,2025-02-14,email,mobile_web
1152,1027,2025-04-25,social,mobile_web
1153,355,2025-03-10,organic,mobile_app
1154,641,2025-02-14,paid_ads,desktop
1155,481,2025-01-05,paid_ads,mobile_web
1156,977,2025-04-20,paid_ads,mobile_app
1157,720,2025-04-17,direct,mobile_app
1158,1182,2025-05-13,direct,mobile_app
1159,467,2025-04-19,social,mobile_app
1160,278,2025-04-16,organic,mobile_app
1161,419,2025-06-28,paid_ads,mobile_web
1162,285,2025-01-16,social,mobile_web
1163,866,2025-05-20,social,mobile_web
1164,61,2025-01-16,paid_ads,mobile_app
1165,1184,2025-01-04,direct,mobile_web
1166,1189,2025-05-11,email,mobile_web
1167,1099,2025-05-24,direct,mobile_app
1168,1094,2025-06-06,paid_ads,desktop
1169,487,2025-06-13,direct,mobile_app
1170,155,2025-04-17,paid_ads,mobile_app
1171,12,2025-06-14,paid_ads,mobile_app
1172,1188,2025-01-14,direct,mobile_web
1173,845,2025-01-13,email,mobile_app
1174,1158,2025-06-11,organic,mobile_web
1175,863,2025-03-09,organic,desktop
1176,1200,2025-02-27,organic,desktop
1177,121,2025-04-25,organic,mobile_app
1178,602,2025-06-26,organic,mobile_app
1179,498,2025-03-11,direct,desktop
1180,826,2025-06-09,social,mobile_web
1181,1162,2025-06-20,social,desktop
1182,526,2025-02-17,organic,mobile_app
1183,1195,2025-03-30,paid_ads,mobile_app
1184,317,2025-05-21,email,mobile_web
1185,174,2025-01-03,organic,mobile_app
1186,594,2025-06-18,paid_ads,mobile_web
1187,891,2025-04-09,email,desktop
1188,758,2025-01-02,paid_ads,mobile_app
1189,504,2025-06-07,email,mobile_app
1190,630,2025-02-11,paid_ads,mobile_app
1191,398,2025-04-14,paid_ads,mobile_web
1192,93,2025-06-09,organic,mobile_app
1193,1095,2025-02-27,paid_ads,mobile_app
1194,11,2025-03-24,social,mobile_app
1195,1142,2025-01-23,direct,desktop
1196,97,2025-01-01,email,desktop
1197,365,2025-06-24,organic,mobile_app
1198,1115,2025-03-13,email,mobile_web
1199,702,2025-01-15,social,mobile_app
1200,615,2025-05-10,organic,mobile_app
1201,456,2025-02-07,organic,mobile_app
1202,301,2025-05-01,organic,mobile_app
1203,282,2025-01-21,direct,desktop
1204,836,2025-03-05,organic,mobile_app
1205,812,2025-01-03,paid_ads,mobile_app
1206,121,2025-01-08,social,mobile_app
1207,383,2025-06-09,direct,mobile_app
1208,675,2025-05-23,organic,mobile_app
1209,63,2025-06-13,paid_ads,mobile_app
1210,111,2025-01-16,paid_ads,mobile_app
1211,749,2025-03-23,organic,mobile_web
1212,880,2025-05-22,paid_ads,desktop
1213,1014,2025-04-28,organic,mobile_web
1214,767,2025-02-17,social,mobile_app
1215,971,2025-03-09,social,mobile_app
1216,830,2025-05-24,paid_ads,mobile_app
1217,383,2025-03-02,organic,mobile_app
1218,134,2025-02-14,paid_ads,mobile_app
1219,673,2025-02-02,direct,mobile_web
1220,907,2025-06-05,paid_ads,mobile_web
1221,453,2025-04-11,organic,mobile_app
1222,309,2025-04-30,direct,mobile_app
1223,70,2025-03-18,direct,mobile_app
1224,38,2025-05-02,social,desktop
1225,731,2025-04-14,email,mobile_web
1226,159,2025-05-10,organic,desktop
1227,527,2025-01-26,direct,mobile_app
1228,699,2025-05-10,paid_ads,mobile_app
1229,1027,2025-02-02,paid_ads,desktop
1230,1179,2025-04-30,email,mobile_app
1231,802,2025-05-12,organic,mobile_web
1232,911,2025-01-31,organic,mobile_app
1233,735,2025-02-14,direct,mobile_app
1234,915,2025-04-17,paid_ads,mobile_web
1235,414,2025-05-17,organic,mobile_app
1236,927,2025-02-19,organic,mobile_app
1237,436,2025-05-30,organic,mobile_web
1238,951,2025-04-07,organic,mobile_web
1239,30,2025-06-13,email,mobile_app
1240,1124,2025-04-21,organic,mobile_web
1241,514,2025-01-12,organic,mobile_web
1242,942,2025-04-28,paid_ads,mobile_app
1243,548,2025-02-10,direct,mobile_web
1244,64,2025-05-21,social,mobile_app
1245,787,2025-02-24,paid_ads,desktop
1246,849,2025-01-06,email,mobile_web
1247,56,2025-02-28,direct,desktop
1248,116,2025-04-20,organic,mobile_web
1249,927,2025-01-17,social,mobile_app
1250,1127,2025-05-12,organic,mobile_app
1251,981,2025-06-01,paid_ads,mobile_app
1252,58,2025-01-23,email,mobile_app
1253,1106,2025-06-17,paid_ads,mobile_app
1254,55,2025-04-13,email,mobile_app
1255,862,2025-06-07,paid_ads,mobile_app
1256,206,2025-01-11,paid_ads,mobile_app
1257,68,2025-05-15,paid_ads,mobile_web
1258,456,2025-03-13,paid_ads,mobile_web
1259,661,2025-05-18,direct,mobile_app
1260,1050,2025-05-02,paid_ads,mobile_app
1261,475,2025-04-20,social,mobile_app
1262,1021,2025-02-11,paid_ads,mobile_web
1263,427,2025-01-23,social,mobile_app
1264,797,2025-02-23,organic,mobile_app
1265,829,2025-03-15,email,mobile_app
1266,257,2025-06-13,paid_ads,mobile_app
1267,59,2025-06-12,social,mobile_app
1268,493,2025-01-09,organic,mobile_web
1269,263,2025-02-26,organic,mobile_web
1270,897,2025-04-18,direct,mobile_web
1271,148,2025-03-12,paid_ads,mobile_web
1272,718,2025-04-12,organic,mobile_app
1273,287,2025-01-14,direct,mobile_app
1274,686,2025-06-13,paid_ads,mobile_web
1275,770,2025-01-24,direct,mobile_app
1276,6,2025-03-27,direct,mobile_web
1277,427,2025-03-11,social,mobile_web
1278,1126,2025-05-17,paid_ads,mobile_app
1279,172,2025-05-29,paid_ads,mobile_app
1280,938,2025-03-23,paid_ads,mobile_app
1281,1098,2025-03-21,paid_ads,mobile_app
1282,1124,2025-01-12,organic,mobile_app
1283,406,2025-01-19,organic,mobile_web
1284,283,2025-01-25,organic,mobile_web
1285,422,2025-02-02,direct,mobile_app
1286,268,2025-04-06,organic,mobile_app
1287,95,2025-02-23,direct,mobile_app
1288,240,2025-06-03,social,mobile_app
1289,844,2025-02-25,social,mobile_app
1290,507,2025-06-21,paid_ads,mobile_app
1291,497,2025-06-13,organic,mobile_web
1292,828,2025-01-17,paid_ads,mobile_app
1293,799,2025-03-05,direct,mobile_app
1294,261,2025-05-28,social,desktop
1295,796,2025-03-18,paid_ads,mobile_web
1296,321,2025-06-28,email,desktop
1297,851,2025-06-22,organic,desktop
1298,196,2025-05-04,organic,mobile_web
1299,1139,2025-03-12,direct,mobile_app
1300,296,2025-06-12,social,desktop
1301,608,2025-02-18,paid_ads,mobile_app
1302,925,2025-06-24,direct,mobile_app
1303,1199,2025-02-19,organic,mobile_web
1304,561,2025-01-12,paid_ads,mobile_app
1305,182,2025-04-22,social,desktop
1306,187,2025-03-14,organic,mobile_app
1307,82,2025-02-21,organic,mobile_app
1308,675,2025-02-09,paid_ads,mobile_app
1309,1159,2025-06-01,direct,mobile_app
1310,9,2025-05-23,organic,desktop
1311,154,2025-04-22,social,mobile_web
1312,1006,2025-02-18,paid_ads,desktop
1313,618,2025-04-08,email,mobile_app
1314,706,2025-02-14,paid_ads,desktop
1315,580,2025-04-30,paid_ads,mobile_web
1316,566,2025-04-02,paid_ads,desktop
1317,1038,2025-02-26,email,desktop
1318,378,2025-04-27,paid_ads,mobile_web
1319,1043,2025-02-16,email,desktop
1320,1049,2025-01-02,paid_ads,mobile_web
1321,844,2025-06-22,paid_ads,mobile_web
1322,996,2025-05-01,organic,mobile_app
1323,549,2025-02-28,paid_ads,mobile_web
1324,237,2025-01-08,direct,mobile_app
1325,60,2025-01-19,organic,mobile_app
1326,538,2025-04-27,paid_ads,mobile_web
1327,264,2025-06-14,email,mobile_app
1328,825,2025-03-26,email,mobile_app
1329,1010,2025-03-20,social,mobile_web
1330,383,2025-04-18,email,mobile_web
1331,613,2025-02-05,email,mobile_web
1332,662,2025-05-17,social,mobile_web
1333,671,2025-03-14,paid_ads,mobile_app
1334,286,2025-03-13,paid_ads,mobile_app
1335,892,2025-06-26,paid_ads,desktop
1336,245,2025-02-15,paid_ads,mobile_app
1337,16,2025-01-25,organic,mobile_app
1338,921,2025-02-06,email,mobile_web
1339,1095,2025-04-07,social,mobile_app
1340,502,2025-01-31,paid_ads,mobile_web
1341,834,2025-06-09,social,mobile_web
1342,1121,2025-04-09,social,mobile_app
1343,776,2025-03-14,social,mobile_app
1344,1167,2025-06-28,social,mobile_web
1345,1073,2025-03-12,organic,mobile_app
1346,756,2025-02-16,organic,mobile_app
1347,452,2025-05-06,direct,desktop
1348,266,2025-04-09,direct,mobile_app
1349,864,2025-04-17,social,mobile_web
1350,474,2025-06-07,social,mobile_web
1351,528,2025-02-05,social,mobile_app
1352,617,2025-04-06,paid_ads,mobile_web
1353,13,2025-05-07,paid_ads,mobile_app
1354,766,2025-06-28,organic,mobile_app
1355,115,2025-03-11,direct,mobile_web
1356,1066,2025-01-18,paid_ads,mobile_app
1357,311,2025-01-13,organic,desktop
1358,1181,2025-05-11,paid_ads,desktop
1359,859,2025-01-14,organic,mobile_web
1360,2,2025-03-16,organic,desktop
1361,586,2025-03-14,organic,mobile_app
1362,722,2025-06-09,paid_ads,mobile_app
1363,1058,2025-04-25,direct,mobile_app
1364,1080,2025-02-22,social,mobile_web
1365,798,2025-04-19,paid_ads,mobile_web
1366,963,2025-04-02,social,mobile_app
1367,328,2025-01-11,paid_ads,mobile_app
1368,327,2025-01-25,paid_ads,mobile_web
1369,988,2025-06-24,paid_ads,mobile_app
1370,872,2025-02-23,paid_ads,mobile_app
1371,415,2025-03-29,organic,mobile_web
1372,947,2025-04-21,organic,mobile_web
1373,523,2025-01-16,paid_ads,mobile_web
1374,17,2025-02-27,email,mobile_web
1375,238,2025-03-16,organic,mobile_web
1376,875,2025-05-30,direct,mobile_web
1377,374,2025-01-20,organic,mobile_app
1378,28,2025-03-14,paid_ads,mobile_app
1379,235,2025-01-10,organic,desktop
1380,497,2025-04-16,direct,mobile_web
1381,285,2025-04-04,social,mobile_app
1382,595,2025-06-26,organic,mobile_web
1383,27,2025-01-10,organic,mobile_app
1384,481,2025-01-30,organic,mobile_app
1385,1089,2025-06-14,direct,mobile_app
1386,182,2025-02-13,organic,mobile_app
1387,526,2025-03-30,social,desktop
1388,181,2025-05-21,organic,mobile_app
1389,632,2025-03-01,organic,mobile_app
1390,730,2025-01-27,email,mobile_web
1391,838,2025-05-15,direct,mobile_app
1392,950,2025-03-23,paid_ads,mobile_web
1393,607,2025-05-23,organic,desktop
1394,794,2025-02-18,paid_ads,mobile_web
1395,1077,2025-06-16,paid_ads,mobile_app
1396,290,2025-01-27,email,mobile_app
1397,706,2025-02-28,organic,mobile_app
1398,536,2025-06-16,social,desktop
1399,568,2025-06-02,paid_ads,desktop
1400,575,2025-05-21,paid_ads,mobile_app
1401,725,2025-06-20,direct,mobile_app
1402,328,2025-02-25,direct,desktop
1403,1061,2025-06-19,paid_ads,mobile_app
1404,448,2025-03-18,email,mobile_web
1405,882,2025-05-18,direct,mobile_web
1406,402,2025-04-25,email,mobile_web
1407,291,2025-03-11,direct,mobile_web
1408,678,2025-01-26,organic,mobile_web
1409,228,2025-05-07,social,mobile_app
1410,624,2025-06-25,paid_ads,mobile_app
1411,971,2025-04-17,organic,desktop
1412,342,2025-01-26,social,mobile_app
1413,493,2025-06-08,organic,desktop
1414,858,2025-01-26,paid_ads,mobile_web
1415,632,2025-01-24,paid_ads,desktop
1416,297,2025-03-02,email,mobile_web
1417,530,2025-02-21,organic,mobile_app
1418,132,2025-02-11,direct,mobile_app
1419,660,2025-04-22,paid_ads,mobile_web
1420,736,2025-04-26,organic,mobile_app
1421,1137,2025-03-21,email,desktop
1422,155,2025-06-20,direct,desktop
1423,202,2025-02-13,organic,mobile_web
1424,158,2025-05-14,direct,mobile_web
1425,842,2025-03-02,organic,desktop
1426,177,2025-03-04,email,mobile_web
1427,1084,2025-05-30,paid_ads,mobile_web
1428,239,2025-05-09,social,mobile_web
1429,52,2025-04-28,paid_ads,mobile_app
1430,448,2025-01-29,organic,desktop
1431,425,2025-05-03,direct,mobile_app
1432,997,2025-02-28,social,desktop
1433,371,2025-06-02,social,mobile_app
1434,42,2025-06-28,organic,mobile_app
1435,584,2025-06-03,email,mobile_app
1436,729,2025-06-08,paid_ads,mobile_app
1437,642,2025-04-15,paid_ads,mobile_app
1438,1000,2025-01-23,direct,mobile_app
1439,1080,2025-01-12,paid_ads,mobile_web
1440,116,2025-06-03,organic,mobile_web
1441,314,2025-02-25,paid_ads,mobile_app
1442,701,2025-01-18,organic,mobile_web
1443,137,2025-03-07,email,desktop
1444,734,2025-05-23,organic,desktop
1445,743,2025-04-29,direct,mobile_web
1446,879,2025-02-04,paid_ads,mobile_app
1447,844,2025-03-02,social,mobile_app
1448,635,2025-05-22,paid_ads,mobile_app
1449,64,2025-04-05,organic,mobile_app
1450,17,2025-01-27,email,mobile_web
1451,56,2025-03-23,email,mobile_app
1452,134,2025-02-19,email,mobile_app
1453,840,2025-06-22,organic,mobile_web
1454,360,2025-02-15,paid_ads,mobile_web
1455,1136,2025-03-10,paid_ads,mobile_app
1456,45,2025-05-24,email,mobile_app
1457,865,2025-06-03,paid_ads,mobile_app
1458,830,2025-02-01,paid_ads,mobile_app
1459,697,2025-04-27,organic,mobile_web
1460,1104,2025-01-05,email,mobile_app
1461,858,2025-06-17,paid_ads,mobile_app
1462,891,2025-03-13,email,mobile_app
1463,267,2025-06-24,paid_ads,desktop
1464,834,2025-06-21,direct,desktop
1465,756,2025-05-06,organic,desktop
1466,477,2025-02-08,organic,mobile_app
1467,279,2025-04-24,paid_ads,desktop
1468,1044,2025-06-04,email,desktop
1469,284,2025-04-25,email,desktop
1470,976,2025-05-02,paid_ads,mobile_app
1471,632,2025-03-18,email,mobile_app
1472,704,2025-03-27,organic,desktop
1473,28,2025-04-30,direct,mobile_app
1474,162,2025-03-20,organic,mobile_web
1475,1028,2025-03-22,email,mobile_web
1476,1122,2025-01-05,direct,mobile_web
1477,1096,2025-01-18,paid_ads,desktop
1478,437,2025-03-06,email,desktop
1479,985,2025-01-22,email,desktop
1480,344,2025-06-04,social,mobile_app
1481,119,2025-06-23,social,mobile_app
1482,199,2025-05-27,email,mobile_app
1483,1092,2025-04-09,organic,mobile_app
1484,209,2025-02-09,organic,mobile_app
1485,657,2025-03-20,organic,mobile_app
1486,202,2025-06-03,organic,desktop
1487,328,2025-02-01,social,mobile_app
1488,8,2025-02-05,organic,mobile_web
1489,949,2025-03-28,direct,mobile_app
1490,302,2025-04-13,direct,desktop
1491,978,2025-04-13,organic,desktop
1492,419,2025-03-26,organic,desktop
1493,781,2025-06-07,paid_ads,mobile_web
1494,568,2025-01-21,social,mobile_app
1495,1068,2025-03-24,email,desktop
1496,838,2025-05-25,paid_ads,mobile_web
1497,306,2025-06-19,email,mobile_app
1498,866,2025-05-07,paid_ads,mobile_app
1499,301,2025-02-21,organic,mobile_app
1500,1079,2025-02-10,paid_ads,desktop
1501,1010,2025-03-10,paid_ads,mobile_app
1502,148,2025-04-22,social,mobile_web
1503,377,2025-02-19,organic,mobile_app
1504,671,2025-02-09,email,mobile_web
1505,521,2025-01-22,paid_ads,mobile_web
1506,820,2025-03-30,direct,mobile_app
1507,805,2025-05-05,organic,desktop
1508,1175,2025-02-09,organic,mobile_web
1509,838,2025-06-24,paid_ads,mobile_web
1510,88,2025-04-02,organic,mobile_app
1511,446,2025-06-22,email,desktop
1512,985,2025-05-25,social,mobile_app
1513,1169,2025-04-22,paid_ads,mobile_app
1514,1193,2025-04-03,direct,mobile_app
1515,998,2025-03-03,paid_ads,desktop
1516,493,2025-06-18,social,mobile_web
1517,822,2025-03-11,organic,mobile_app
1518,1193,2025-05-05,social,desktop
1519,489,2025-06-13,organic,mobile_web
1520,911,2025-05-07,email,mobile_app
1521,73,2025-06-15,direct,mobile_app
1522,492,2025-04-02,paid_ads,mobile_web
1523,219,2025-01-20,social,mobile_web
1524,643,2025-05-26,paid_ads,mobile_web
1525,129,2025-01-06,direct,mobile_app
1526,372,2025-03-02,direct,mobile_web
1527,1195,2025-06-22,organic,mobile_web
1528,341,2025-02-12,organic,mobile_web
1529,627,2025-03-23,paid_ads,mobile_web
1530,559,2025-02-24,paid_ads,mobile_app
1531,702,2025-04-26,organic,mobile_app
1532,693,2025-06-15,organic,mobile_app
1533,276,2025-03-08,organic,desktop
1534,892,2025-04-30,organic,mobile_app
1535,765,2025-05-04,organic,mobile_app
1536,809,2025-01-27,email,mobile_web
1537,456,2025-06-21,organic,desktop
1538,673,2025-04-20,social,mobile_app
1539,1157,2025-06-15,social,mobile_web
1540,1145,2025-05-20,email,mobile_app
1541,506,2025-04-12,organic,mobile_app
1542,475,2025-05-20,organic,desktop
1543,173,2025-03-06,paid_ads,mobile_app
1544,1194,2025-01-04,social,mobile_web
1545,930,2025-01-21,organic,desktop
1546,117,2025-02-03,direct,mobile_app
1547,20,2025-03-25,paid_ads,mobile_app
1548,683,2025-03-09,direct,desktop
1549,445,2025-03-30,direct,mobile_app
1550,105,2025-05-02,paid_ads,desktop
1551,742,2025-04-18,paid_ads,mobile_web
1552,1040,2025-05-16,organic,mobile_web
1553,903,2025-04-06,direct,mobile_app
1554,897,2025-02-01,social,desktop
1555,354,2025-04-15,organic,mobile_web
1556,344,2025-02-19,paid_ads,mobile_app
1557,57,2025-04-07,social,desktop
1558,268,2025-04-11,organic,mobile_app
1559,543,2025-05-23,organic,desktop
1560,525,2025-03-21,organic,mobile_app
1561,346,2025-05-04,organic,desktop
1562,668,2025-02-23,email,desktop
1563,356,2025-06-20,email,mobile_app
1564,1002,2025-03-11,paid_ads,mobile_app
1565,105,2025-01-15,organic,mobile_web
1566,700,2025-02-18,paid_ads,mobile_app
1567,873,2025-03-08,organic,mobile_app
1568,315,2025-01-20,organic,mobile_app
1569,1152,2025-04-01,organic,mobile_web
1570,661,2025-02-24,social,mobile_app
1571,942,2025-03-21,paid_ads,desktop
1572,958,2025-02-10,social,mobile_web
1573,144,2025-05-01,organic,mobile_web
1574,890,2025-02-13,social,mobile_app
1575,771,2025-04-14,paid_ads,mobile_app
1576,89,2025-05-27,social,mobile_web
1577,554,2025-06-14,direct,mobile_web
1578,831,2025-06-27,paid_ads,mobile_web
1579,681,2025-01-30,organic,mobile_app
1580,336,2025-03-04,organic,mobile_app
1581,825,2025-02-21,paid_ads,mobile_app
1582,295,2025-04-21,social,mobile_web
1583,549,2025-02-20,direct,mobile_app
1584,358,2025-02-26,paid_ads,mobile_web
1585,208,2025-05-02,direct,mobile_app
1586,547,2025-03-11,email,mobile_web
1587,613,2025-01-19,direct,mobile_app
1588,716,2025-06-26,social,mobile_app
1589,141,2025-01-29,email,desktop
1590,275,2025-06-21,direct,mobile_app
1591,87,2025-01-28,social,mobile_web
1592,856,2025-02-25,social,desktop
1593,1075,2025-06-02,paid_ads,mobile_app
1594,182,2025-04-18,paid_ads,mobile_web
1595,782,2025-05-23,paid_ads,mobile_app
1596,230,2025-03-16,social,desktop
1597,939,2025-01-05,organic,mobile_app
1598,794,2025-04-22,paid_ads,mobile_web
1599,184,2025-06-17,paid_ads,desktop
1600,301,2025-03-31,organic,mobile_app
1601,878,2025-03-03,paid_ads,mobile_web
1602,986,2025-04-17,organic,mobile_web
1603,1155,2025-02-23,email,mobile_web
1604,458,2025-06-08,paid_ads,mobile_web
1605,774,2025-04-26,organic,mobile_app
1606,210,2025-04-05,organic,mobile_app
1607,538,2025-06-11,organic,mobile_app
1608,25,2025-04-21,paid_ads,mobile_app
1609,1196,2025-04-17,email,mobile_web
1610,1138,2025-04-11,organic,mobile_app
1611,14,2025-04-27,paid_ads,mobile_app
1612,433,2025-02-26,paid_ads,desktop
1613,213,2025-03-29,paid_ads,desktop
1614,321,2025-05-31,paid_ads,mobile_app
1615,1173,2025-04-09,social,mobile_web
1616,313,2025-05-01,paid_ads,mobile_web
1617,790,2025-04-26,organic,mobile_app
1618,1140,2025-04-12,organic,mobile_app
1619,832,2025-01-25,email,mobile_app
1620,1196,2025-05-11,social,mobile_web
1621,219,2025-04-27,organic,mobile_app
1622,906,2025-04-19,organic,mobile_web
1623,917,2025-06-20,organic,mobile_app
1624,114,2025-05-30,paid_ads,mobile_web
1625,713,2025-01-29,organic,mobile_app
1626,876,2025-05-10,social,mobile_app
1627,771,2025-03-04,direct,desktop
1628,987,2025-01-09,direct,mobile_app
1629,1142,2025-04-05,email,desktop
1630,672,2025-03-01,paid_ads,mobile_app
1631,974,2025-05-19,social,desktop
1632,1195,2025-02-02,direct,mobile_app
1633,228,2025-01-22,social,mobile_web
1634,1151,2025-06-09,organic,mobile_app
1635,1139,2025-02-19,paid_ads,mobile_web
1636,262,2025-01-19,organic,desktop
1637,287,2025-01-21,organic,mobile_app
1638,589,2025-06-13,organic,mobile_app
1639,948,2025-03-04,paid_ads,mobile_app
1640,139,2025-06-18,social,mobile_web
1641,658,2025-02-17,direct,mobile_app
1642,634,2025-01-12,social,mobile_app
1643,342,2025-06-06,social,mobile_app
1644,1182,2025-03-10,organic,mobile_app
1645,813,2025-02-07,paid_ads,mobile_app
1646,706,2025-05-06,email,mobile_web
1647,151,2025-04-11,organic,mobile_web
1648,518,2025-05-11,direct,mobile_web
1649,351,2025-05-01,social,mobile_app
1650,596,2025-01-01,email,mobile_app
1651,38,2025-01-09,direct,desktop
1652,1084,2025-02-18,organic,mobile_web
1653,626,2025-01-01,organic,mobile_app
1654,195,2025-05-29,paid_ads,mobile_app
1655,1057,2025-01-25,organic,mobile_app
1656,836,2025-04-17,email,desktop
1657,665,2025-04-27,paid_ads,mobile_app
1658,358,2025-06-23,direct,mobile_web
1659,326,2025-06-25,social,mobile_app
1660,965,2025-01-18,organic,mobile_app
1661,365,2025-04-05,email,desktop
1662,1123,2025-03-26,organic,mobile_web
1663,906,2025-06-24,direct,mobile_app
1664,2,2025-04-02,email,desktop
1665,344,2025-02-21,organic,mobile_web
1666,466,2025-05-07,organic,desktop
1667,240,2025-05-27,social,mobile_web
1668,260,2025-03-26,paid_ads,mobile_web
1669,723,2025-04-04,direct,mobile_app
1670,948,2025-03-06,social,mobile_web
1671,349,2025-06-13,social,mobile_app
1672,610,2025-05-26,social,desktop
1673,1173,2025-03-22,direct,mobile_app
1674,648,2025-01-01,email,mobile_web
1675,805,2025-03-02,paid_ads,mobile_app
1676,678,2025-04-26,social,mobile_app
1677,504,2025-03-16,organic,mobile_app
1678,643,2025-01-11,paid_ads,mobile_web
1679,803,2025-05-22,organic,mobile_app
1680,30,2025-04-23,direct,mobile_app
1681,760,2025-03-29,paid_ads,mobile_web
1682,444,2025-04-15,organic,mobile_app
1683,127,2025-01-10,organic,desktop
1684,947,2025-03-29,organic,mobile_web
1685,1129,2025-06-25,email,mobile_web
1686,149,2025-04-07,social,mobile_app
1687,298,2025-04-24,paid_ads,mobile_web
1688,111,2025-03-24,paid_ads,mobile_web
1689,912,2025-02-07,social,desktop
1690,163,2025-05-28,direct,mobile_app
1691,530,2025-05-09,paid_ads,mobile_app
1692,555,2025-05-26,paid_ads,mobile_app
1693,544,2025-03-07,paid_ads,mobile_web
1694,535,2025-06-28,organic,mobile_app
1695,314,2025-05-14,email,mobile_app
1696,775,2025-05-28,paid_ads,mobile_app
1697,554,2025-01-05,organic,mobile_app
1698,211,2025-04-30,paid_ads,mobile_app
1699,966,2025-02-27,social,mobile_app
1700,1186,2025-04-08,paid_ads,mobile_app
1701,105,2025-01-28,social,mobile_app
1702,58,2025-01-13,social,mobile_app
1703,970,2025-06-27,organic,mobile_app
1704,903,2025-06-24,paid_ads,desktop
1705,385,2025-06-06,organic,desktop
1706,96,2025-06-07,social,mobile_app
1707,55,2025-04-22,email,mobile_web
1708,186,2025-06-29,social,mobile_app
1709,146,2025-06-23,direct,mobile_app
1710,543,2025-05-07,organic,mobile_web
1711,1123,2025-02-06,direct,mobile_web
1712,1122,2025-02-16,direct,mobile_web
1713,877,2025-06-16,email,mobile_app
1714,1075,2025-03-17,paid_ads,mobile_app
1715,437,2025-01-01,paid_ads,desktop
1716,981,2025-06-21,email,mobile_app
1717,128,2025-01-08,direct,mobile_web
1718,857,2025-01-27,organic,mobile_app
1719,339,2025-05-14,email,mobile_web
1720,85,2025-06-07,direct,mobile_app
1721,886,2025-03-17,direct,mobile_app
1722,920,2025-04-23,email,desktop
1723,498,2025-02-19,paid_ads,mobile_app
1724,928,2025-01-10,paid_ads,mobile_web
1725,260,2025-04-25,organic,mobile_app
1726,601,2025-05-23,organic,mobile_app
1727,737,2025-03-15,social,mobile_app
1728,477,2025-03-29,paid_ads,desktop
1729,1095,2025-01-08,paid_ads,mobile_web
1730,332,2025-03-22,organic,mobile_web
1731,502,2025-01-31,email,mobile_app
1732,1022,2025-02-06,organic,mobile_web
1733,939,2025-04-26,organic,mobile_web
1734,724,2025-03-29,direct,mobile_app
1735,1146,2025-02-11,organic,mobile_app
1736,306,2025-06-20,organic,mobile_app
1737,594,2025-01-06,email,mobile_web
1738,182,2025-03-02,organic,desktop
1739,179,2025-02-22,direct,mobile_web
1740,478,2025-04-04,organic,mobile_app
1741,334,2025-01-13,email,desktop
1742,1002,2025-06-28,organic,mobile_app
1743,596,2025-01-08,organic,mobile_web
1744,801,2025-05-07,paid_ads,desktop
1745,315,2025-04-28,paid_ads,desktop
1746,113,2025-04-23,paid_ads,desktop
1747,1175,2025-02-22,email,desktop
1748,503,2025-03-05,direct,mobile_app
1749,652,2025-01-07,paid_ads,mobile_app
1750,562,2025-02-20,email,mobile_web
1751,1006,2025-05-19,paid_ads,desktop
1752,562,2025-01-29,paid_ads,desktop
1753,1180,2025-02-24,direct,mobile_web
1754,1002,2025-06-12,organic,desktop
1755,1090,2025-03-02,organic,mobile_app
1756,533,2025-05-12,paid_ads,mobile_app
1757,552,2025-04-23,organic,mobile_app
1758,407,2025-05-13,direct,mobile_app
1759,816,2025-05-10,paid_ads,mobile_app
1760,475,2025-03-10,paid_ads,mobile_app
1761,312,2025-02-26,paid_ads,mobile_app
1762,966,2025-06-26,direct,mobile_web
1763,912,2025-04-10,social,mobile_web
1764,114,2025-06-23,direct,mobile_app
1765,1200,2025-06-04,organic,mobile_app
1766,40,2025-06-10,organic,mobile_web
1767,602,2025-06-28,organic,mobile_app
1768,137,2025-03-11,email,mobile_app
1769,109,2025-05-23,organic,mobile_app
1770,642,2025-05-19,social,mobile_web
1771,1008,2025-06-18,email,mobile_web
1772,850,2025-06-13,direct,mobile_app
1773,133,2025-04-30,social,desktop
1774,569,2025-01-01,organic,mobile_web
1775,494,2025-04-03,organic,mobile_web
1776,619,2025-06-21,direct,mobile_app
1777,1128,2025-04-14,direct,mobile_web
1778,124,2025-04-16,email,mobile_web
1779,3,2025-05-01,social,mobile_app
1780,1188,2025-01-09,organic,mobile_app
1781,697,2025-04-20,paid_ads,mobile_app
1782,272,2025-04-22,social,mobile_app
1783,463,2025-04-10,organic,mobile_app
1784,946,2025-01-11,social,desktop
1785,1178,2025-04-02,email,mobile_app
1786,73,2025-05-01,organic,mobile_app
1787,952,2025-05-15,organic,mobile_app
1788,233,2025-06-18,paid_ads,mobile_app
1789,539,2025-05-23,social,mobile_app
1790,78,2025-06-05,organic,mobile_app
1791,1061,2025-01-21,direct,mobile_web
1792,1192,2025-03-30,social,mobile_app
1793,1013,2025-03-18,paid_ads,mobile_app
1794,15,2025-03-24,organic,mobile_web
1795,381,2025-03-14,organic,mobile_web
1796,47,2025-02-09,social,mobile_app
1797,573,2025-01-15,organic,desktop
1798,750,2025-01-04,email,mobile_web
1799,506,2025-05-28,social,mobile_app
1800,438,2025-05-19,social,desktop
1801,667,2025-01-08,organic,desktop
1802,621,2025-06-01,social,mobile_app
1803,663,2025-05-11,organic,mobile_app
1804,860,2025-01-01,email,mobile_app
1805,435,2025-03-12,paid_ads,mobile_app
1806,1194,2025-01-21,organic,mobile_web
1807,1177,2025-03-22,social,mobile_app
1808,1030,2025-06-13,social,mobile_web
1809,620,2025-02-26,organic,mobile_app
1810,987,2025-01-28,organic,mobile_app
1811,789,2025-01-24,social,mobile_web
1812,1185,2025-06-10,organic,desktop
1813,689,2025-06-01,organic,mobile_app
1814,418,2025-05-23,social,mobile_web
1815,544,2025-02-24,organic,mobile_app
1816,1136,2025-01-17,paid_ads,desktop
1817,270,2025-02-28,direct,mobile_web
1818,1137,2025-06-04,email,mobile_app
1819,88,2025-06-27,direct,mobile_web
1820,484,2025-03-09,organic,mobile_web
1821,62,2025-06-24,social,mobile_app
1822,1028,2025-06-27,organic,desktop
1823,883,2025-06-22,organic,desktop
1824,1063,2025-02-04,paid_ads,desktop
1825,914,2025-04-10,direct,mobile_app
1826,1006,2025-02-10,social,mobile_app
1827,800,2025-03-24,social,mobile_app
1828,386,2025-04-06,social,mobile_app
1829,464,2025-03-12,social,mobile_web
1830,1103,2025-02-26,direct,mobile_app
1831,875,2025-01-24,direct,mobile_app
1832,705,2025-06-07,direct,mobile_app
1833,855,2025-05-09,organic,mobile_web
1834,1134,2025-03-05,organic,mobile_app
1835,915,2025-01-15,organic,mobile_web
1836,169,2025-02-26,organic,desktop
1837,32,2025-03-15,social,mobile_app
1838,743,2025-03-12,organic,mobile_web
1839,190,2025-04-14,social,mobile_app
1840,268,2025-02-09,organic,mobile_web
1841,594,2025-03-21,paid_ads,mobile_web
1842,1138,2025-05-08,paid_ads,mobile_app
1843,824,2025-04-26,organic,mobile_web
1844,1101,2025-03-08,organic,mobile_web
1845,67,2025-03-01,direct,mobile_app
1846,372,2025-03-02,organic,desktop
1847,1173,2025-06-09,direct,mobile_app
1848,976,2025-04-03,paid_ads,mobile_web
1849,1122,2025-02-15,email,mobile_web
1850,236,2025-01-25,paid_ads,mobile_app
1851,1,2025-02-20,paid_ads,mobile_app
1852,807,2025-03-06,organic,desktop
1853,946,2025-02-16,social,mobile_app
1854,243,2025-02-19,organic,mobile_app
1855,547,2025-05-01,direct,mobile_web
1856,746,2025-06-08,paid_ads,mobile_web
1857,1002,2025-06-24,paid_ads,mobile_app
1858,1023,2025-04-16,organic,mobile_web
1859,869,2025-05-22,paid_ads,mobile_app
1860,601,2025-02-19,social,desktop
1861,807,2025-03-27,social,mobile_web
1862,794,2025-05-30,paid_ads,mobile_app
1863,1146,2025-05-15,social,mobile_web
1864,530,2025-04-23,paid_ads,mobile_app
1865,15,2025-02-20,paid_ads,mobile_app
1866,1189,2025-01-31,organic,mobile_web
1867,448,2025-03-07,organic,desktop
1868,808,2025-03-05,direct,mobile_web
1869,542,2025-01-14,organic,mobile_web
1870,110,2025-06-10,direct,mobile_app
1871,553,2025-06-01,social,mobile_app
1872,1082,2025-05-01,paid_ads,mobile_app
1873,1021,2025-01-03,paid_ads,mobile_app
1874,24,2025-01-12,paid_ads,mobile_app
1875,548,2025-04-27,organic,mobile_app
1876,502,2025-03-07,social,mobile_web
1877,877,2025-06-09,paid_ads,mobile_app
1878,442,2025-06-10,organic,desktop
1879,824,2025-06-03,paid_ads,mobile_app
1880,124,2025-02-23,social,mobile_web
1881,67,2025-01-15,email,desktop
1882,485,2025-01-22,paid_ads,mobile_app
1883,85,2025-02-01,organic,desktop
1884,673,2025-05-09,direct,mobile_app
1885,834,2025-03-27,social,mobile_app
1886,846,2025-04-01,email,mobile_app
1887,1042,2025-05-10,paid_ads,desktop
1888,758,2025-02-02,paid_ads,mobile_web
1889,591,2025-03-05,social,mobile_web
1890,636,2025-04-29,email,mobile_web
1891,217,2025-06-23,paid_ads,mobile_app
1892,43,2025-02-09,paid_ads,mobile_app
1893,102,2025-04-04,organic,mobile_app
1894,252,2025-06-19,paid_ads,mobile_web
1895,602,2025-04-05,organic,mobile_app
1896,861,2025-05-13,organic,mobile_web
1897,1113,2025-02-13,email,mobile_app
1898,845,2025-03-05,social,mobile_app
1899,277,2025-03-18,social,mobile_app
1900,528,2025-06-25,paid_ads,mobile_web
1901,890,2025-06-16,paid_ads,mobile_app
1902,1166,2025-01-24,email,mobile_app
1903,250,2025-02-05,social,mobile_app
1904,280,2025-02-05,organic,mobile_web
1905,501,2025-03-26,organic,mobile_app
1906,943,2025-01-01,paid_ads,mobile_web
1907,870,2025-06-04,organic,mobile_app
1908,460,2025-04-16,organic,mobile_app
1909,728,2025-03-06,organic,mobile_app
1910,1171,2025-06-18,direct,mobile_app
1911,381,2025-05-09,social,mobile_web
1912,1006,2025-02-02,organic,mobile_app
1913,969,2025-06-07,organic,mobile_app
1914,594,2025-05-09,organic,desktop
1915,751,2025-01-20,organic,mobile_app
1916,942,2025-03-03,organic,desktop
1917,510,2025-04-19,social,mobile_app
1918,514,2025-02-08,paid_ads,mobile_app
1919,111,2025-05-02,social,mobile_app
1920,895,2025-05-29,email,mobile_app
1921,171,2025-04-09,social,mobile_app
1922,415,2025-04-04,social,desktop
1923,474,2025-03-11,organic,desktop
1924,655,2025-04-18,direct,desktop
1925,662,2025-01-09,social,mobile_app
1926,416,2025-05-04,social,mobile_app
1927,68,2025-04-29,email,mobile_app
1928,553,2025-02-17,paid_ads,mobile_app
1929,767,2025-04-07,paid_ads,mobile_app
1930,172,2025-05-21,social,mobile_web
1931,151,2025-04-07,paid_ads,mobile_app
1932,685,2025-04-05,email,desktop
1933,133,2025-01-06,organic,mobile_app
1934,452,2025-06-16,paid_ads,mobile_app
1935,1073,2025-05-07,paid_ads,desktop
1936,627,2025-04-26,paid_ads,desktop
1937,721,2025-01-28,organic,mobile_app
1938,1127,2025-04-06,paid_ads,mobile_app
1939,962,2025-02-07,social,mobile_app
1940,432,2025-02-24,paid_ads,mobile_web
1941,980,2025-06-14,email,mobile_app
1942,262,2025-04-23,organic,mobile_app
1943,568,2025-04-23,social,mobile_web
1944,114,2025-06-27,paid_ads,desktop
1945,141,2025-01-09,social,mobile_app
1946,324,2025-01-09,organic,mobile_app
1947,467,2025-03-11,social,mobile_web
1948,431,2025-06-12,paid_ads,mobile_web
1949,685,2025-02-11,direct,mobile_app
1950,9,2025-04-24,paid_ads,desktop
1951,531,2025-06-19,paid_ads,mobile_app
1952,175,2025-02-13,social,mobile_app
1953,999,2025-05-12,paid_ads,mobile_app
1954,894,2025-05-16,organic,desktop
1955,655,2025-06-06,email,mobile_app
1956,211,2025-05-30,email,mobile_app
1957,444,2025-06-27,social,desktop
1958,389,2025-02-13,email,mobile_app
1959,63,2025-01-11,organic,mobile_app
1960,301,2025-06-03,paid_ads,desktop
1961,642,2025-01-30,organic,mobile_app
1962,483,2025-01-04,paid_ads,mobile_app
1963,516,2025-05-03,paid_ads,desktop
1964,519,2025-04-23,organic,mobile_app
1965,1097,2025-04-20,paid_ads,mobile_web
1966,1023,2025-01-11,paid_ads,mobile_app
1967,39,2025-06-03,social,mobile_web
1968,425,2025-04-22,email,mobile_app
1969,162,2025-05-29,paid_ads,mobile_web
1970,874,2025-06-22,social,mobile_web
1971,7,2025-05-23,paid_ads,mobile_app
1972,610,2025-06-06,email,mobile_web
1973,935,2025-04-17,paid_ads,mobile_app
1974,1194,2025-02-18,paid_ads,mobile_app
1975,54,2025-03-29,email,mobile_app
1976,955,2025-02-20,direct,desktop
1977,904,2025-04-19,social,desktop
1978,446,2025-02-22,organic,mobile_app
1979,1096,2025-03-03,paid_ads,mobile_app
1980,190,2025-02-03,social,desktop
1981,393,2025-05-26,organic,mobile_app
1982,629,2025-04-16,paid_ads,mobile_app
1983,43,2025-01-17,paid_ads,mobile_app
1984,1170,2025-05-01,paid_ads,mobile_app
1985,476,2025-06-27,email,mobile_app
1986,1135,2025-05-06,direct,desktop
1987,461,2025-05-31,organic,mobile_app
1988,825,2025-01-11,social,mobile_web
1989,220,2025-03-23,paid_ads,mobile_app
1990,728,2025-03-13,organic,mobile_web
1991,710,2025-03-28,paid_ads,mobile_web
1992,847,2025-05-09,paid_ads,mobile_web
1993,338,2025-02-04,email,desktop
1994,80,2025-06-20,paid_ads,mobile_app
1995,573,2025-06-27,organic,desktop
1996,241,2025-01-04,paid_ads,mobile_app
1997,1086,2025-05-04,email,mobile_web
1998,123,2025-01-15,social,mobile_web
1999,1052,2025-04-24,direct,mobile_web
2000,502,2025-03-09,organic,mobile_app
2001,961,2025-06-26,paid_ads,desktop
2002,233,2025-01-07,email,desktop
2003,1148,2025-04-19,organic,mobile_app
2004,1094,2025-03-22,organic,desktop
2005,649,2025-05-16,paid_ads,mobile_app
2006,274,2025-06-01,organic,mobile_web
2007,683,2025-05-13,direct,mobile_app
2008,1009,2025-03-12,paid_ads,mobile_app
2009,746,2025-05-08,social,mobile_web
2010,519,2025-02-20,social,mobile_app
2011,977,2025-04-11,paid_ads,mobile_app
2012,1198,2025-06-02,paid_ads,mobile_web
2013,548,2025-05-27,direct,mobile_app
2014,726,2025-01-30,direct,mobile_web
2015,555,2025-03-12,social,mobile_web
2016,798,2025-01-21,paid_ads,mobile_app
2017,694,2025-05-15,email,mobile_app
2018,164,2025-01-11,social,mobile_app
2019,1166,2025-03-29,social,mobile_app
2020,957,2025-02-28,paid_ads,desktop
2021,395,2025-01-22,direct,mobile_app
2022,1,2025-02-14,email,mobile_app
2023,663,2025-02-03,email,mobile_web
2024,889,2025-03-14,direct,desktop
2025,698,2025-01-02,social,mobile_app
2026,622,2025-04-23,paid_ads,mobile_app
2027,276,2025-02-27,organic,mobile_web
2028,219,2025-04-07,paid_ads,desktop
2029,905,2025-06-22,email,mobile_web
2030,444,2025-02-10,paid_ads,mobile_app
2031,1069,2025-03-08,direct,desktop
2032,765,2025-04-21,paid_ads,mobile_web
2033,1017,2025-05-04,organic,mobile_app
2034,1180,2025-04-05,paid_ads,mobile_web
2035,372,2025-01-06,paid_ads,mobile_app
2036,504,2025-06-17,social,mobile_app
2037,662,2025-03-10,paid_ads,desktop
2038,633,2025-04-10,direct,mobile_app
2039,666,2025-05-09,organic,mobile_app
2040,1026,2025-03-08,paid_ads,mobile_app
2041,1074,2025-02-10,direct,mobile_web
2042,252,2025-06-19,organic,desktop
2043,800,2025-05-21,organic,mobile_app
2044,636,2025-05-06,paid_ads,mobile_web
2045,763,2025-04-09,social,mobile_web
2046,1101,2025-06-01,paid_ads,mobile_app
2047,1135,2025-06-05,paid_ads,mobile_app
2048,958,2025-05-15,social,mobile_app
2049,72,2025-02-05,organic,mobile_web
2050,885,2025-02-11,organic,mobile_app
2051,490,2025-01-21,organic,mobile_app
2052,673,2025-04-19,paid_ads,mobile_app
2053,1101,2025-04-29,paid_ads,mobile_app
2054,345,2025-06-25,email,mobile_app
2055,261,2025-06-19,social,mobile_app
2056,555,2025-01-10,paid_ads,mobile_app
2057,642,2025-05-15,direct,mobile_web
2058,101,2025-06-03,paid_ads,mobile_app
2059,378,2025-06-13,paid_ads,desktop
2060,1002,2025-05-06,paid_ads,mobile_web
2061,546,2025-02-05,organic,mobile_web
2062,270,2025-01-12,email,mobile_web
2063,225,2025-06-03,organic,mobile_app
2064,182,2025-03-06,organic,mobile_web
2065,857,2025-02-10,email,mobile_app
2066,90,2025-06-20,email,desktop
2067,678,2025-04-16,paid_ads,mobile_app
2068,584,2025-03-27,direct,mobile_web
2069,140,2025-01-28,social,mobile_app
2070,792,2025-04-03,paid_ads,mobile_web
2071,26,2025-02-28,organic,desktop
2072,287,2025-02-17,organic,mobile_web
2073,268,2025-01-12,organic,mobile_app
2074,313,2025-01-09,organic,mobile_web
2075,626,2025-05-23,email,desktop
2076,603,2025-06-25,social,mobile_app
2077,898,2025-04-13,paid_ads,mobile_app
2078,634,2025-02-10,organic,mobile_app
2079,293,2025-02-10,paid_ads,mobile_web
2080,623,2025-05-19,social,desktop
2081,554,2025-06-22,paid_ads,mobile_app
2082,1052,2025-05-21,paid_ads,mobile_app
2083,738,2025-06-09,organic,desktop
2084,467,2025-01-26,social,mobile_app
2085,549,2025-02-04,paid_ads,mobile_web
2086,508,2025-01-01,email,mobile_web
2087,400,2025-06-13,organic,desktop
2088,384,2025-06-09,organic,mobile_app
2089,29,2025-01-27,organic,mobile_app
2090,1046,2025-04-06,direct,mobile_app
2091,1117,2025-06-10,direct,mobile_app
2092,383,2025-04-03,social,mobile_app
2093,336,2025-04-22,organic,mobile_app
2094,278,2025-03-23,direct,mobile_app
2095,153,2025-04-25,organic,mobile_app
2096,559,2025-03-28,email,desktop
2097,81,2025-01-11,paid_ads,mobile_app
2098,522,2025-06-19,social,mobile_app
2099,1113,2025-05-19,social,desktop
2100,562,2025-04-15,social,mobile_app
2101,83,2025-02-22,organic,mobile_app
2102,305,2025-06-12,organic,desktop
2103,498,2025-04-19,email,mobile_app
2104,970,2025-02-27,organic,desktop
2105,116,2025-02-19,direct,mobile_app
2106,189,2025-03-07,paid_ads,mobile_web
2107,852,2025-05-16,organic,mobile_app
2108,1180,2025-03-27,organic,desktop
2109,613,2025-03-18,organic,mobile_web
2110,516,2025-05-31,social,mobile_app
2111,243,2025-01-16,paid_ads,desktop
2112,535,2025-01-20,paid_ads,desktop
2113,984,2025-06-25,direct,mobile_app
2114,632,2025-06-12,organic,mobile_app
2115,497,2025-06-05,social,desktop
2116,131,2025-06-29,paid_ads,mobile_app
2117,392,2025-03-07,organic,mobile_app
2118,985,2025-06-08,organic,desktop
2119,536,2025-06-15,organic,desktop
2120,867,2025-05-29,organic,desktop
2121,471,2025-05-03,organic,mobile_app
2122,872,2025-04-18,social,desktop
2123,125,2025-06-05,paid_ads,desktop
2124,929,2025-03-26,social,desktop
2125,723,2025-03-26,social,mobile_web
2126,106,2025-03-25,organic,mobile_app
2127,429,2025-03-07,social,mobile_app
2128,184,2025-02-02,paid_ads,mobile_web
2129,46,2025-03-09,paid_ads,mobile_app
2130,503,2025-06-23,organic,desktop
2131,966,2025-02-10,direct,mobile_app
2132,935,2025-03-18,paid_ads,mobile_app
2133,427,2025-01-29,organic,desktop
2134,513,2025-01-29,organic,mobile_web
2135,689,2025-01-06,social,mobile_app
2136,586,2025-03-07,email,mobile_app
2137,1100,2025-05-24,organic,desktop
2138,612,2025-02-06,paid_ads,mobile_web
2139,62,2025-02-13,organic,desktop
2140,770,2025-06-07,paid_ads,mobile_app
2141,454,2025-05-05,social,mobile_app
2142,180,2025-05-04,paid_ads,mobile_app
2143,1151,2025-05-09,social,mobile_app
2144,959,2025-04-17,organic,mobile_app
2145,850,2025-03-19,email,mobile_web
2146,298,2025-05-26,email,mobile_app
2147,1170,2025-06-05,social,mobile_app
2148,275,2025-01-03,paid_ads,mobile_app
2149,871,2025-06-16,organic,desktop
2150,593,2025-03-21,organic,mobile_web
2151,18,2025-02-25,social,mobile_web
2152,624,2025-02-22,direct,desktop
2153,1194,2025-04-16,paid_ads,mobile_web
2154,956,2025-02-23,paid_ads,mobile_web
2155,1039,2025-04-17,organic,mobile_app
2156,570,2025-02-27,direct,mobile_app
2157,258,2025-03-26,social,mobile_web
2158,599,2025-05-09,social,mobile_web
2159,1035,2025-02-13,organic,mobile_app
2160,837,2025-03-30,direct,mobile_app
2161,269,2025-03-09,email,mobile_web
2162,70,2025-01-24,social,mobile_web
2163,386,2025-01-30,paid_ads,mobile_app
2164,898,2025-01-08,organic,mobile_web
2165,1184,2025-05-03,email,mobile_app
2166,1187,2025-04-14,email,mobile_app
2167,397,2025-01-09,email,mobile_app
2168,879,2025-02-11,paid_ads,mobile_app
2169,280,2025-04-19,direct,mobile_web
2170,957,2025-01-07,social,mobile_app
2171,924,2025-03-23,organic,mobile_app
2172,775,2025-02-06,paid_ads,mobile_app
2173,718,2025-05-19,paid_ads,desktop
2174,359,2025-01-23,paid_ads,mobile_app
2175,959,2025-06-11,paid_ads,mobile_app
2176,330,2025-02-22,social,mobile_web
2177,116,2025-04-14,paid_ads,desktop
2178,277,2025-01-16,social,desktop
2179,910,2025-01-09,paid_ads,mobile_app
2180,381,2025-02-23,organic,desktop
2181,977,2025-01-25,direct,mobile_web
2182,1062,2025-03-24,paid_ads,desktop
2183,755,2025-05-17,organic,mobile_app
2184,1107,2025-06-09,email,mobile_app
2185,274,2025-01-02,paid_ads,mobile_app
2186,799,2025-06-26,social,mobile_web
2187,1188,2025-03-06,direct,desktop
2188,847,2025-02-18,paid_ads,mobile_web
2189,367,2025-01-24,social,desktop
2190,457,2025-01-01,organic,mobile_web
2191,1035,2025-03-25,organic,mobile_app
2192,1032,2025-02-05,email,mobile_app
2193,805,2025-03-04,organic,mobile_app
2194,639,2025-03-14,email,mobile_app
2195,149,2025-06-12,paid_ads,mobile_app
2196,775,2025-04-01,organic,desktop
2197,4,2025-01-21,paid_ads,mobile_app
2198,850,2025-01-16,social,mobile_web
2199,213,2025-03-27,paid_ads,mobile_web
2200,217,2025-02-04,direct,mobile_web
2201,1118,2025-05-01,email,mobile_app
2202,710,2025-01-04,organic,mobile_app
2203,136,2025-05-22,organic,desktop
2204,726,2025-04-11,organic,desktop
2205,605,2025-06-26,organic,mobile_app
2206,491,2025-03-14,email,mobile_app
2207,42,2025-03-11,paid_ads,mobile_app
2208,107,2025-05-01,paid_ads,mobile_app
2209,515,2025-02-21,direct,mobile_app
2210,1113,2025-06-02,organic,mobile_app
2211,990,2025-06-26,direct,mobile_app
2212,733,2025-06-28,organic,mobile_app
2213,565,2025-01-11,social,desktop
2214,44,2025-04-13,paid_ads,mobile_app
2215,1189,2025-01-06,organic,mobile_app
2216,935,2025-06-23,social,mobile_web
2217,207,2025-02-16,paid_ads,mobile_app
2218,901,2025-04-18,direct,desktop
2219,137,2025-05-31,email,mobile_app
2220,465,2025-02-24,organic,mobile_web
2221,827,2025-02-01,direct,mobile_app
2222,83,2025-05-05,paid_ads,desktop
2223,306,2025-06-14,direct,mobile_app
2224,499,2025-01-18,direct,mobile_app
2225,400,2025-06-12,social,mobile_app
2226,96,2025-01-26,paid_ads,mobile_app
2227,960,2025-03-25,organic,mobile_app
2228,432,2025-05-05,paid_ads,mobile_web
2229,653,2025-03-11,paid_ads,desktop
2230,958,2025-06-17,direct,mobile_app
2231,569,2025-01-30,organic,desktop
2232,25,2025-03-03,paid_ads,desktop
2233,928,2025-04-07,organic,mobile_app
2234,321,2025-05-24,email,mobile_app
2235,1119,2025-03-23,email,mobile_web
2236,915,2025-05-30,social,mobile_app
2237,513,2025-02-14,email,mobile_app
2238,327,2025-04-17,organic,desktop
2239,220,2025-02-12,organic,mobile_web
2240,245,2025-05-12,social,desktop
2241,512,2025-01-05,organic,mobile_app
2242,78,2025-03-02,email,desktop
2243,865,2025-01-30,social,mobile_app
2244,711,2025-04-12,email,desktop
2245,797,2025-01-01,organic,mobile_web
2246,860,2025-05-12,paid_ads,mobile_app
2247,1155,2025-02-03,direct,mobile_app
2248,657,2025-01-04,email,mobile_app
2249,365,2025-04-17,paid_ads,desktop
2250,695,2025-05-24,email,mobile_app
2251,55,2025-04-03,paid_ads,mobile_web
2252,1171,2025-04-04,paid_ads,mobile_app
2253,1174,2025-04-19,email,desktop
2254,961,2025-03-30,social,mobile_web
2255,579,2025-06-01,organic,mobile_app
2256,776,2025-04-12,organic,mobile_app
2257,364,2025-06-15,paid_ads,mobile_app
2258,650,2025-04-18,paid_ads,mobile_app
2259,843,2025-04-26,social,mobile_app
2260,1065,2025-04-22,direct,mobile_web
2261,667,2025-06-13,email,mobile_app
2262,1168,2025-06-10,organic,mobile_app
2263,277,2025-06-15,organic,mobile_web
2264,200,2025-04-15,social,mobile_app
2265,202,2025-01-04,email,mobile_web
2266,716,2025-03-18,social,mobile_app
2267,708,2025-04-29,organic,mobile_app
2268,1020,2025-02-03,paid_ads,mobile_app
2269,686,2025-01-13,paid_ads,mobile_app
2270,374,2025-04-16,direct,mobile_app
2271,73,2025-04-11,paid_ads,mobile_app
2272,845,2025-06-21,email,mobile_app
2273,1003,2025-05-02,organic,mobile_web
2274,610,2025-03-10,social,desktop
2275,148,2025-03-08,organic,mobile_app
2276,1195,2025-03-28,paid_ads,mobile_web
2277,446,2025-04-11,direct,mobile_app
2278,616,2025-01-24,social,mobile_app
2279,401,2025-05-02,direct,mobile_web
2280,804,2025-01-16,paid_ads,mobile_app
2281,1125,2025-05-03,organic,desktop
2282,354,2025-01-17,social,mobile_web
2283,175,2025-04-04,paid_ads,mobile_web
2284,318,2025-02-03,organic,mobile_app
2285,1080,2025-02-19,email,mobile_app
2286,719,2025-03-28,social,mobile_web
2287,656,2025-05-24,paid_ads,mobile_app
2288,862,2025-03-08,paid_ads,mobile_app
2289,480,2025-03-12,paid_ads,mobile_app
2290,707,2025-03-16,organic,mobile_app
2291,1022,2025-01-13,organic,desktop
2292,1155,2025-03-11,paid_ads,mobile_web
2293,650,2025-01-24,email,mobile_web
2294,541,2025-04-10,direct,mobile_web
2295,681,2025-06-21,paid_ads,mobile_web
2296,260,2025-01-11,social,mobile_web
2297,568,2025-04-15,paid_ads,mobile_app
2298,962,2025-06-06,organic,mobile_app
2299,114,2025-03-28,social,mobile_web
2300,1199,2025-04-12,social,mobile_app
2301,871,2025-05-01,organic,mobile_web
2302,1056,2025-04-09,social,desktop
2303,1167,2025-03-25,direct,mobile_app
2304,95,2025-04-13,paid_ads,mobile_app
2305,56,2025-04-24,social,mobile_app
2306,791,2025-03-19,organic,mobile_app
2307,570,2025-01-24,social,mobile_app
2308,1037,2025-05-07,social,mobile_app
2309,694,2025-04-22,email,mobile_app
2310,376,2025-03-27,paid_ads,desktop
2311,1160,2025-04-06,organic,desktop
2312,1156,2025-03-25,paid_ads,mobile_web
2313,653,2025-06-21,direct,mobile_web
2314,268,2025-01-11,paid_ads,mobile_app
2315,1092,2025-05-21,email,mobile_web
2316,306,2025-03-15,organic,mobile_app
2317,621,2025-04-08,email,mobile_app
2318,639,2025-06-14,paid_ads,mobile_app
2319,1037,2025-02-27,direct,desktop
2320,834,2025-06-05,paid_ads,mobile_app
2321,1124,2025-05-21,organic,mobile_web
2322,1016,2025-01-27,email,desktop
2323,457,2025-06-10,direct,mobile_app
2324,748,2025-03-25,organic,mobile_app
2325,1197,2025-06-13,paid_ads,mobile_app
2326,1036,2025-04-30,email,mobile_app
2327,543,2025-04-25,social,mobile_web
2328,294,2025-06-02,email,mobile_web
2329,527,2025-05-27,organic,mobile_web
2330,338,2025-05-02,paid_ads,mobile_app
2331,996,2025-03-21,paid_ads,mobile_web
2332,554,2025-06-27,organic,mobile_app
2333,706,2025-06-20,organic,mobile_app
2334,742,2025-03-28,social,desktop
2335,257,2025-04-20,paid_ads,desktop
2336,603,2025-05-28,email,mobile_app
2337,1014,2025-04-14,organic,desktop
2338,423,2025-06-02,direct,mobile_app
2339,1094,2025-06-17,organic,mobile_app
2340,197,2025-04-14,paid_ads,mobile_app
2341,323,2025-01-15,organic,mobile_app
2342,874,2025-02-16,organic,mobile_app
2343,358,2025-05-07,social,mobile_app
2344,297,2025-01-27,direct,desktop
2345,77,2025-06-14,email,mobile_web
2346,866,2025-04-06,paid_ads,mobile_app
2347,929,2025-02-20,organic,mobile_app
2348,583,2025-03-25,paid_ads,mobile_app
2349,1128,2025-03-17,social,desktop
2350,598,2025-05-18,organic,mobile_app
2351,1072,2025-04-03,organic,desktop
2352,1191,2025-04-24,organic,mobile_app
2353,1025,2025-03-02,organic,mobile_app
2354,341,2025-04-09,direct,mobile_web
2355,268,2025-02-28,social,mobile_app
2356,60,2025-01-03,email,mobile_web
2357,682,2025-03-01,paid_ads,mobile_app
2358,463,2025-05-01,paid_ads,mobile_app
2359,771,2025-04-12,paid_ads,mobile_app
2360,45,2025-02-19,organic,mobile_web
2361,1011,2025-03-31,social,mobile_web
2362,647,2025-05-14,paid_ads,desktop
2363,237,2025-03-05,paid_ads,mobile_web
2364,650,2025-01-18,direct,mobile_app
2365,1026,2025-03-20,paid_ads,mobile_app
2366,110,2025-01-02,email,mobile_app
2367,1010,2025-04-29,paid_ads,desktop
2368,963,2025-04-19,email,mobile_app
2369,1133,2025-03-16,social,mobile_app
2370,251,2025-03-23,organic,desktop
2371,113,2025-06-02,organic,mobile_web
2372,693,2025-06-26,email,mobile_app
2373,870,2025-03-01,organic,mobile_app
2374,871,2025-06-11,social,mobile_web
2375,1017,2025-01-12,email,desktop
2376,510,2025-01-09,paid_ads,mobile_web
2377,655,2025-05-25,organic,desktop
2378,916,2025-05-10,social,mobile_app
2379,353,2025-06-12,paid_ads,mobile_app
2380,364,2025-06-06,social,mobile_app
2381,111,2025-01-23,paid_ads,mobile_web
2382,242,2025-06-04,paid_ads,mobile_web
2383,879,2025-04-28,organic,mobile_app
2384,72,2025-05-04,paid_ads,mobile_app
2385,676,2025-06-14,organic,desktop
2386,459,2025-02-16,paid_ads,mobile_web
2387,491,2025-01-08,email,mobile_app
2388,122,2025-05-28,direct,mobile_web
2389,348,2025-01-29,organic,desktop
2390,1135,2025-01-14,organic,mobile_app
2391,1107,2025-03-13,organic,mobile_app
2392,513,2025-03-20,email,mobile_app
2393,367,2025-05-13,email,mobile_web
2394,280,2025-05-06,social,mobile_app
2395,340,2025-04-01,direct,mobile_app
2396,823,2025-01-24,organic,desktop
2397,142,2025-01-27,social,mobile_web
2398,53,2025-01-30,email,mobile_app
2399,995,2025-01-08,email,mobile_web
2400,125,2025-02-04,social,desktop
2401,449,2025-04-23,paid_ads,desktop
2402,480,2025-03-24,paid_ads,desktop
2403,203,2025-04-17,email,mobile_web
2404,539,2025-04-25,organic,mobile_app
2405,860,2025-01-03,paid_ads,desktop
2406,621,2025-06-11,direct,mobile_app
2407,606,2025-04-23,social,mobile_app
2408,1190,2025-04-12,email,desktop
2409,123,2025-05-25,email,mobile_app
2410,145,2025-06-11,social,mobile_app
2411,469,2025-03-05,social,mobile_app
2412,1035,2025-03-06,email,mobile_web
2413,1111,2025-01-18,organic,mobile_app
2414,665,2025-03-10,direct,mobile_app
2415,500,2025-06-22,paid_ads,mobile_web
2416,1172,2025-05-16,paid_ads,mobile_app
2417,868,2025-04-25,organic,mobile_app
2418,336,2025-03-29,paid_ads,mobile_app
2419,852,2025-03-13,paid_ads,mobile_web
2420,228,2025-04-26,organic,mobile_app
2421,759,2025-05-06,paid_ads,mobile_web
2422,684,2025-03-29,organic,mobile_web
2423,1040,2025-05-23,direct,mobile_app
2424,323,2025-04-20,social,mobile_web
2425,585,2025-01-15,organic,mobile_app
2426,861,2025-01-17,direct,mobile_web
2427,886,2025-03-13,email,mobile_web
2428,722,2025-01-31,direct,mobile_web
2429,862,2025-01-18,direct,mobile_app
2430,445,2025-02-18,email,desktop
2431,368,2025-02-04,direct,mobile_app
2432,676,2025-04-24,paid_ads,mobile_app
2433,626,2025-03-04,social,mobile_web
2434,894,2025-05-03,paid_ads,mobile_app
2435,996,2025-01-13,organic,mobile_web
2436,511,2025-01-15,social,mobile_app
2437,663,2025-04-24,paid_ads,mobile_app
2438,945,2025-04-26,organic,mobile_app
2439,1024,2025-01-27,direct,mobile_app
2440,12,2025-03-16,organic,desktop
2441,512,2025-03-12,paid_ads,mobile_web
2442,833,2025-05-04,organic,desktop
2443,562,2025-05-07,social,desktop
2444,771,2025-01-03,organic,mobile_app
2445,238,2025-01-25,paid_ads,mobile_web
2446,668,2025-03-16,direct,mobile_app
2447,39,2025-03-30,paid_ads,mobile_app
2448,851,2025-04-16,direct,desktop
2449,910,2025-01-17,organic,mobile_app
2450,451,2025-02-09,paid_ads,mobile_web
2451,958,2025-06-24,paid_ads,mobile_web
2452,1100,2025-04-25,direct,mobile_app
2453,310,2025-02-15,organic,mobile_app
2454,112,2025-01-27,direct,mobile_web
2455,708,2025-03-15,email,mobile_web
2456,801,2025-05-19,email,desktop
2457,79,2025-06-16,social,desktop
2458,893,2025-05-27,social,mobile_app
2459,712,2025-02-19,email,mobile_app
2460,272,2025-04-07,social,mobile_app
2461,41,2025-06-06,paid_ads,mobile_app
2462,949,2025-06-16,social,desktop
2463,1098,2025-03-15,direct,mobile_web
2464,661,2025-03-03,paid_ads,mobile_app
2465,502,2025-01-02,paid_ads,mobile_web
2466,103,2025-06-09,direct,mobile_app
2467,1006,2025-05-19,paid_ads,mobile_app
2468,911,2025-02-17,organic,mobile_app
2469,708,2025-02-23,organic,mobile_app
2470,679,2025-02-24,paid_ads,mobile_web
2471,969,2025-04-08,paid_ads,mobile_web
2472,1196,2025-04-30,organic,mobile_app
2473,752,2025-01-12,paid_ads,mobile_app
2474,178,2025-01-18,organic,mobile_app
2475,574,2025-01-31,paid_ads,mobile_app
2476,576,2025-03-03,organic,desktop
2477,1119,2025-04-20,direct,desktop
2478,119,2025-02-07,direct,mobile_web
2479,89,2025-06-05,email,mobile_app
2480,868,2025-01-03,email,mobile_web
2481,818,2025-05-15,direct,mobile_app
2482,907,2025-05-23,organic,mobile_app
2483,557,2025-02-19,direct,mobile_app
2484,115,2025-05-28,paid_ads,mobile_web
2485,456,2025-05-23,email,mobile_app
2486,1078,2025-01-21,paid_ads,mobile_app
2487,997,2025-03-02,email,mobile_web
2488,1018,2025-02-27,direct,mobile_app
2489,995,2025-04-20,paid_ads,mobile_app
2490,968,2025-06-20,email,mobile_app
2491,283,2025-03-06,organic,mobile_web
2492,412,2025-03-20,paid_ads,desktop
2493,845,2025-06-12,direct,desktop
2494,1161,2025-01-13,direct,mobile_app
2495,268,2025-05-27,paid_ads,mobile_web
2496,405,2025-02-20,organic,mobile_web
2497,242,2025-06-21,social,mobile_app
2498,503,2025-03-20,paid_ads,mobile_web
2499,31,2025-05-27,organic,mobile_app
2500,468,2025-04-13,organic,desktop
2501,931,2025-04-11,organic,mobile_web
2502,308,2025-05-11,social,mobile_web
2503,211,2025-04-26,email,mobile_app
2504,4,2025-05-25,paid_ads,mobile_app
2505,1083,2025-06-23,social,mobile_app
2506,457,2025-03-12,paid_ads,desktop
2507,55,2025-06-16,paid_ads,mobile_app
2508,491,2025-03-16,email,mobile_web
2509,1106,2025-03-10,social,mobile_web
2510,1196,2025-04-27,organic,mobile_app
2511,41,2025-04-09,email,desktop
2512,415,2025-02-09,organic,mobile_app
2513,674,2025-02-18,organic,desktop
2514,797,2025-05-13,email,mobile_app
2515,1117,2025-04-03,social,desktop
2516,315,2025-02-07,paid_ads,mobile_app
2517,1012,2025-03-26,direct,mobile_app
2518,145,2025-02-28,direct,mobile_app
2519,248,2025-02-28,email,desktop
2520,344,2025-05-08,social,desktop
2521,789,2025-05-12,social,mobile_app
2522,533,2025-05-06,social,mobile_app
2523,911,2025-01-25,paid_ads,mobile_web
2524,515,2025-01-30,email,mobile_app
2525,1082,2025-01-16,paid_ads,mobile_web
2526,561,2025-04-17,organic,mobile_web
2527,946,2025-04-12,paid_ads,desktop
2528,172,2025-04-21,social,mobile_app
2529,452,2025-02-26,direct,desktop
2530,721,2025-01-13,direct,mobile_app
2531,100,2025-04-18,email,mobile_app
2532,520,2025-06-28,direct,mobile_app
2533,528,2025-04-01,paid_ads,mobile_app
2534,399,2025-02-25,direct,mobile_web
2535,180,2025-04-25,organic,mobile_app
2536,444,2025-05-26,social,mobile_app
2537,577,2025-03-30,email,mobile_app
2538,866,2025-03-16,social,mobile_app
2539,706,2025-06-23,email,mobile_app
2540,959,2025-01-26,paid_ads,mobile_web
2541,710,2025-02-16,direct,desktop
2542,827,2025-06-09,organic,mobile_app
2543,1071,2025-03-22,email,mobile_app
2544,755,2025-02-22,social,mobile_app
2545,655,2025-02-26,organic,desktop
2546,975,2025-05-13,direct,mobile_app
2547,446,2025-04-05,paid_ads,mobile_app
2548,909,2025-04-08,paid_ads,mobile_app
2549,864,2025-03-02,organic,mobile_app
2550,800,2025-06-26,social,mobile_app
2551,836,2025-02-03,social,mobile_web
2552,771,2025-05-26,organic,mobile_web
2553,627,2025-04-06,social,mobile_app
2554,118,2025-06-12,organic,mobile_web
2555,1124,2025-05-13,direct,mobile_web
2556,943,2025-02-14,organic,mobile_web
2557,1036,2025-03-11,paid_ads,mobile_web
2558,276,2025-02-14,social,desktop
2559,1013,2025-02-24,direct,desktop
2560,149,2025-05-10,social,mobile_app
2561,362,2025-01-09,organic,mobile_app
2562,1012,2025-05-22,direct,mobile_app
2563,199,2025-01-18,direct,mobile_app
2564,362,2025-05-24,organic,mobile_web
2565,11,2025-03-12,organic,desktop
2566,667,2025-05-28,direct,mobile_app
2567,994,2025-04-03,organic,desktop
2568,307,2025-03-21,paid_ads,mobile_app
2569,693,2025-04-17,email,mobile_web
2570,1060,2025-03-13,direct,mobile_app
2571,796,2025-02-11,direct,mobile_app
2572,715,2025-01-31,organic,desktop
2573,946,2025-01-06,paid_ads,mobile_app
2574,8,2025-05-23,organic,desktop
2575,466,2025-02-28,paid_ads,mobile_web
2576,1193,2025-03-28,direct,desktop
2577,874,2025-05-01,social,mobile_app
2578,51,2025-03-08,email,desktop
2579,1008,2025-02-12,organic,mobile_app
2580,1008,2025-01-25,paid_ads,mobile_web
2581,920,2025-05-21,email,mobile_app
2582,433,2025-04-14,social,mobile_web
2583,1113,2025-06-16,organic,mobile_web
2584,280,2025-04-08,social,mobile_web
2585,508,2025-05-27,social,desktop
2586,350,2025-02-06,paid_ads,mobile_app
2587,314,2025-01-03,paid_ads,mobile_app
2588,1110,2025-05-25,social,mobile_app
2589,1084,2025-05-16,organic,mobile_app
2590,109,2025-03-16,organic,desktop
2591,714,2025-04-22,direct,mobile_app
2592,838,2025-02-25,organic,mobile_web
2593,1002,2025-06-12,social,mobile_app
2594,658,2025-03-09,social,desktop
2595,308,2025-04-24,direct,mobile_web
2596,69,2025-06-10,direct,mobile_web
2597,877,2025-06-19,social,mobile_app
2598,1077,2025-01-20,direct,mobile_app
2599,987,2025-05-24,social,mobile_web
2600,782,2025-04-24,direct,mobile_app
2601,1094,2025-04-14,paid_ads,mobile_app
2602,1071,2025-05-21,direct,mobile_app
2603,141,2025-06-21,paid_ads,mobile_web
2604,1117,2025-04-22,paid_ads,mobile_web
2605,413,2025-03-20,paid_ads,desktop
2606,471,2025-01-21,organic,mobile_app
2607,999,2025-01-27,social,mobile_web
2608,70,2025-04-12,direct,mobile_app
2609,499,2025-06-04,paid_ads,mobile_web
2610,1162,2025-01-15,organic,mobile_web
2611,498,2025-01-11,direct,mobile_web
2612,1048,2025-01-22,paid_ads,desktop
2613,327,2025-06-27,organic,mobile_app
2614,568,2025-02-08,social,mobile_app
2615,523,2025-02-10,paid_ads,mobile_app
2616,941,2025-04-17,direct,mobile_app
2617,851,2025-06-22,paid_ads,mobile_web
2618,761,2025-05-10,paid_ads,mobile_app
2619,901,2025-05-25,paid_ads,mobile_app
2620,816,2025-03-01,social,mobile_web
2621,64,2025-01-24,paid_ads,mobile_app
2622,1016,2025-02-22,direct,mobile_web
2623,596,2025-01-17,organic,desktop
2624,1015,2025-03-29,social,mobile_web
2625,691,2025-05-14,direct,mobile_app
2626,601,2025-06-03,paid_ads,mobile_app
2627,1075,2025-03-21,email,mobile_web
2628,627,2025-01-27,paid_ads,mobile_app
2629,248,2025-04-26,direct,desktop
2630,269,2025-06-14,direct,mobile_app
2631,556,2025-02-25,direct,mobile_app
2632,827,2025-03-02,email,desktop
2633,609,2025-03-24,organic,mobile_web
2634,585,2025-03-16,email,mobile_web
2635,335,2025-01-15,email,mobile_app
2636,504,2025-04-08,email,desktop
2637,984,2025-05-01,paid_ads,desktop
2638,980,2025-06-23,social,mobile_app
2639,827,2025-05-24,direct,mobile_web
2640,292,2025-03-19,social,mobile_app
2641,157,2025-06-07,social,desktop
2642,273,2025-03-11,social,mobile_app
2643,358,2025-05-27,paid_ads,mobile_web
2644,317,2025-03-07,organic,mobile_web
2645,109,2025-01-04,social,mobile_app
2646,998,2025-06-13,direct,mobile_web
2647,435,2025-04-05,organic,desktop
2648,127,2025-03-13,organic,mobile_web
2649,235,2025-03-27,direct,mobile_web
2650,174,2025-05-10,social,mobile_app
2651,650,2025-05-18,organic,mobile_web
2652,883,2025-03-31,organic,mobile_web
2653,1121,2025-06-22,organic,mobile_app
2654,98,2025-03-04,direct,mobile_web
2655,387,2025-03-03,email,desktop
2656,470,2025-03-16,email,mobile_web
2657,988,2025-05-11,organic,desktop
2658,741,2025-06-24,email,mobile_web
2659,260,2025-05-30,organic,mobile_app
2660,27,2025-01-26,social,mobile_app
2661,1,2025-02-20,organic,mobile_app
2662,148,2025-06-11,social,mobile_web
2663,1174,2025-03-29,organic,mobile_app
2664,1127,2025-02-07,paid_ads,mobile_web
2665,198,2025-02-03,paid_ads,mobile_app
2666,517,2025-01-10,direct,mobile_app
2667,486,2025-05-17,paid_ads,mobile_app
2668,678,2025-04-04,paid_ads,mobile_app
2669,656,2025-03-13,email,mobile_web
2670,1196,2025-05-04,social,mobile_app
2671,357,2025-01-09,organic,mobile_app
2672,432,2025-01-27,paid_ads,mobile_app
2673,415,2025-03-31,organic,desktop
2674,1115,2025-03-08,social,mobile_app
2675,27,2025-04-20,paid_ads,mobile_web
2676,952,2025-01-26,direct,mobile_app
2677,879,2025-02-02,direct,desktop
2678,1125,2025-04-30,email,mobile_app
2679,70,2025-06-21,organic,mobile_app
2680,35,2025-06-15,direct,mobile_app
2681,597,2025-06-24,organic,mobile_app
2682,1070,2025-03-05,paid_ads,mobile_web
2683,214,2025-05-31,paid_ads,mobile_app
2684,692,2025-05-24,paid_ads,mobile_app
2685,457,2025-01-27,organic,mobile_app
2686,761,2025-05-22,social,mobile_app
2687,244,2025-05-07,organic,mobile_app
2688,1109,2025-01-04,paid_ads,mobile_app
2689,835,2025-01-27,organic,mobile_app
2690,577,2025-01-03,email,desktop
2691,1004,2025-04-09,social,desktop
2692,1102,2025-05-25,email,mobile_app
2693,668,2025-02-09,email,mobile_app
2694,1188,2025-01-31,email,mobile_web
2695,329,2025-06-10,social,mobile_web
2696,391,2025-05-19,organic,mobile_app
2697,139,2025-01-16,direct,desktop
2698,628,2025-04-10,email,mobile_web
2699,820,2025-06-05,email,mobile_web
2700,610,2025-03-25,organic,mobile_app
2701,1152,2025-05-02,direct,desktop
2702,47,2025-01-21,paid_ads,mobile_web
2703,660,2025-06-18,paid_ads,mobile_web
2704,779,2025-02-17,direct,mobile_app
2705,1089,2025-06-21,organic,mobile_app
2706,936,2025-04-21,organic,desktop
2707,738,2025-03-26,social,mobile_app
2708,821,2025-05-02,paid_ads,desktop
2709,830,2025-03-05,email,mobile_app
2710,406,2025-04-04,paid_ads,mobile_app
2711,311,2025-06-07,paid_ads,mobile_web
2712,947,2025-01-02,social,mobile_app
2713,905,2025-02-19,social,mobile_app
2714,1118,2025-06-01,email,mobile_app
2715,186,2025-05-04,social,mobile_app
2716,658,2025-04-18,organic,mobile_app
2717,1016,2025-02-23,paid_ads,mobile_app
2718,371,2025-05-08,paid_ads,mobile_app
2719,412,2025-02-09,organic,mobile_web
2720,827,2025-05-21,email,mobile_web
2721,1040,2025-06-18,paid_ads,mobile_app
2722,738,2025-01-12,social,desktop
2723,9,2025-06-04,organic,mobile_web
2724,609,2025-05-24,paid_ads,mobile_app
2725,737,2025-02-21,paid_ads,desktop
2726,803,2025-06-02,paid_ads,mobile_app
2727,187,2025-02-07,direct,desktop
2728,320,2025-02-08,organic,mobile_app
2729,842,2025-06-28,organic,mobile_app
2730,744,2025-03-12,organic,mobile_app
2731,1117,2025-04-27,email,mobile_web
2732,374,2025-05-09,social,mobile_app
2733,457,2025-01-22,organic,mobile_web
2734,667,2025-03-28,organic,mobile_app
2735,516,2025-06-22,social,mobile_app
2736,1162,2025-06-28,organic,mobile_web
2737,425,2025-06-14,social,mobile_app
2738,265,2025-06-24,organic,mobile_web
2739,144,2025-03-19,email,mobile_web
2740,781,2025-02-05,email,mobile_web
2741,2,2025-02-03,social,mobile_app
2742,542,2025-01-29,direct,mobile_app
2743,102,2025-03-19,social,mobile_web
2744,461,2025-01-18,organic,mobile_app
2745,426,2025-03-10,paid_ads,mobile_app
2746,335,2025-04-13,direct,mobile_app
2747,76,2025-03-16,organic,mobile_app
2748,147,2025-05-26,social,mobile_web
2749,851,2025-04-02,organic,mobile_app
2750,758,2025-01-10,email,mobile_app
2751,1118,2025-02-15,email,mobile_app
2752,121,2025-06-24,organic,mobile_web
2753,687,2025-03-07,social,desktop
2754,571,2025-01-10,email,desktop
2755,351,2025-06-28,email,mobile_web
2756,388,2025-05-01,organic,mobile_app
2757,449,2025-04-01,organic,mobile_web
2758,667,2025-04-08,social,mobile_web
2759,1152,2025-05-31,direct,mobile_app
2760,801,2025-04-16,direct,mobile_app
2761,710,2025-04-14,organic,mobile_app
2762,139,2025-04-17,direct,mobile_app
2763,1197,2025-04-13,email,mobile_app
2764,192,2025-04-22,direct,mobile_web
2765,660,2025-05-24,organic,mobile_app
2766,1195,2025-03-16,organic,mobile_app
2767,509,2025-05-07,organic,mobile_web
2768,53,2025-01-01,organic,mobile_app
2769,830,2025-01-07,organic,mobile_web
2770,910,2025-03-29,organic,mobile_app
2771,369,2025-04-16,paid_ads,mobile_app
2772,1039,2025-06-09,social,desktop
2773,622,2025-02-27,organic,mobile_web
2774,998,2025-02-10,paid_ads,mobile_web
2775,650,2025-05-09,paid_ads,mobile_web
2776,520,2025-04-10,paid_ads,desktop
2777,376,2025-02-27,social,mobile_web
2778,413,2025-06-03,organic,mobile_app
2779,711,2025-02-23,organic,mobile_app
2780,908,2025-03-27,paid_ads,mobile_app
2781,786,2025-04-11,social,mobile_web
2782,895,2025-03-12,paid_ads,mobile_app
2783,321,2025-03-03,direct,mobile_app
2784,534,2025-01-21,direct,mobile_app
2785,415,2025-06-03,direct,mobile_web
2786,884,2025-02-27,direct,mobile_app
2787,486,2025-02-13,paid_ads,mobile_app
2788,23,2025-06-17,organic,mobile_web
2789,461,2025-06-08,organic,desktop
2790,1105,2025-03-07,social,mobile_app
2791,827,2025-02-24,organic,mobile_web
2792,1015,2025-06-28,organic,mobile_app
2793,884,2025-02-14,paid_ads,desktop
2794,1131,2025-06-25,paid_ads,mobile_app
2795,394,2025-06-02,direct,desktop
2796,54,2025-01-18,social,mobile_app
2797,1061,2025-01-17,direct,desktop
2798,200,2025-03-18,social,mobile_app
2799,457,2025-06-27,direct,mobile_app
2800,1170,2025-05-01,social,mobile_web
2801,676,2025-02-19,paid_ads,mobile_app
2802,1040,2025-04-14,direct,mobile_app
2803,604,2025-02-05,organic,mobile_web
2804,103,2025-05-19,paid_ads,mobile_web
2805,84,2025-06-20,organic,desktop
2806,13,2025-06-28,direct,mobile_app
2807,411,2025-03-12,organic,desktop
2808,402,2025-01-28,organic,mobile_web
2809,545,2025-06-17,email,mobile_web
2810,1166,2025-04-05,organic,desktop
2811,444,2025-06-09,direct,mobile_app
2812,735,2025-03-30,organic,mobile_web
2813,1105,2025-06-02,organic,mobile_web
2814,334,2025-03-27,social,mobile_app
2815,593,2025-05-25,organic,desktop
2816,55,2025-04-03,email,mobile_web
2817,681,2025-04-07,social,desktop
2818,535,2025-03-08,social,mobile_app
2819,1115,2025-02-24,organic,mobile_app
2820,1131,2025-06-14,social,mobile_app
2821,1134,2025-04-09,organic,mobile_web
2822,5,2025-04-02,organic,mobile_app
2823,126,2025-06-06,organic,desktop
2824,323,2025-06-03,organic,mobile_web
2825,846,2025-05-13,direct,mobile_web
2826,124,2025-02-23,organic,mobile_app
2827,601,2025-02-13,organic,mobile_app
2828,679,2025-01-22,direct,mobile_app
2829,1194,2025-03-31,organic,desktop
2830,1043,2025-01-22,social,mobile_web
2831,290,2025-06-14,organic,mobile_app
2832,134,2025-01-29,organic,mobile_app
2833,57,2025-06-19,direct,mobile_app
2834,826,2025-03-20,social,mobile_app
2835,594,2025-02-12,email,mobile_app
2836,579,2025-04-02,paid_ads,mobile_app
2837,991,2025-03-14,social,desktop
2838,757,2025-03-02,direct,mobile_web
2839,176,2025-01-29,social,mobile_app
2840,153,2025-06-09,paid_ads,mobile_app
2841,847,2025-01-30,email,mobile_app
2842,1188,2025-01-29,paid_ads,mobile_app
2843,771,2025-04-25,social,desktop
2844,349,2025-04-24,organic,desktop
2845,814,2025-01-30,social,mobile_web
2846,834,2025-05-06,organic,mobile_app
2847,210,2025-05-14,email,desktop
2848,721,2025-04-27,paid_ads,mobile_app
2849,530,2025-06-15,organic,mobile_app
2850,215,2025-05-17,paid_ads,mobile_app
2851,832,2025-03-29,organic,mobile_app
2852,559,2025-04-12,social,mobile_app
2853,148,2025-01-09,organic,mobile_web
2854,955,2025-05-02,paid_ads,mobile_web
2855,57,2025-03-01,paid_ads,mobile_app
2856,434,2025-01-09,organic,mobile_app
2857,68,2025-06-26,organic,mobile_web
2858,923,2025-05-13,direct,desktop
2859,426,2025-02-12,paid_ads,mobile_app
2860,225,2025-04-18,direct,mobile_web
2861,72,2025-01-19,paid_ads,mobile_web
2862,876,2025-04-04,social,mobile_web
2863,487,2025-03-12,direct,mobile_web
2864,177,2025-04-14,organic,mobile_web
2865,237,2025-03-28,organic,mobile_app
2866,530,2025-05-14,direct,desktop
2867,893,2025-05-24,paid_ads,mobile_app
2868,579,2025-02-19,organic,mobile_app
2869,74,2025-01-23,organic,mobile_app
2870,1165,2025-02-06,organic,mobile_app
2871,1176,2025-02-06,direct,mobile_app
2872,708,2025-06-20,email,mobile_app
2873,619,2025-05-04,paid_ads,mobile_app
2874,488,2025-01-25,organic,mobile_app
2875,385,2025-04-24,social,mobile_app
2876,810,2025-05-03,social,desktop
2877,8,2025-05-27,paid_ads,mobile_app
2878,1101,2025-04-04,organic,mobile_app
2879,130,2025-04-18,direct,mobile_app
2880,318,2025-04-18,paid_ads,mobile_app
2881,221,2025-05-03,social,mobile_web
2882,180,2025-04-20,direct,mobile_app
2883,535,2025-04-02,paid_ads,mobile_app
2884,498,2025-02-12,direct,mobile_web
2885,522,2025-01-11,paid_ads,mobile_web
2886,622,2025-05-23,paid_ads,mobile_app
2887,205,2025-05-12,social,mobile_web
2888,757,2025-02-20,direct,mobile_web
2889,228,2025-06-27,social,mobile_app
2890,784,2025-06-29,paid_ads,mobile_app
2891,924,2025-04-25,organic,mobile_web
2892,643,2025-04-09,social,desktop
2893,30,2025-06-05,direct,desktop
2894,101,2025-02-02,organic,desktop
2895,127,2025-04-15,email,mobile_app
2896,1049,2025-06-18,direct,mobile_web
2897,702,2025-02-19,email,mobile_app
2898,690,2025-06-05,paid_ads,mobile_web
2899,309,2025-06-10,paid_ads,mobile_app
2900,1188,2025-02-07,paid_ads,desktop
2901,516,2025-03-01,direct,mobile_app
2902,557,2025-05-08,organic,mobile_web
2903,192,2025-06-22,paid_ads,mobile_app
2904,113,2025-03-24,social,desktop
2905,385,2025-06-06,social,mobile_app
2906,504,2025-05-23,social,desktop
2907,522,2025-05-29,social,mobile_web
2908,87,2025-04-27,direct,mobile_web
2909,138,2025-06-12,paid_ads,mobile_app
2910,56,2025-01-16,email,desktop
2911,1110,2025-05-28,email,desktop
2912,333,2025-02-10,paid_ads,mobile_app
2913,785,2025-02-26,direct,mobile_app
2914,1122,2025-02-16,paid_ads,mobile_app
2915,746,2025-03-20,social,mobile_app
2916,349,2025-04-27,organic,mobile_web
2917,275,2025-06-10,paid_ads,mobile_app
2918,139,2025-06-02,organic,mobile_app
2919,434,2025-02-16,organic,mobile_app
2920,718,2025-02-13,paid_ads,mobile_app
2921,360,2025-03-16,paid_ads,mobile_app
2922,10,2025-04-04,paid_ads,mobile_web
2923,97,2025-04-12,social,mobile_app
2924,334,2025-02-16,organic,mobile_web
2925,544,2025-02-04,social,mobile_app
2926,888,2025-03-31,email,mobile_app
2927,6,2025-03-24,paid_ads,desktop
2928,927,2025-01-16,direct,desktop
2929,357,2025-04-06,paid_ads,mobile_app
2930,938,2025-04-30,paid_ads,mobile_app
2931,1187,2025-01-08,direct,mobile_web
2932,868,2025-04-04,email,mobile_app
2933,747,2025-04-29,paid_ads,mobile_app
2934,1073,2025-02-01,email,mobile_app
2935,531,2025-04-09,paid_ads,mobile_web
2936,962,2025-03-08,organic,mobile_app
2937,232,2025-06-19,email,mobile_app
2938,427,2025-02-12,organic,mobile_app
2939,994,2025-01-11,social,mobile_web
2940,1151,2025-05-31,organic,desktop
2941,698,2025-01-04,direct,mobile_web
2942,458,2025-03-03,direct,mobile_web
2943,1020,2025-03-30,organic,mobile_app
2944,337,2025-01-28,organic,mobile_app
2945,215,2025-06-05,organic,mobile_app
2946,1188,2025-05-25,paid_ads,mobile_web
2947,585,2025-06-01,paid_ads,mobile_web
2948,844,2025-01-01,organic,mobile_app
2949,652,2025-05-11,organic,mobile_app
2950,602,2025-06-02,organic,mobile_app
2951,515,2025-01-30,social,mobile_app
2952,4,2025-06-23,social,desktop
2953,382,2025-02-28,paid_ads,mobile_app
2954,934,2025-02-10,organic,desktop
2955,1081,2025-06-04,organic,mobile_app
2956,385,2025-01-26,paid_ads,mobile_web
2957,554,2025-05-25,organic,desktop
2958,8,2025-06-20,email,mobile_web
2959,627,2025-05-27,organic,mobile_app
2960,367,2025-03-13,paid_ads,mobile_app
2961,158,2025-05-19,paid_ads,mobile_web
2962,259,2025-03-28,organic,mobile_app
2963,842,2025-03-21,social,mobile_app
2964,973,2025-03-11,direct,mobile_app
2965,750,2025-02-28,paid_ads,desktop
2966,972,2025-01-29,direct,mobile_app
2967,189,2025-06-02,paid_ads,mobile_app
2968,418,2025-03-07,paid_ads,desktop
2969,569,2025-03-27,social,desktop
2970,816,2025-03-16,organic,mobile_web
2971,1160,2025-01-24,email,mobile_app
2972,722,2025-02-27,direct,mobile_web
2973,622,2025-05-03,organic,mobile_app
2974,651,2025-01-28,organic,mobile_web
2975,326,2025-01-19,social,mobile_app
2976,754,2025-02-18,direct,mobile_web
2977,118,2025-05-16,organic,mobile_app
2978,634,2025-01-12,paid_ads,mobile_app
2979,930,2025-01-06,organic,mobile_app
2980,288,2025-06-29,organic,mobile_app
2981,226,2025-01-21,paid_ads,mobile_app
2982,1145,2025-01-29,organic,mobile_app
2983,1062,2025-03-25,social,mobile_web
2984,284,2025-04-06,paid_ads,mobile_app
2985,872,2025-04-29,social,mobile_web
2986,343,2025-05-22,organic,mobile_web
2987,127,2025-03-18,organic,desktop
2988,252,2025-06-02,direct,mobile_app
2989,503,2025-04-26,social,desktop
2990,441,2025-02-14,organic,mobile_web
2991,594,2025-03-29,direct,mobile_web
2992,441,2025-03-27,organic,mobile_app
2993,992,2025-06-12,social,mobile_app
2994,956,2025-06-06,email,mobile_app
2995,1117,2025-04-14,paid_ads,mobile_web
2996,132,2025-04-25,paid_ads,desktop
2997,190,2025-03-09,organic,mobile_web
2998,688,2025-04-25,paid_ads,mobile_app
2999,784,2025-04-11,direct,desktop
3000,381,2025-02-04,paid_ads,desktop
3001,527,2025-03-14,social,desktop
3002,1037,2025-05-08,direct,mobile_app
3003,384,2025-03-30,direct,mobile_app
3004,1159,2025-03-30,social,mobile_web
3005,779,2025-04-21,paid_ads,mobile_app
3006,486,2025-01-03,email,mobile_web
3007,376,2025-06-27,direct,mobile_app
3008,240,2025-05-06,organic,mobile_app
3009,975,2025-03-01,organic,desktop
3010,116,2025-03-13,direct,mobile_web
3011,357,2025-05-04,paid_ads,mobile_app
3012,1144,2025-05-01,paid_ads,mobile_web
3013,725,2025-06-07,organic,mobile_app
3014,264,2025-04-12,direct,mobile_app
3015,204,2025-06-27,paid_ads,mobile_app
3016,818,2025-01-16,organic,mobile_web
3017,1056,2025-06-21,direct,mobile_app
3018,206,2025-03-04,paid_ads,mobile_app
3019,949,2025-04-14,social,mobile_web
3020,383,2025-01-06,social,desktop
3021,876,2025-05-28,paid_ads,desktop
3022,429,2025-03-07,organic,mobile_web
3023,532,2025-01-04,organic,mobile_web
3024,977,2025-06-01,organic,mobile_app
3025,217,2025-06-04,direct,mobile_app
3026,152,2025-04-18,paid_ads,mobile_app
3027,944,2025-01-30,direct,mobile_web
3028,692,2025-01-29,organic,mobile_app
3029,400,2025-03-27,paid_ads,mobile_app
3030,606,2025-03-06,paid_ads,mobile_app
3031,134,2025-06-20,paid_ads,mobile_app
3032,1063,2025-06-13,social,desktop
3033,179,2025-04-28,organic,mobile_app
3034,1145,2025-02-01,organic,mobile_web
3035,737,2025-03-10,organic,desktop
3036,1021,2025-04-30,social,mobile_web
3037,624,2025-05-06,paid_ads,mobile_app
3038,978,2025-06-03,organic,mobile_app
3039,602,2025-06-06,paid_ads,mobile_web
3040,1011,2025-04-11,social,desktop
3041,536,2025-02-13,organic,mobile_app
3042,63,2025-06-11,paid_ads,mobile_web
3043,979,2025-02-22,organic,mobile_web
3044,247,2025-06-20,paid_ads,mobile_app
3045,366,2025-01-09,direct,desktop
3046,61,2025-06-23,direct,mobile_app
3047,289,2025-02-15,direct,mobile_web
3048,41,2025-05-26,social,mobile_app
3049,798,2025-04-18,social,mobile_web
3050,804,2025-03-31,organic,mobile_app
3051,649,2025-06-26,direct,mobile_app
3052,177,2025-05-03,paid_ads,mobile_web
3053,1003,2025-02-13,email,mobile_app
3054,1026,2025-03-15,email,mobile_app
3055,1156,2025-06-18,paid_ads,mobile_web
3056,623,2025-06-28,email,mobile_app
3057,1089,2025-03-25,paid_ads,desktop
3058,792,2025-05-29,direct,mobile_app
3059,476,2025-02-08,organic,mobile_web
3060,1082,2025-01-29,social,mobile_app
3061,1080,2025-05-12,paid_ads,mobile_app
3062,817,2025-02-08,paid_ads,mobile_web
3063,483,2025-03-01,paid_ads,desktop
3064,719,2025-02-09,organic,mobile_app
3065,847,2025-02-28,direct,mobile_web
3066,445,2025-05-05,organic,mobile_app
3067,223,2025-06-05,paid_ads,mobile_app
3068,1128,2025-04-12,paid_ads,mobile_web
3069,17,2025-05-31,organic,mobile_web
3070,458,2025-04-06,paid_ads,mobile_web
3071,659,2025-03-17,organic,mobile_app
3072,976,2025-06-06,direct,mobile_web
3073,895,2025-05-18,social,mobile_app
3074,318,2025-05-08,social,desktop
3075,166,2025-03-30,direct,mobile_app
3076,86,2025-06-18,paid_ads,mobile_app
3077,428,2025-01-17,paid_ads,mobile_app
3078,597,2025-06-15,organic,mobile_web
3079,1087,2025-02-03,organic,mobile_app
3080,110,2025-04-01,organic,mobile_web
3081,877,2025-01-18,paid_ads,mobile_app
3082,1046,2025-01-10,paid_ads,mobile_app
3083,804,2025-03-21,direct,mobile_web
3084,284,2025-06-22,direct,desktop
3085,976,2025-05-30,email,desktop
3086,1161,2025-01-05,social,desktop
3087,994,2025-05-22,paid_ads,desktop
3088,512,2025-01-04,paid_ads,desktop
3089,747,2025-05-22,paid_ads,mobile_app
3090,70,2025-05-22,social,desktop
3091,671,2025-01-14,paid_ads,mobile_app
3092,930,2025-01-13,email,mobile_web
3093,234,2025-04-15,direct,mobile_app
3094,94,2025-03-14,organic,mobile_app
3095,424,2025-01-22,organic,mobile_web
3096,913,2025-06-08,organic,mobile_app
3097,835,2025-03-30,email,desktop
3098,998,2025-05-05,paid_ads,mobile_app
3099,593,2025-05-12,organic,desktop
3100,503,2025-02-15,paid_ads,desktop
3101,781,2025-06-22,email,mobile_app
3102,228,2025-01-27,email,mobile_app
3103,359,2025-01-20,email,mobile_app
3104,65,2025-03-21,paid_ads,mobile_app
3105,774,2025-02-01,social,mobile_app
3106,455,2025-03-24,social,mobile_web
3107,300,2025-01-12,direct,mobile_app
3108,757,2025-03-30,organic,mobile_web
3109,53,2025-04-28,email,mobile_web
3110,497,2025-03-16,organic,desktop
3111,948,2025-05-18,email,mobile_web
3112,996,2025-06-09,paid_ads,mobile_web
3113,683,2025-02-18,direct,mobile_app
3114,151,2025-02-24,paid_ads,mobile_web
3115,680,2025-05-25,social,mobile_app
3116,474,2025-02-21,email,desktop
3117,510,2025-01-17,direct,mobile_app
3118,524,2025-05-02,paid_ads,desktop
3119,36,2025-01-20,email,mobile_web
3120,287,2025-04-04,organic,mobile_app
3121,605,2025-05-02,organic,mobile_app
3122,67,2025-06-23,social,desktop
3123,84,2025-05-25,organic,mobile_web
3124,332,2025-02-16,email,mobile_app
3125,30,2025-05-17,email,mobile_web
3126,1075,2025-06-15,direct,desktop
3127,1164,2025-06-24,paid_ads,desktop
3128,74,2025-03-28,organic,mobile_app
3129,670,2025-02-25,paid_ads,mobile_app
3130,823,2025-04-21,paid_ads,mobile_app
3131,551,2025-02-11,organic,mobile_app
3132,1175,2025-06-11,paid_ads,mobile_web
3133,1123,2025-02-18,paid_ads,mobile_app
3134,343,2025-05-21,social,mobile_app
3135,1144,2025-03-03,paid_ads,mobile_web
3136,331,2025-02-26,direct,mobile_web
3137,815,2025-03-06,organic,mobile_app
3138,929,2025-02-05,paid_ads,mobile_web
3139,40,2025-05-21,email,mobile_app
3140,159,2025-02-24,organic,mobile_app
3141,1128,2025-02-20,paid_ads,mobile_web
3142,492,2025-02-17,organic,mobile_app
3143,405,2025-02-24,organic,mobile_app
3144,61,2025-06-17,direct,mobile_web
3145,777,2025-04-13,paid_ads,mobile_app
3146,401,2025-03-19,paid_ads,mobile_web
3147,833,2025-03-22,paid_ads,mobile_app
3148,454,2025-06-05,paid_ads,mobile_app
3149,794,2025-03-15,paid_ads,desktop
3150,710,2025-06-10,organic,desktop
3151,847,2025-02-09,direct,mobile_app
3152,10,2025-03-01,direct,mobile_app
3153,727,2025-04-17,paid_ads,mobile_app
3154,377,2025-04-28,direct,desktop
3155,1081,2025-05-10,email,desktop
3156,868,2025-02-26,email,mobile_app
3157,286,2025-01-10,email,mobile_app
3158,217,2025-06-10,social,desktop
3159,499,2025-06-04,email,mobile_web
3160,624,2025-05-11,organic,mobile_app
3161,1036,2025-02-14,social,mobile_app
3162,487,2025-01-31,direct,mobile_app
3163,291,2025-06-16,social,mobile_app
3164,839,2025-02-24,organic,mobile_app
3165,677,2025-06-17,direct,mobile_app
3166,1010,2025-01-31,paid_ads,desktop
3167,570,2025-05-09,social,mobile_app
3168,365,2025-03-28,social,mobile_web
3169,699,2025-05-22,social,desktop
3170,814,2025-01-04,paid_ads,mobile_app
3171,497,2025-01-21,paid_ads,mobile_app
3172,810,2025-04-12,organic,mobile_app
3173,471,2025-04-24,paid_ads,mobile_web
3174,26,2025-03-07,email,mobile_web
3175,1137,2025-02-12,organic,desktop
3176,354,2025-01-24,paid_ads,desktop
3177,860,2025-02-27,paid_ads,mobile_web
3178,183,2025-01-12,social,mobile_app
3179,637,2025-02-04,social,mobile_app
3180,522,2025-04-05,direct,mobile_app
3181,634,2025-01-22,paid_ads,mobile_app
3182,225,2025-02-19,paid_ads,mobile_web
3183,129,2025-04-10,paid_ads,mobile_web
3184,770,2025-01-26,organic,mobile_app
3185,936,2025-02-10,organic,desktop
3186,288,2025-01-27,organic,mobile_app
3187,712,2025-06-10,direct,mobile_web
3188,1033,2025-06-26,paid_ads,mobile_web
3189,21,2025-02-07,social,mobile_app
3190,623,2025-03-27,organic,mobile_app
3191,922,2025-06-03,email,mobile_app
3192,1155,2025-04-12,organic,mobile_app
3193,369,2025-04-02,social,mobile_web
3194,881,2025-05-17,organic,mobile_app
3195,434,2025-02-14,email,desktop
3196,902,2025-04-16,direct,mobile_app
3197,87,2025-03-17,direct,mobile_web
3198,1170,2025-06-12,email,desktop
3199,572,2025-04-30,paid_ads,mobile_app
3200,242,2025-03-31,organic,mobile_app
3201,653,2025-01-18,paid_ads,mobile_app
3202,704,2025-01-15,paid_ads,mobile_app
3203,1018,2025-02-17,paid_ads,mobile_app
3204,379,2025-02-09,organic,desktop
3205,396,2025-06-15,social,mobile_app
3206,749,2025-03-11,paid_ads,mobile_app
3207,666,2025-01-30,organic,mobile_app
3208,896,2025-06-23,social,mobile_app
3209,376,2025-02-23,social,mobile_app
3210,404,2025-01-20,email,mobile_web
3211,1036,2025-04-23,social,mobile_web
3212,19,2025-06-20,paid_ads,mobile_web
3213,607,2025-01-18,paid_ads,mobile_app
3214,1068,2025-06-14,organic,mobile_web
3215,1161,2025-01-10,organic,mobile_app
3216,401,2025-05-20,direct,mobile_app
3217,66,2025-03-07,social,desktop
3218,494,2025-03-09,paid_ads,mobile_web
3219,875,2025-06-15,organic,mobile_app
3220,713,2025-01-08,email,desktop
3221,407,2025-02-07,direct,mobile_web
3222,88,2025-03-20,email,mobile_app
3223,284,2025-01-21,email,mobile_app
3224,795,2025-02-28,social,mobile_app
3225,1044,2025-04-20,social,mobile_app
3226,635,2025-02-26,paid_ads,desktop
3227,725,2025-04-22,social,mobile_app
3228,860,2025-02-22,email,mobile_app
3229,615,2025-03-29,organic,mobile_web
3230,961,2025-04-23,paid_ads,mobile_web
3231,851,2025-02-23,social,desktop
3232,876,2025-02-24,paid_ads,mobile_app
3233,1006,2025-04-10,email,mobile_web
3234,899,2025-05-13,social,desktop
3235,1186,2025-06-24,social,mobile_app
3236,548,2025-03-03,organic,mobile_web
3237,786,2025-05-27,direct,mobile_app
3238,804,2025-04-14,paid_ads,mobile_app
3239,697,2025-02-21,organic,desktop
3240,716,2025-01-23,organic,desktop
3241,909,2025-03-11,organic,mobile_app
3242,290,2025-03-02,direct,mobile_app
3243,252,2025-06-14,paid_ads,mobile_app
3244,175,2025-05-31,paid_ads,mobile_app
3245,177,2025-03-30,direct,desktop
3246,501,2025-06-23,paid_ads,mobile_web
3247,135,2025-04-25,paid_ads,mobile_web
3248,998,2025-04-19,social,mobile_app
3249,1094,2025-06-15,organic,mobile_app
3250,642,2025-04-03,paid_ads,mobile_app
3251,194,2025-06-18,paid_ads,mobile_app
3252,1163,2025-02-09,direct,mobile_web
3253,1131,2025-06-10,social,mobile_app
3254,199,2025-05-10,social,desktop
3255,595,2025-03-03,direct,desktop
3256,907,2025-01-13,paid_ads,mobile_app
3257,385,2025-01-21,organic,desktop
3258,1083,2025-01-08,organic,mobile_web
3259,467,2025-06-25,organic,desktop
3260,592,2025-03-21,paid_ads,mobile_app
3261,1117,2025-04-12,social,mobile_app
3262,634,2025-06-11,paid_ads,mobile_app
3263,789,2025-05-26,social,mobile_web
3264,938,2025-06-22,direct,mobile_web
3265,772,2025-03-17,paid_ads,desktop
3266,509,2025-02-27,social,mobile_app
3267,692,2025-06-15,paid_ads,mobile_app
3268,536,2025-04-03,direct,mobile_app
3269,431,2025-01-01,organic,mobile_app
3270,1148,2025-05-11,email,mobile_web
3271,710,2025-05-08,paid_ads,mobile_web
3272,113,2025-05-08,paid_ads,mobile_app
3273,1193,2025-06-22,social,desktop
3274,585,2025-02-01,email,mobile_app
3275,514,2025-06-11,organic,desktop
3276,763,2025-04-25,direct,mobile_app
3277,307,2025-05-23,organic,mobile_app
3278,971,2025-05-04,organic,mobile_app
3279,697,2025-03-19,paid_ads,mobile_app
3280,832,2025-04-08,organic,mobile_web
3281,1039,2025-02-23,email,desktop
3282,648,2025-05-27,organic,desktop
3283,297,2025-01-09,direct,mobile_app
3284,574,2025-05-13,direct,mobile_app
3285,433,2025-02-08,organic,mobile_web
3286,801,2025-02-26,organic,mobile_web
3287,6,2025-03-03,direct,mobile_app
3288,306,2025-03-25,organic,desktop
3289,943,2025-04-01,social,mobile_web
3290,584,2025-06-18,email,mobile_web
3291,580,2025-03-21,social,mobile_app
3292,69,2025-03-31,paid_ads,mobile_app
3293,923,2025-02-15,organic,mobile_app
3294,384,2025-04-25,organic,mobile_app
3295,487,2025-05-21,organic,mobile_web
3296,730,2025-06-15,organic,mobile_app
3297,1077,2025-06-26,organic,mobile_web
3298,26,2025-01-27,organic,mobile_web
3299,101,2025-02-07,direct,mobile_app
3300,1184,2025-04-24,paid_ads,mobile_app
3301,128,2025-05-09,organic,mobile_app
3302,905,2025-06-10,email,mobile_web
3303,619,2025-05-08,paid_ads,desktop
3304,97,2025-04-13,organic,mobile_app
3305,178,2025-05-20,paid_ads,mobile_app
3306,454,2025-01-29,email,mobile_app
3307,1069,2025-03-28,social,mobile_web
3308,235,2025-04-09,email,mobile_web
3309,541,2025-01-01,organic,mobile_web
3310,712,2025-05-26,social,desktop
3311,1027,2025-05-09,organic,mobile_web
3312,553,2025-05-17,paid_ads,mobile_web
3313,581,2025-01-12,email,mobile_app
3314,853,2025-05-19,email,mobile_app
3315,345,2025-01-05,paid_ads,mobile_app
3316,668,2025-01-07,email,desktop
3317,504,2025-05-11,organic,mobile_app
3318,489,2025-04-29,organic,mobile_app
3319,248,2025-03-05,paid_ads,mobile_app
3320,960,2025-01-05,paid_ads,mobile_web
3321,285,2025-04-24,social,mobile_app
3322,903,2025-04-01,email,desktop
3323,542,2025-01-06,organic,desktop
3324,616,2025-02-13,paid_ads,mobile_web
3325,863,2025-06-07,paid_ads,mobile_web
3326,445,2025-06-22,social,desktop
3327,800,2025-06-29,social,mobile_app
3328,1012,2025-03-30,organic,desktop
3329,479,2025-06-22,paid_ads,mobile_app
3330,942,2025-04-17,organic,mobile_web
3331,469,2025-01-01,paid_ads,desktop
3332,917,2025-03-27,organic,mobile_app
3333,418,2025-01-26,organic,desktop
3334,1129,2025-02-03,organic,mobile_app
3335,696,2025-05-11,organic,mobile_app
3336,485,2025-02-08,organic,mobile_app
3337,1052,2025-05-12,organic,mobile_app
3338,685,2025-06-22,paid_ads,mobile_app
3339,160,2025-06-01,paid_ads,mobile_web
3340,701,2025-04-22,email,desktop
3341,698,2025-06-08,paid_ads,desktop
3342,97,2025-02-15,direct,mobile_app
3343,922,2025-03-21,organic,desktop
3344,925,2025-01-17,email,mobile_app
3345,154,2025-01-30,organic,mobile_app
3346,710,2025-06-02,organic,mobile_app
3347,1008,2025-04-22,social,mobile_app
3348,606,2025-04-27,paid_ads,mobile_app
3349,135,2025-05-11,direct,mobile_app
3350,619,2025-06-20,paid_ads,mobile_app
3351,175,2025-02-03,organic,desktop
3352,813,2025-02-24,organic,mobile_web
3353,446,2025-06-23,organic,mobile_web
3354,179,2025-05-30,social,mobile_web
3355,1059,2025-01-22,direct,mobile_web
3356,657,2025-05-09,organic,mobile_app
3357,635,2025-02-01,organic,mobile_app
3358,839,2025-01-22,direct,desktop
3359,151,2025-05-14,direct,desktop
3360,502,2025-06-08,organic,mobile_web
3361,312,2025-01-11,email,mobile_app
3362,633,2025-04-20,direct,mobile_web
3363,999,2025-03-17,organic,mobile_web
3364,797,2025-01-16,paid_ads,mobile_app
3365,1012,2025-03-30,organic,desktop
3366,334,2025-06-16,organic,mobile_web
3367,428,2025-02-10,social,mobile_app
3368,1086,2025-02-20,paid_ads,desktop
3369,196,2025-03-01,paid_ads,mobile_web
3370,716,2025-03-17,organic,mobile_web
3371,1168,2025-04-24,email,mobile_app
3372,350,2025-04-25,direct,mobile_app
3373,663,2025-05-31,social,mobile_app
3374,1192,2025-06-02,paid_ads,mobile_web
3375,779,2025-03-13,paid_ads,desktop
3376,1061,2025-02-05,paid_ads,mobile_web
3377,241,2025-05-06,paid_ads,mobile_app
3378,139,2025-01-23,organic,mobile_app
3379,18,2025-05-08,paid_ads,mobile_app
3380,222,2025-06-19,email,desktop
3381,897,2025-04-16,direct,mobile_app
3382,620,2025-03-01,social,mobile_app
3383,96,2025-06-17,email,mobile_web
3384,776,2025-03-12,email,desktop
3385,1099,2025-05-22,organic,mobile_web
3386,307,2025-02-27,organic,mobile_app
3387,119,2025-06-14,paid_ads,mobile_web
3388,1197,2025-06-21,email,mobile_app
3389,166,2025-04-02,social,mobile_app
3390,1009,2025-02-12,social,mobile_web
3391,107,2025-06-15,paid_ads,mobile_app
3392,997,2025-03-23,direct,mobile_web
3393,115,2025-03-16,paid_ads,mobile_web
3394,346,2025-05-15,paid_ads,mobile_web
3395,90,2025-02-09,paid_ads,mobile_web
3396,682,2025-03-17,social,mobile_app
3397,622,2025-06-04,direct,mobile_app
3398,1006,2025-05-05,direct,mobile_web
3399,1056,2025-02-12,organic,mobile_app
3400,656,2025-01-05,social,mobile_web
3401,113,2025-01-03,social,mobile_app
3402,757,2025-03-11,social,mobile_app
3403,1069,2025-06-19,organic,mobile_web
3404,526,2025-01-17,organic,mobile_app
3405,210,2025-05-15,direct,mobile_web
3406,369,2025-04-06,paid_ads,desktop
3407,302,2025-06-29,organic,desktop
3408,564,2025-06-29,paid_ads,mobile_app
3409,679,2025-01-16,email,mobile_app
3410,798,2025-06-02,social,mobile_app
3411,1114,2025-01-04,direct,mobile_app
3412,330,2025-06-16,paid_ads,desktop
3413,942,2025-03-21,direct,mobile_app
3414,1143,2025-05-28,paid_ads,mobile_web
3415,770,2025-06-05,organic,mobile_app
3416,1116,2025-05-07,paid_ads,desktop
3417,210,2025-04-18,email,mobile_app
3418,1040,2025-05-05,direct,mobile_app
3419,200,2025-03-10,paid_ads,mobile_web
3420,974,2025-04-17,paid_ads,mobile_app
3421,780,2025-01-26,paid_ads,mobile_web
3422,140,2025-03-11,email,mobile_app
3423,1124,2025-06-05,paid_ads,mobile_web
3424,241,2025-02-17,social,desktop
3425,650,2025-04-20,email,mobile_app
3426,1024,2025-02-25,paid_ads,mobile_app
3427,556,2025-05-18,email,mobile_web
3428,1047,2025-06-09,email,mobile_app
3429,972,2025-03-09,organic,desktop
3430,165,2025-01-17,paid_ads,mobile_app
3431,539,2025-06-15,paid_ads,mobile_app
3432,916,2025-01-27,social,desktop
3433,1048,2025-04-18,social,mobile_app
3434,398,2025-06-13,social,mobile_app
3435,701,2025-05-10,social,mobile_web
3436,765,2025-03-01,direct,mobile_app
3437,706,2025-02-11,social,desktop
3438,1157,2025-04-05,paid_ads,mobile_app
3439,307,2025-03-07,organic,mobile_web
3440,866,2025-04-15,social,mobile_web
3441,823,2025-02-21,email,mobile_web
3442,1028,2025-02-14,social,desktop
3443,880,2025-05-08,paid_ads,mobile_app
3444,180,2025-02-08,organic,mobile_app
3445,857,2025-04-30,paid_ads,desktop
3446,848,2025-06-05,paid_ads,mobile_app
3447,726,2025-02-04,organic,mobile_app
3448,755,2025-05-30,organic,mobile_app
3449,972,2025-04-23,direct,mobile_app
3450,195,2025-02-26,direct,desktop
3451,268,2025-02-10,paid_ads,mobile_app
3452,847,2025-04-02,organic,mobile_app
3453,145,2025-02-22,organic,mobile_app
3454,880,2025-02-03,organic,mobile_app
3455,204,2025-03-15,social,mobile_app
3456,660,2025-01-25,social,mobile_app
3457,954,2025-03-06,direct,desktop
3458,801,2025-02-13,organic,desktop
3459,483,2025-02-05,direct,mobile_web
3460,670,2025-01-22,social,desktop
3461,127,2025-01-12,organic,mobile_app
3462,41,2025-05-04,organic,mobile_app
3463,1012,2025-02-23,paid_ads,mobile_app
3464,652,2025-06-09,paid_ads,mobile_app
3465,769,2025-01-18,organic,mobile_app
3466,959,2025-04-22,email,mobile_app
3467,449,2025-05-06,email,mobile_web
3468,837,2025-06-09,paid_ads,mobile_app
3469,1117,2025-06-05,organic,mobile_app
3470,438,2025-04-14,email,mobile_app
3471,198,2025-05-04,paid_ads,mobile_web
3472,138,2025-04-25,email,desktop
3473,419,2025-04-24,direct,desktop
3474,605,2025-05-21,paid_ads,mobile_app
3475,305,2025-01-01,paid_ads,desktop
3476,44,2025-01-02,direct,mobile_app
3477,577,2025-04-30,email,mobile_app
3478,889,2025-02-15,direct,mobile_app
3479,394,2025-03-12,organic,mobile_app
3480,1004,2025-05-13,organic,mobile_web
3481,1044,2025-02-19,social,mobile_web
3482,453,2025-02-16,paid_ads,mobile_app
3483,687,2025-01-22,organic,mobile_app
3484,69,2025-02-08,social,mobile_app
3485,273,2025-02-18,direct,desktop
3486,834,2025-06-09,direct,mobile_app
3487,1114,2025-04-12,paid_ads,mobile_app
3488,531,2025-06-22,social,mobile_app
3489,561,2025-04-28,direct,desktop
3490,847,2025-02-26,organic,mobile_web
3491,614,2025-05-26,paid_ads,mobile_app
3492,1191,2025-05-11,social,mobile_web
3493,207,2025-02-27,social,mobile_web
3494,327,2025-02-27,email,mobile_app
3495,1124,2025-06-04,direct,mobile_app
3496,800,2025-04-24,organic,mobile_app
3497,1073,2025-05-09,social,desktop
3498,368,2025-01-31,organic,mobile_app
3499,896,2025-06-23,paid_ads,mobile_app
3500,156,2025-03-02,direct,mobile_app
3501,119,2025-04-21,social,mobile_app
3502,502,2025-06-11,direct,mobile_web
3503,694,2025-04-27,email,mobile_web
3504,258,2025-05-19,paid_ads,mobile_app
3505,898,2025-03-15,direct,mobile_web
3506,388,2025-04-26,direct,mobile_app
3507,301,2025-03-28,organic,desktop
3508,293,2025-02-15,social,mobile_web
3509,1125,2025-03-19,social,desktop
3510,317,2025-02-23,direct,mobile_app
3511,463,2025-02-20,email,mobile_app
3512,144,2025-03-14,paid_ads,desktop
3513,591,2025-05-29,social,mobile_app
3514,131,2025-05-10,social,mobile_app
3515,1190,2025-01-11,organic,mobile_web
3516,1146,2025-01-20,email,mobile_app
3517,1020,2025-05-13,paid_ads,mobile_web
3518,284,2025-01-24,organic,mobile_web
3519,168,2025-04-23,organic,mobile_app
3520,22,2025-06-01,paid_ads,mobile_app
3521,313,2025-03-31,direct,mobile_app
3522,180,2025-06-12,social,desktop
3523,1154,2025-01-06,direct,mobile_app
3524,244,2025-05-10,paid_ads,mobile_app
3525,635,2025-01-07,email,mobile_app
3526,531,2025-03-14,organic,mobile_app
3527,58,2025-03-23,organic,desktop
3528,170,2025-04-05,social,desktop
3529,624,2025-06-15,email,mobile_app
3530,116,2025-01-12,organic,mobile_app
3531,492,2025-02-24,paid_ads,mobile_app
3532,420,2025-04-01,social,mobile_app
3533,699,2025-02-10,direct,mobile_app
3534,609,2025-06-22,social,desktop
3535,134,2025-03-13,organic,mobile_app
3536,463,2025-04-24,organic,mobile_app
3537,737,2025-06-07,organic,mobile_web
3538,414,2025-02-03,organic,desktop
3539,97,2025-02-20,organic,mobile_app
3540,469,2025-06-22,paid_ads,mobile_web
3541,889,2025-03-19,paid_ads,mobile_app
3542,165,2025-06-16,social,mobile_web
3543,728,2025-03-01,direct,mobile_app
3544,229,2025-01-03,direct,mobile_web
3545,1007,2025-04-30,paid_ads,desktop
3546,517,2025-03-15,paid_ads,mobile_web
3547,1055,2025-02-07,organic,mobile_app
3548,175,2025-05-12,email,mobile_app
3549,1076,2025-02-02,organic,mobile_app
3550,248,2025-04-01,organic,mobile_app
3551,191,2025-05-14,organic,mobile_web
3552,414,2025-01-10,social,mobile_app
3553,584,2025-02-25,direct,mobile_app
3554,879,2025-06-12,paid_ads,mobile_app
3555,650,2025-04-16,email,mobile_app
3556,1015,2025-04-11,organic,mobile_app
3557,295,2025-03-05,organic,mobile_app
3558,798,2025-03-25,organic,mobile_app
3559,979,2025-01-17,organic,mobile_app
3560,918,2025-01-18,direct,mobile_web
3561,822,2025-04-30,organic,mobile_app
3562,971,2025-06-20,paid_ads,mobile_web
3563,435,2025-04-16,paid_ads,mobile_web
3564,5,2025-06-07,organic,mobile_app
3565,84,2025-02-03,email,mobile_web
3566,785,2025-04-20,organic,mobile_web
3567,473,2025-04-06,email,mobile_app
3568,740,2025-06-16,paid_ads,mobile_app
3569,25,2025-06-14,direct,mobile_app
3570,617,2025-01-22,paid_ads,mobile_app
3571,810,2025-04-14,direct,mobile_app
3572,291,2025-06-02,email,mobile_app
3573,1166,2025-06-21,paid_ads,mobile_app
3574,881,2025-05-11,paid_ads,mobile_app
3575,381,2025-01-06,email,mobile_app
3576,760,2025-01-16,social,mobile_app
3577,588,2025-04-14,social,desktop
3578,594,2025-05-30,paid_ads,mobile_web
3579,1121,2025-02-27,organic,mobile_web
3580,111,2025-05-17,direct,mobile_app
3581,370,2025-06-14,direct,mobile_web
3582,397,2025-06-27,organic,desktop
3583,640,2025-01-03,email,mobile_app
3584,1130,2025-04-07,direct,mobile_app
3585,997,2025-01-22,organic,mobile_web
3586,817,2025-01-13,direct,mobile_app
3587,254,2025-02-23,direct,mobile_app
3588,311,2025-02-22,organic,mobile_web
3589,612,2025-05-09,organic,mobile_app
3590,1100,2025-04-09,social,mobile_app
3591,245,2025-06-15,paid_ads,desktop
3592,859,2025-04-11,social,mobile_app
3593,714,2025-02-10,direct,mobile_web
3594,433,2025-02-03,organic,mobile_app
3595,90,2025-03-03,paid_ads,mobile_app
3596,72,2025-03-20,email,mobile_app
3597,1018,2025-05-17,paid_ads,mobile_app
3598,920,2025-05-07,organic,mobile_app
3599,533,2025-06-26,social,mobile_web
3600,866,2025-02-05,organic,mobile_app
3601,668,2025-06-15,paid_ads,mobile_app
3602,797,2025-01-01,social,mobile_app
3603,807,2025-05-07,organic,mobile_app
3604,421,2025-02-21,direct,mobile_web
3605,1099,2025-04-23,direct,mobile_app
3606,69,2025-01-29,organic,mobile_app
3607,976,2025-06-09,social,mobile_app
3608,946,2025-03-20,paid_ads,mobile_app
3609,360,2025-06-11,organic,mobile_web
3610,338,2025-03-05,email,mobile_web
3611,918,2025-04-04,organic,mobile_app
3612,171,2025-04-22,email,mobile_app
3613,113,2025-01-07,organic,mobile_app
3614,460,2025-02-17,paid_ads,mobile_web
3615,527,2025-06-27,organic,mobile_app
3616,1007,2025-01-28,email,mobile_web
3617,1035,2025-01-10,organic,mobile_app
3618,603,2025-05-01,direct,mobile_web
3619,374,2025-04-01,organic,mobile_app
3620,310,2025-02-02,social,mobile_app
3621,678,2025-02-21,direct,mobile_web
3622,749,2025-05-31,email,mobile_app
3623,180,2025-04-13,social,desktop
3624,1032,2025-06-10,organic,desktop
3625,527,2025-03-31,email,mobile_web
3626,194,2025-01-29,social,mobile_app
3627,1132,2025-01-23,social,desktop
3628,626,2025-04-30,paid_ads,mobile_app
3629,811,2025-01-17,paid_ads,desktop
3630,118,2025-04-20,paid_ads,mobile_app
3631,1198,2025-02-09,paid_ads,desktop
3632,1152,2025-02-27,paid_ads,mobile_app
3633,269,2025-04-19,paid_ads,mobile_app
3634,825,2025-04-11,organic,desktop
3635,224,2025-06-22,paid_ads,desktop
3636,546,2025-06-12,organic,mobile_app
3637,374,2025-04-18,paid_ads,mobile_app
3638,932,2025-03-03,social,mobile_app
3639,365,2025-05-06,paid_ads,mobile_app
3640,960,2025-02-10,social,mobile_app
3641,524,2025-04-08,social,mobile_app
3642,820,2025-06-08,paid_ads,mobile_web
3643,980,2025-01-30,email,mobile_app
3644,6,2025-02-06,organic,mobile_app
3645,1143,2025-04-10,organic,mobile_app
3646,461,2025-02-11,paid_ads,mobile_app
3647,79,2025-06-25,email,desktop
3648,781,2025-03-08,social,mobile_web
3649,619,2025-05-26,organic,mobile_web
3650,183,2025-02-17,social,mobile_web
3651,990,2025-02-19,social,mobile_app
3652,680,2025-06-08,email,mobile_web
3653,498,2025-01-09,organic,mobile_app
3654,563,2025-03-27,organic,mobile_app
3655,1175,2025-02-04,email,mobile_web
3656,717,2025-03-30,paid_ads,mobile_app
3657,906,2025-03-09,direct,mobile_app
3658,143,2025-01-22,social,mobile_app
3659,623,2025-05-28,social,mobile_web
3660,523,2025-03-05,direct,mobile_web
3661,945,2025-01-11,organic,desktop
3662,323,2025-01-09,social,desktop
3663,306,2025-05-31,paid_ads,desktop
3664,661,2025-02-27,direct,desktop
3665,165,2025-06-02,paid_ads,desktop
3666,813,2025-04-25,social,mobile_web
3667,514,2025-05-08,paid_ads,mobile_app
3668,1121,2025-04-22,organic,mobile_app
3669,24,2025-01-31,direct,mobile_web
3670,707,2025-03-15,social,mobile_app
3671,780,2025-06-07,social,mobile_app
3672,951,2025-04-08,organic,mobile_app
3673,408,2025-05-16,social,mobile_app
3674,233,2025-04-15,organic,mobile_app
3675,970,2025-01-14,paid_ads,mobile_app
3676,1020,2025-05-21,direct,mobile_app
3677,872,2025-04-01,paid_ads,mobile_app
3678,628,2025-06-02,organic,mobile_app
3679,62,2025-05-19,organic,mobile_web
3680,74,2025-04-20,social,mobile_web
3681,337,2025-06-20,social,mobile_app
3682,157,2025-05-29,email,mobile_app
3683,943,2025-02-27,social,mobile_app
3684,641,2025-02-27,paid_ads,desktop
3685,37,2025-01-23,paid_ads,mobile_web
3686,1178,2025-03-27,paid_ads,mobile_app
3687,923,2025-03-28,paid_ads,mobile_app
3688,248,2025-06-11,direct,mobile_web
3689,201,2025-04-17,paid_ads,mobile_app
3690,483,2025-04-27,email,mobile_app
3691,616,2025-04-10,paid_ads,desktop
3692,629,2025-05-28,social,desktop
3693,187,2025-06-05,email,mobile_app
3694,823,2025-03-06,paid_ads,mobile_app
3695,672,2025-03-17,organic,mobile_web
3696,554,2025-01-28,organic,mobile_app
3697,1122,2025-05-12,email,mobile_app
3698,653,2025-05-27,paid_ads,mobile_web
3699,111,2025-02-02,paid_ads,mobile_app
3700,103,2025-05-29,email,mobile_web
3701,797,2025-03-07,paid_ads,mobile_app
3702,127,2025-04-12,email,mobile_app
3703,486,2025-02-16,organic,desktop
3704,253,2025-05-27,organic,mobile_app
3705,735,2025-04-17,paid_ads,mobile_app
3706,434,2025-01-20,organic,mobile_app
3707,1039,2025-02-20,paid_ads,mobile_app
3708,980,2025-03-14,email,mobile_app
3709,1170,2025-01-10,paid_ads,desktop
3710,73,2025-06-05,organic,mobile_app
3711,284,2025-05-07,paid_ads,mobile_app
3712,530,2025-06-01,direct,desktop
3713,14,2025-02-14,paid_ads,mobile_app
3714,51,2025-01-19,organic,mobile_app
3715,265,2025-03-15,social,mobile_app
3716,177,2025-04-22,organic,mobile_app
3717,313,2025-05-16,paid_ads,mobile_app
3718,632,2025-03-30,organic,mobile_app
3719,455,2025-03-12,direct,mobile_app
3720,799,2025-03-17,direct,mobile_web
3721,1088,2025-05-30,organic,desktop
3722,787,2025-02-14,organic,mobile_web
3723,741,2025-05-01,paid_ads,mobile_app
3724,440,2025-01-14,social,mobile_app
3725,899,2025-03-29,paid_ads,desktop
3726,251,2025-03-01,direct,mobile_app
3727,899,2025-03-06,organic,mobile_web
3728,203,2025-03-23,email,mobile_web
3729,39,2025-06-07,social,desktop
3730,46,2025-05-14,direct,mobile_web
3731,868,2025-01-13,direct,mobile_app
3732,136,2025-03-15,direct,mobile_app
3733,1142,2025-05-22,paid_ads,mobile_app
3734,843,2025-01-26,paid_ads,mobile_app
3735,412,2025-02-17,social,mobile_app
3736,91,2025-03-17,organic,mobile_app
3737,106,2025-06-28,organic,mobile_web
3738,296,2025-02-08,direct,desktop
3739,732,2025-01-31,organic,mobile_app
3740,1020,2025-04-27,organic,mobile_app
3741,906,2025-05-29,direct,mobile_app
3742,435,2025-01-08,paid_ads,mobile_web
3743,917,2025-05-16,organic,mobile_app
3744,1150,2025-01-10,direct,mobile_app
3745,250,2025-03-13,direct,mobile_app
3746,215,2025-05-21,paid_ads,mobile_app
3747,734,2025-04-12,social,mobile_web
3748,199,2025-05-10,email,mobile_app
3749,339,2025-04-15,social,mobile_app
3750,206,2025-01-30,organic,mobile_web
3751,838,2025-05-24,social,mobile_app
3752,143,2025-01-09,social,mobile_app
3753,253,2025-03-12,social,mobile_app
3754,1008,2025-05-23,social,mobile_app
3755,36,2025-03-15,organic,mobile_app
3756,1155,2025-02-26,paid_ads,mobile_app
3757,1166,2025-03-22,organic,desktop
3758,102,2025-05-09,social,mobile_app
3759,745,2025-04-12,paid_ads,mobile_app
3760,560,2025-04-14,email,mobile_app
3761,724,2025-06-23,organic,mobile_app
3762,273,2025-01-04,organic,mobile_app
3763,820,2025-06-20,email,mobile_app
3764,986,2025-04-28,paid_ads,mobile_app
3765,763,2025-03-12,organic,desktop
3766,1169,2025-01-18,social,desktop
3767,1,2025-06-21,organic,mobile_app
3768,249,2025-01-19,paid_ads,mobile_app
3769,668,2025-04-29,email,mobile_web
3770,153,2025-02-17,direct,desktop
3771,528,2025-06-08,direct,mobile_app
3772,58,2025-02-21,paid_ads,mobile_app
3773,693,2025-01-11,organic,mobile_web
3774,1159,2025-05-16,organic,mobile_web
3775,509,2025-02-19,paid_ads,mobile_app
3776,829,2025-04-12,social,mobile_web
3777,391,2025-03-08,direct,mobile_app
3778,29,2025-06-18,paid_ads,mobile_app
3779,318,2025-02-03,organic,mobile_web
3780,441,2025-02-27,social,mobile_app
3781,526,2025-06-24,social,mobile_app
3782,1112,2025-04-09,paid_ads,desktop
3783,267,2025-03-30,paid_ads,mobile_app
3784,524,2025-05-23,paid_ads,mobile_web
3785,241,2025-01-08,email,mobile_app
3786,1158,2025-06-12,paid_ads,mobile_app
3787,16,2025-04-05,direct,mobile_app
3788,130,2025-06-20,social,mobile_web
3789,69,2025-05-22,organic,mobile_web
3790,365,2025-05-28,direct,desktop
3791,387,2025-06-16,organic,desktop
3792,969,2025-04-07,organic,mobile_web
3793,529,2025-02-27,direct,mobile_app
3794,58,2025-05-03,direct,mobile_app
3795,356,2025-03-15,social,mobile_app
3796,1148,2025-01-14,social,mobile_web
3797,468,2025-01-20,email,mobile_app
3798,154,2025-05-05,direct,desktop
3799,127,2025-01-14,paid_ads,mobile_app
3800,860,2025-01-23,paid_ads,mobile_app
3801,719,2025-02-09,direct,mobile_app
3802,788,2025-03-25,paid_ads,mobile_web
3803,1026,2025-04-15,email,mobile_app
3804,500,2025-03-07,email,mobile_app
3805,479,2025-05-02,organic,mobile_web
3806,635,2025-06-25,email,desktop
3807,307,2025-01-20,email,mobile_app
3808,568,2025-03-22,social,mobile_app
3809,275,2025-01-23,paid_ads,mobile_app
3810,680,2025-01-02,organic,desktop
3811,1039,2025-04-20,paid_ads,desktop
3812,572,2025-05-18,email,mobile_app
3813,932,2025-05-29,direct,mobile_app
3814,296,2025-01-13,organic,desktop
3815,66,2025-05-28,paid_ads,desktop
3816,556,2025-05-05,email,mobile_app
3817,979,2025-05-25,organic,mobile_app
3818,1038,2025-03-03,direct,mobile_web
3819,634,2025-06-16,social,mobile_web
3820,590,2025-01-14,direct,mobile_app
3821,1020,2025-05-09,organic,desktop
3822,565,2025-03-26,organic,mobile_app
3823,1150,2025-04-29,direct,mobile_app
3824,556,2025-06-26,email,mobile_web
3825,288,2025-04-22,direct,desktop
3826,295,2025-04-11,direct,mobile_web
3827,1173,2025-01-18,paid_ads,mobile_app
3828,877,2025-03-18,direct,mobile_web
3829,268,2025-02-10,paid_ads,mobile_app
3830,735,2025-04-29,direct,mobile_app
3831,608,2025-06-01,email,mobile_app
3832,48,2025-03-07,direct,mobile_app
3833,524,2025-03-29,social,mobile_app
3834,884,2025-02-18,direct,mobile_app
3835,466,2025-06-17,organic,mobile_app
3836,111,2025-02-01,paid_ads,mobile_web
3837,361,2025-01-31,social,mobile_app
3838,101,2025-02-24,paid_ads,mobile_web
3839,314,2025-06-19,email,mobile_app
3840,1064,2025-03-05,paid_ads,desktop
3841,18,2025-04-26,paid_ads,mobile_app
3842,893,2025-05-23,paid_ads,mobile_app
3843,967,2025-01-11,organic,mobile_app
3844,1136,2025-03-19,email,mobile_app
3845,665,2025-02-18,organic,mobile_app
3846,627,2025-05-13,email,mobile_app
3847,47,2025-02-24,email,mobile_app
3848,556,2025-03-15,paid_ads,mobile_web
3849,809,2025-01-28,social,mobile_app
3850,97,2025-06-07,organic,mobile_app
3851,466,2025-05-01,social,desktop
3852,802,2025-01-13,direct,desktop
3853,656,2025-02-23,direct,mobile_app
3854,95,2025-05-14,paid_ads,desktop
3855,1031,2025-01-21,social,mobile_app
3856,212,2025-06-01,social,mobile_web
3857,1083,2025-02-20,paid_ads,mobile_app
3858,916,2025-06-22,organic,mobile_app
3859,1106,2025-03-05,organic,mobile_app
3860,680,2025-02-10,paid_ads,desktop
3861,938,2025-03-08,paid_ads,mobile_web
3862,1182,2025-05-13,paid_ads,mobile_web
3863,856,2025-06-25,direct,desktop
3864,34,2025-05-28,paid_ads,desktop
3865,499,2025-01-28,paid_ads,desktop
3866,575,2025-01-21,organic,mobile_web
3867,776,2025-03-15,organic,mobile_app
3868,59,2025-02-08,organic,desktop
3869,365,2025-05-18,social,mobile_web
3870,826,2025-05-06,email,mobile_app
3871,308,2025-03-01,organic,mobile_web
3872,173,2025-02-18,organic,desktop
3873,35,2025-01-03,organic,mobile_app
3874,304,2025-04-03,email,mobile_app
3875,996,2025-02-18,organic,mobile_app
3876,446,2025-02-04,email,mobile_web
3877,1039,2025-02-17,direct,mobile_app
3878,174,2025-06-26,paid_ads,mobile_app
3879,1190,2025-01-24,paid_ads,mobile_web
3880,1101,2025-03-03,direct,mobile_app
3881,618,2025-05-24,social,desktop
3882,833,2025-02-07,organic,mobile_app
3883,259,2025-03-22,organic,desktop
3884,509,2025-06-11,email,mobile_app
3885,289,2025-01-12,email,mobile_app
3886,524,2025-03-23,paid_ads,mobile_app
3887,340,2025-05-13,paid_ads,mobile_app
3888,835,2025-06-15,organic,mobile_app
3889,394,2025-01-06,email,mobile_web
3890,162,2025-03-07,email,mobile_app
3891,617,2025-06-29,direct,mobile_web
3892,1196,2025-02-03,paid_ads,mobile_app
3893,607,2025-06-03,organic,desktop
3894,1089,2025-03-14,email,mobile_app
3895,1033,2025-04-08,email,desktop
3896,172,2025-04-05,paid_ads,desktop
3897,748,2025-04-14,social,mobile_web
3898,785,2025-05-02,social,mobile_app
3899,805,2025-04-19,organic,mobile_web
3900,647,2025-01-04,direct,mobile_app
3901,867,2025-03-22,email,mobile_app
3902,1102,2025-06-24,direct,mobile_app
3903,760,2025-03-20,direct,desktop
3904,179,2025-03-28,paid_ads,mobile_app
3905,843,2025-05-01,paid_ads,mobile_web
3906,261,2025-05-30,social,mobile_app
3907,919,2025-06-02,organic,mobile_web
3908,1151,2025-01-05,organic,mobile_app
3909,20,2025-06-15,paid_ads,desktop
3910,178,2025-06-23,email,mobile_app
3911,113,2025-01-26,social,mobile_web
3912,27,2025-01-06,paid_ads,mobile_app
3913,645,2025-03-09,direct,mobile_app
3914,939,2025-06-21,email,mobile_app
3915,701,2025-02-21,direct,mobile_app
3916,843,2025-05-30,organic,mobile_app
3917,944,2025-02-20,organic,mobile_web
3918,554,2025-04-20,organic,desktop
3919,920,2025-04-05,organic,desktop
3920,671,2025-01-31,direct,mobile_app
3921,872,2025-04-15,organic,mobile_app
3922,162,2025-02-24,direct,mobile_web
3923,1112,2025-01-11,organic,mobile_web
3924,158,2025-05-23,email,mobile_app
3925,774,2025-04-26,paid_ads,mobile_app
3926,542,2025-05-04,paid_ads,desktop
3927,1088,2025-01-07,organic,mobile_app
3928,476,2025-05-15,paid_ads,mobile_app
3929,1047,2025-01-31,email,mobile_app
3930,770,2025-04-19,paid_ads,mobile_web
3931,517,2025-05-12,organic,mobile_app
3932,688,2025-05-15,paid_ads,desktop
3933,752,2025-03-01,organic,desktop
3934,163,2025-05-07,direct,mobile_web
3935,760,2025-05-29,paid_ads,desktop
3936,527,2025-03-13,social,mobile_app
3937,243,2025-02-19,organic,mobile_app
3938,567,2025-01-09,paid_ads,desktop
3939,198,2025-02-12,organic,mobile_web
3940,612,2025-01-26,direct,mobile_web
3941,994,2025-04-18,organic,mobile_app
3942,133,2025-03-10,paid_ads,mobile_app
3943,1073,2025-02-06,organic,mobile_web
3944,228,2025-01-17,organic,mobile_web
3945,1161,2025-02-24,paid_ads,mobile_web
3946,838,2025-03-29,email,mobile_app
3947,410,2025-02-22,social,mobile_app
3948,49,2025-04-30,paid_ads,mobile_app
3949,1039,2025-03-12,paid_ads,desktop
3950,1155,2025-02-12,direct,mobile_app
3951,304,2025-01-08,social,mobile_app
3952,78,2025-03-08,paid_ads,desktop
3953,748,2025-03-01,paid_ads,desktop
3954,265,2025-04-26,direct,mobile_web
3955,940,2025-06-15,organic,mobile_app
3956,1035,2025-05-31,social,mobile_app
3957,880,2025-04-30,organic,mobile_web
3958,1170,2025-06-17,social,mobile_app
3959,854,2025-03-19,direct,desktop
3960,942,2025-05-01,email,mobile_app
3961,264,2025-03-01,paid_ads,mobile_web
3962,807,2025-01-29,direct,desktop
3963,1113,2025-01-18,paid_ads,mobile_app
3964,1067,2025-02-25,paid_ads,mobile_app
3965,655,2025-05-16,paid_ads,mobile_web
3966,394,2025-02-21,organic,desktop
3967,784,2025-03-22,direct,mobile_app
3968,247,2025-06-01,organic,mobile_app
3969,1012,2025-05-08,organic,mobile_web
3970,1171,2025-01-29,email,mobile_web
3971,203,2025-06-08,paid_ads,mobile_app
3972,241,2025-03-24,paid_ads,desktop
3973,851,2025-05-22,email,mobile_app
3974,1120,2025-06-25,paid_ads,mobile_app
3975,699,2025-05-02,social,mobile_app
3976,193,2025-03-06,paid_ads,desktop
3977,14,2025-02-22,organic,desktop
3978,854,2025-03-20,social,mobile_web
3979,372,2025-06-28,direct,mobile_web
3980,707,2025-03-01,paid_ads,mobile_app
3981,501,2025-05-15,direct,mobile_app
3982,713,2025-05-28,social,mobile_app
3983,704,2025-02-12,organic,mobile_app
3984,65,2025-02-01,organic,mobile_app
3985,379,2025-06-07,paid_ads,desktop
3986,692,2025-05-28,organic,mobile_web
3987,554,2025-06-11,direct,desktop
3988,1037,2025-04-06,email,mobile_app
3989,68,2025-03-31,organic,mobile_app
3990,1099,2025-06-16,organic,mobile_web
3991,879,2025-05-14,email,mobile_app
3992,468,2025-02-18,paid_ads,desktop
3993,624,2025-03-28,direct,mobile_app
3994,1028,2025-05-19,paid_ads,mobile_web
3995,945,2025-05-29,social,mobile_app
3996,120,2025-04-26,email,desktop
3997,745,2025-05-10,social,mobile_web
3998,933,2025-03-09,organic,mobile_web
3999,214,2025-02-18,paid_ads,desktop
4000,470,2025-03-26,organic,desktop
4001,115,2025-03-26,organic,mobile_web
4002,876,2025-05-16,paid_ads,mobile_app
4003,602,2025-01-31,social,desktop
4004,663,2025-01-08,direct,mobile_web
4005,1173,2025-03-22,paid_ads,mobile_web
4006,1036,2025-04-25,paid_ads,mobile_web
4007,502,2025-05-12,paid_ads,desktop
4008,1194,2025-06-18,organic,mobile_web
4009,1143,2025-02-20,organic,mobile_app
4010,176,2025-03-03,paid_ads,mobile_app
4011,923,2025-03-29,organic,desktop
4012,553,2025-02-23,direct,mobile_app
4013,674,2025-01-01,direct,mobile_app
4014,449,2025-05-02,paid_ads,mobile_app
4015,877,2025-01-21,organic,mobile_app
4016,1110,2025-06-12,organic,mobile_app
4017,249,2025-01-17,social,desktop
4018,776,2025-06-01,paid_ads,mobile_app
4019,590,2025-02-22,email,mobile_app
4020,677,2025-05-25,direct,mobile_app
4021,190,2025-01-24,paid_ads,mobile_app
4022,588,2025-05-24,organic,mobile_app
4023,761,2025-03-11,direct,desktop
4024,181,2025-01-12,paid_ads,mobile_app
4025,656,2025-05-26,organic,desktop
4026,822,2025-04-19,paid_ads,mobile_web
4027,812,2025-06-25,organic,desktop
4028,931,2025-06-01,paid_ads,mobile_app
4029,1067,2025-06-19,paid_ads,desktop
4030,345,2025-03-03,email,desktop
4031,570,2025-01-15,direct,mobile_web
4032,655,2025-06-01,paid_ads,desktop
4033,586,2025-02-05,social,mobile_app
4034,445,2025-04-25,organic,mobile_app
4035,574,2025-06-03,organic,desktop
4036,565,2025-06-02,direct,mobile_app
4037,449,2025-03-01,paid_ads,mobile_app
4038,721,2025-05-03,social,mobile_app
4039,192,2025-06-16,paid_ads,mobile_web
4040,464,2025-06-11,organic,mobile_app
4041,285,2025-06-17,organic,mobile_web
4042,863,2025-01-05,organic,mobile_web
4043,680,2025-01-23,email,desktop
4044,497,2025-04-12,social,mobile_web
4045,145,2025-04-07,social,mobile_web
4046,228,2025-04-09,direct,mobile_app
4047,1089,2025-02-18,paid_ads,desktop
4048,548,2025-01-06,email,mobile_app
4049,1089,2025-06-13,organic,mobile_app
4050,69,2025-04-28,email,mobile_web
4051,494,2025-06-04,organic,mobile_app
4052,987,2025-06-23,social,mobile_app
4053,532,2025-06-20,paid_ads,mobile_app
4054,894,2025-04-09,social,mobile_app
4055,13,2025-04-24,organic,mobile_app
4056,897,2025-04-14,paid_ads,mobile_app
4057,732,2025-03-02,direct,mobile_app
4058,598,2025-06-11,social,mobile_app
4059,869,2025-06-29,social,desktop
4060,619,2025-04-21,social,mobile_web
4061,83,2025-05-02,organic,desktop
4062,1070,2025-06-22,organic,mobile_app
4063,95,2025-04-04,direct,mobile_app
4064,692,2025-02-04,social,desktop
4065,1173,2025-01-13,email,desktop
4066,394,2025-01-13,organic,mobile_app
4067,267,2025-02-19,direct,desktop
4068,885,2025-04-08,paid_ads,desktop
4069,288,2025-01-09,email,mobile_web
4070,989,2025-06-16,organic,mobile_app
4071,56,2025-03-11,organic,mobile_app
4072,66,2025-04-12,paid_ads,mobile_app
4073,920,2025-04-09,social,mobile_app
4074,90,2025-06-06,organic,mobile_web
4075,79,2025-04-17,paid_ads,mobile_app
4076,830,2025-04-17,paid_ads,desktop
4077,517,2025-06-27,email,mobile_app
4078,897,2025-04-15,organic,mobile_app
4079,924,2025-06-27,email,desktop
4080,224,2025-03-12,social,mobile_web
4081,1106,2025-04-07,organic,mobile_app
4082,1031,2025-02-20,paid_ads,mobile_web
4083,345,2025-06-28,paid_ads,desktop
4084,618,2025-04-30,email,mobile_app
4085,250,2025-02-17,direct,mobile_app
4086,1171,2025-06-18,social,mobile_web
4087,357,2025-03-22,organic,mobile_web
4088,158,2025-01-21,organic,mobile_app
4089,125,2025-06-03,direct,mobile_app
4090,1063,2025-04-04,organic,mobile_web
4091,38,2025-03-31,paid_ads,desktop
4092,1010,2025-02-04,organic,mobile_app
4093,1161,2025-01-07,direct,mobile_app
4094,823,2025-05-02,paid_ads,mobile_web
4095,816,2025-06-27,direct,mobile_app
4096,63,2025-01-28,email,desktop
4097,1080,2025-03-11,organic,mobile_web
4098,193,2025-01-01,organic,mobile_app
4099,1120,2025-04-09,direct,mobile_web
4100,439,2025-04-16,social,mobile_app
4101,621,2025-04-01,paid_ads,desktop
4102,877,2025-04-24,direct,mobile_web
4103,972,2025-03-11,paid_ads,desktop
4104,361,2025-06-08,direct,mobile_app
4105,855,2025-05-28,paid_ads,desktop
4106,739,2025-02-13,organic,desktop
4107,306,2025-02-05,organic,mobile_web
4108,1196,2025-02-04,direct,mobile_web
4109,1189,2025-01-27,paid_ads,mobile_web
4110,115,2025-01-11,organic,mobile_web
4111,533,2025-05-26,email,desktop
4112,151,2025-06-05,social,mobile_web
4113,428,2025-04-29,direct,mobile_web
4114,995,2025-06-15,direct,mobile_app
4115,508,2025-04-10,paid_ads,mobile_web
4116,1051,2025-01-25,direct,mobile_app
4117,596,2025-02-22,paid_ads,mobile_app
4118,223,2025-06-04,paid_ads,mobile_web
4119,1000,2025-05-19,direct,desktop
4120,490,2025-04-12,organic,mobile_app
4121,1191,2025-06-09,social,mobile_app
4122,862,2025-06-03,paid_ads,mobile_web
4123,1185,2025-04-21,paid_ads,desktop
4124,356,2025-05-29,paid_ads,mobile_web
4125,283,2025-02-05,paid_ads,mobile_web
4126,307,2025-04-21,email,mobile_app
4127,774,2025-03-05,paid_ads,mobile_app
4128,1137,2025-02-07,social,desktop
4129,1185,2025-03-10,organic,mobile_app
4130,137,2025-01-17,direct,mobile_web
4131,332,2025-04-26,paid_ads,mobile_app
4132,291,2025-04-22,social,mobile_app
4133,1016,2025-01-31,organic,mobile_app
4134,818,2025-02-07,social,mobile_web
4135,973,2025-06-11,paid_ads,mobile_app
4136,374,2025-06-26,paid_ads,mobile_app
4137,688,2025-04-02,email,desktop
4138,112,2025-01-05,social,mobile_app
4139,89,2025-01-11,social,mobile_app
4140,35,2025-04-17,paid_ads,mobile_app
4141,865,2025-02-10,paid_ads,mobile_web
4142,1113,2025-03-19,direct,mobile_app
4143,564,2025-02-14,direct,mobile_app
4144,146,2025-06-18,paid_ads,mobile_web
4145,107,2025-05-10,organic,mobile_app
4146,93,2025-04-11,paid_ads,desktop
4147,89,2025-01-01,direct,mobile_web
4148,187,2025-01-14,email,mobile_app
4149,756,2025-04-09,social,mobile_web
4150,996,2025-01-28,organic,mobile_web
4151,832,2025-05-10,direct,mobile_app
4152,916,2025-02-17,paid_ads,mobile_web
4153,1002,2025-04-16,organic,mobile_app
4154,365,2025-03-25,email,mobile_app
4155,15,2025-06-12,organic,mobile_app
4156,1050,2025-06-27,social,mobile_app
4157,672,2025-04-03,paid_ads,mobile_app
4158,15,2025-05-21,email,mobile_app
4159,465,2025-03-12,organic,desktop
4160,858,2025-05-22,social,mobile_web
4161,11,2025-01-15,paid_ads,mobile_app
4162,136,2025-05-25,organic,mobile_web
4163,478,2025-05-07,email,desktop
4164,465,2025-06-15,email,desktop
4165,428,2025-06-26,email,desktop
4166,516,2025-01-17,direct,mobile_app
4167,566,2025-05-23,paid_ads,mobile_app
4168,149,2025-04-05,organic,mobile_app
4169,1189,2025-04-21,direct,mobile_app
4170,776,2025-03-05,social,mobile_app
4171,557,2025-03-06,organic,mobile_app
4172,889,2025-06-28,social,desktop
4173,57,2025-02-27,social,mobile_web
4174,86,2025-04-05,organic,mobile_app
4175,736,2025-02-26,direct,desktop
4176,323,2025-01-17,email,mobile_web
4177,276,2025-02-28,paid_ads,mobile_app
4178,717,2025-05-27,email,mobile_app
4179,1085,2025-02-26,email,desktop
4180,457,2025-02-23,direct,mobile_web
4181,875,2025-06-15,organic,desktop
4182,424,2025-01-08,social,mobile_app
4183,76,2025-05-23,organic,mobile_app
4184,566,2025-03-10,social,mobile_web
4185,1154,2025-04-03,direct,mobile_app
4186,830,2025-02-04,paid_ads,mobile_app
4187,26,2025-05-02,direct,mobile_app
4188,1107,2025-06-27,paid_ads,mobile_app
4189,389,2025-05-02,paid_ads,mobile_web
4190,416,2025-05-28,paid_ads,desktop
4191,1111,2025-02-08,organic,mobile_app
4192,341,2025-03-14,organic,mobile_web
4193,727,2025-02-28,direct,mobile_web
4194,115,2025-03-05,direct,desktop
4195,788,2025-06-08,organic,mobile_app
4196,799,2025-03-30,social,mobile_web
4197,173,2025-03-12,email,desktop
4198,797,2025-04-07,social,mobile_app
4199,125,2025-05-21,direct,mobile_web
4200,1069,2025-04-17,direct,mobile_web
4201,1198,2025-06-06,social,mobile_app
4202,980,2025-05-22,email,desktop
4203,340,2025-01-31,organic,mobile_web
4204,106,2025-02-17,paid_ads,mobile_web
4205,503,2025-04-06,organic,mobile_app
4206,250,2025-01-12,direct,desktop
4207,682,2025-06-09,organic,mobile_app
4208,1017,2025-03-23,organic,mobile_app
4209,322,2025-03-31,organic,mobile_app
4210,252,2025-06-13,organic,mobile_web
4211,100,2025-05-27,social,mobile_app
4212,441,2025-03-02,social,mobile_app
4213,518,2025-03-09,organic,mobile_app
4214,207,2025-06-06,paid_ads,mobile_app
4215,712,2025-02-23,organic,mobile_app
4216,817,2025-03-01,social,desktop
4217,513,2025-03-16,organic,mobile_app
4218,273,2025-01-11,direct,mobile_web
4219,336,2025-06-16,direct,mobile_web
4220,221,2025-01-15,organic,mobile_app
4221,820,2025-04-15,organic,desktop
4222,747,2025-02-07,organic,mobile_app
4223,75,2025-03-24,direct,mobile_app
4224,20,2025-06-05,paid_ads,desktop
4225,534,2025-05-08,organic,mobile_web
4226,584,2025-05-10,organic,mobile_app
4227,394,2025-03-26,paid_ads,mobile_web
4228,1161,2025-06-21,social,mobile_web
4229,331,2025-05-30,email,desktop
4230,375,2025-04-17,paid_ads,mobile_app
4231,123,2025-06-10,paid_ads,mobile_app
4232,1108,2025-06-04,direct,mobile_web
4233,408,2025-01-03,direct,mobile_app
4234,959,2025-05-29,organic,mobile_app
4235,874,2025-01-18,email,desktop
4236,164,2025-05-07,social,mobile_web
4237,1042,2025-01-10,direct,mobile_app
4238,435,2025-01-13,organic,mobile_app
4239,511,2025-02-03,social,mobile_web
4240,331,2025-02-21,social,desktop
4241,315,2025-01-04,paid_ads,desktop
4242,608,2025-05-30,organic,mobile_app
4243,832,2025-01-03,paid_ads,desktop
4244,14,2025-04-14,organic,mobile_app
4245,989,2025-05-24,organic,mobile_app
4246,1127,2025-03-24,social,desktop
4247,464,2025-03-12,organic,mobile_web
4248,276,2025-06-17,organic,mobile_app
4249,714,2025-01-09,organic,desktop
4250,855,2025-01-07,email,mobile_app
4251,1145,2025-01-03,email,mobile_app
4252,56,2025-01-05,paid_ads,mobile_app
4253,322,2025-05-08,organic,mobile_web
4254,408,2025-05-05,direct,desktop
4255,62,2025-03-12,direct,mobile_app
4256,1094,2025-01-16,email,mobile_app
4257,50,2025-05-30,social,mobile_app
4258,947,2025-03-04,paid_ads,desktop
4259,547,2025-06-04,social,mobile_app
4260,604,2025-02-24,direct,mobile_app
4261,328,2025-01-21,email,mobile_app
4262,258,2025-03-04,paid_ads,mobile_web
4263,454,2025-01-10,organic,mobile_app
4264,1138,2025-01-25,organic,desktop
4265,678,2025-06-26,social,mobile_app
4266,342,2025-06-04,paid_ads,mobile_app
4267,749,2025-02-14,social,mobile_web
4268,757,2025-04-10,organic,mobile_app
4269,515,2025-04-05,organic,mobile_app
4270,255,2025-05-12,organic,mobile_app
4271,663,2025-03-19,direct,mobile_app
4272,809,2025-01-21,social,mobile_app
4273,789,2025-05-21,paid_ads,mobile_app
4274,1011,2025-06-14,paid_ads,mobile_app
4275,175,2025-06-20,social,mobile_web
4276,389,2025-05-21,paid_ads,mobile_app
4277,1148,2025-02-10,paid_ads,mobile_web
4278,222,2025-03-23,organic,mobile_app
4279,472,2025-02-14,direct,mobile_app
4280,636,2025-02-01,direct,mobile_app
4281,418,2025-06-11,organic,mobile_web
4282,505,2025-01-21,organic,mobile_app
4283,1098,2025-02-05,email,mobile_app
4284,1151,2025-01-26,paid_ads,mobile_app
4285,920,2025-03-25,direct,mobile_app
4286,510,2025-05-19,organic,mobile_web
4287,170,2025-04-13,paid_ads,mobile_web
4288,1193,2025-04-08,direct,mobile_app
4289,894,2025-04-08,paid_ads,mobile_app
4290,1068,2025-01-30,organic,mobile_app
4291,976,2025-06-28,social,mobile_app
4292,34,2025-01-10,paid_ads,mobile_web
4293,344,2025-01-25,direct,desktop
4294,439,2025-02-13,organic,mobile_app
4295,1104,2025-04-22,paid_ads,mobile_app
4296,771,2025-04-25,social,mobile_web
4297,867,2025-06-10,organic,mobile_app
4298,968,2025-06-23,organic,mobile_web
4299,401,2025-06-21,organic,mobile_app
4300,798,2025-02-25,organic,mobile_app
4301,494,2025-05-24,social,mobile_web
4302,33,2025-01-27,email,desktop
4303,640,2025-01-03,paid_ads,mobile_app
4304,465,2025-05-24,organic,desktop
4305,388,2025-04-19,social,mobile_web
4306,27,2025-01-19,organic,desktop
4307,1093,2025-03-18,email,mobile_web
4308,128,2025-01-14,organic,desktop
4309,1017,2025-03-28,organic,mobile_web
4310,419,2025-06-04,organic,desktop
4311,501,2025-06-24,direct,mobile_app
4312,551,2025-01-06,email,desktop
4313,700,2025-05-23,organic,mobile_web
4314,683,2025-05-08,social,mobile_app
4315,1177,2025-04-06,paid_ads,mobile_app
4316,226,2025-02-22,social,mobile_app
4317,22,2025-02-24,social,mobile_app
4318,93,2025-03-22,email,mobile_app
4319,1094,2025-05-14,social,desktop
4320,804,2025-05-11,paid_ads,mobile_app
4321,287,2025-02-28,organic,mobile_app
4322,589,2025-01-18,paid_ads,mobile_app
4323,791,2025-01-19,direct,mobile_app
4324,618,2025-04-03,social,mobile_app
4325,1050,2025-04-18,social,mobile_app
4326,117,2025-01-09,email,mobile_app
4327,975,2025-03-05,organic,mobile_app
4328,1029,2025-03-06,paid_ads,mobile_app
4329,373,2025-04-15,paid_ads,mobile_web
4330,889,2025-06-07,social,mobile_app
4331,138,2025-06-01,organic,mobile_app
4332,62,2025-03-11,direct,mobile_app
4333,931,2025-05-11,paid_ads,mobile_app
4334,292,2025-01-08,direct,mobile_app
4335,266,2025-04-13,email,mobile_app
4336,528,2025-06-06,email,mobile_app
4337,23,2025-05-06,paid_ads,mobile_web
4338,852,2025-05-24,direct,desktop
4339,10,2025-04-17,email,mobile_web
4340,252,2025-05-20,organic,mobile_web
4341,151,2025-04-17,direct,desktop
4342,572,2025-01-24,organic,desktop
4343,607,2025-02-13,social,mobile_web
4344,543,2025-05-23,organic,mobile_app
4345,693,2025-05-04,organic,mobile_app
4346,1118,2025-02-24,organic,mobile_app
4347,476,2025-01-26,social,mobile_app
4348,339,2025-04-13,organic,mobile_app
4349,1036,2025-04-23,paid_ads,mobile_app
4350,706,2025-02-03,social,mobile_app
4351,187,2025-05-18,social,mobile_web
4352,248,2025-03-07,social,mobile_web
4353,1119,2025-01-18,organic,desktop
4354,317,2025-03-18,organic,mobile_app
4355,737,2025-03-25,organic,mobile_app
4356,845,2025-03-11,paid_ads,mobile_app
4357,27,2025-03-18,organic,mobile_app
4358,973,2025-01-08,paid_ads,mobile_web
4359,824,2025-01-07,social,desktop
4360,410,2025-04-13,organic,mobile_web
4361,746,2025-05-21,paid_ads,mobile_app
4362,861,2025-06-22,organic,desktop
4363,343,2025-05-11,email,mobile_web
4364,150,2025-02-08,organic,mobile_app
4365,986,2025-01-22,paid_ads,desktop
4366,486,2025-03-23,email,mobile_app
4367,436,2025-01-10,social,mobile_web
4368,1004,2025-01-22,direct,mobile_app
4369,920,2025-06-15,organic,mobile_app
4370,309,2025-04-01,organic,mobile_app
4371,313,2025-05-29,email,mobile_app
4372,752,2025-06-22,social,mobile_web
4373,852,2025-04-19,paid_ads,mobile_app
4374,381,2025-04-22,email,mobile_app
4375,865,2025-01-04,email,desktop
4376,226,2025-05-20,paid_ads,mobile_app
4377,382,2025-03-31,organic,mobile_web
4378,172,2025-02-20,direct,mobile_web
4379,25,2025-01-27,email,mobile_web
4380,408,2025-01-22,organic,desktop
4381,845,2025-03-03,social,mobile_app
4382,677,2025-01-01,organic,desktop
4383,727,2025-05-15,email,mobile_web
4384,456,2025-05-24,organic,mobile_web
4385,678,2025-02-03,paid_ads,mobile_app
4386,353,2025-02-24,paid_ads,mobile_app
4387,15,2025-06-13,paid_ads,mobile_app
4388,667,2025-06-05,organic,mobile_web
4389,743,2025-03-21,social,mobile_web
4390,966,2025-06-06,social,mobile_app
4391,414,2025-05-12,social,mobile_app
4392,384,2025-05-18,paid_ads,mobile_app
4393,1038,2025-05-09,paid_ads,mobile_web
4394,688,2025-01-14,organic,mobile_app
4395,737,2025-04-05,social,desktop
4396,536,2025-01-09,email,mobile_app
4397,338,2025-04-03,social,mobile_web
4398,93,2025-02-28,direct,mobile_web
4399,470,2025-01-22,paid_ads,mobile_app
4400,823,2025-03-15,organic,mobile_web
4401,6,2025-03-20,paid_ads,mobile_web
4402,322,2025-05-10,paid_ads,mobile_app
4403,134,2025-03-17,organic,mobile_app
4404,297,2025-04-02,social,mobile_app
4405,370,2025-02-06,organic,mobile_web
4406,1198,2025-04-12,paid_ads,desktop
4407,38,2025-05-03,direct,mobile_app
4408,456,2025-06-27,paid_ads,mobile_app
4409,571,2025-02-06,organic,mobile_app
4410,116,2025-06-22,paid_ads,mobile_web
4411,154,2025-06-08,paid_ads,mobile_app
4412,385,2025-05-13,paid_ads,mobile_app
4413,278,2025-04-25,paid_ads,mobile_app
4414,812,2025-06-06,paid_ads,mobile_app
4415,96,2025-03-21,organic,desktop
4416,937,2025-02-08,email,mobile_web
4417,248,2025-05-25,paid_ads,desktop
4418,321,2025-05-28,paid_ads,mobile_app
4419,720,2025-06-05,organic,mobile_app
4420,11,2025-02-10,social,mobile_app
4421,842,2025-02-18,organic,mobile_web
4422,107,2025-03-23,paid_ads,mobile_web
4423,1083,2025-05-27,social,mobile_app
4424,971,2025-03-03,email,mobile_app
4425,986,2025-06-16,paid_ads,desktop
4426,785,2025-01-06,email,mobile_app
4427,1080,2025-03-22,direct,desktop
4428,1155,2025-02-23,organic,desktop
4429,946,2025-01-02,social,mobile_app
4430,110,2025-03-13,organic,mobile_app
4431,527,2025-06-10,direct,mobile_web
4432,650,2025-05-20,organic,mobile_app
4433,1120,2025-02-01,direct,mobile_app
4434,821,2025-01-05,paid_ads,mobile_web
4435,144,2025-01-03,paid_ads,desktop
4436,760,2025-05-19,social,mobile_app
4437,601,2025-04-12,social,mobile_app
4438,130,2025-05-14,direct,mobile_app
4439,876,2025-02-17,organic,mobile_web
4440,44,2025-06-22,organic,mobile_web
4441,1044,2025-03-16,organic,mobile_web
4442,155,2025-04-14,organic,mobile_app
4443,294,2025-01-05,organic,mobile_web
4444,1001,2025-04-13,organic,mobile_web
4445,323,2025-05-31,social,mobile_app
4446,487,2025-05-27,direct,mobile_app
4447,198,2025-05-01,paid_ads,mobile_web
4448,344,2025-05-13,paid_ads,mobile_app
4449,1,2025-03-13,social,mobile_app
4450,125,2025-01-09,social,mobile_app
4451,661,2025-05-25,organic,desktop
4452,342,2025-04-11,direct,mobile_app
4453,376,2025-01-12,organic,mobile_web
4454,453,2025-03-20,paid_ads,mobile_app
4455,145,2025-03-25,social,mobile_app
4456,920,2025-02-09,social,mobile_app
4457,577,2025-02-27,email,mobile_app
4458,722,2025-05-19,organic,mobile_web
4459,390,2025-02-26,organic,desktop
4460,653,2025-02-27,direct,desktop
4461,762,2025-03-04,social,mobile_app
4462,804,2025-02-16,social,mobile_web
4463,1021,2025-01-06,social,mobile_app
4464,818,2025-04-02,email,mobile_app
4465,1072,2025-01-19,paid_ads,mobile_app
4466,952,2025-02-17,paid_ads,mobile_web
4467,60,2025-03-20,paid_ads,desktop
4468,1049,2025-04-06,email,mobile_web
4469,25,2025-02-17,organic,mobile_app
4470,427,2025-01-25,organic,mobile_app
4471,876,2025-03-01,paid_ads,mobile_app
4472,563,2025-03-14,organic,mobile_app
4473,148,2025-01-18,social,mobile_app
4474,15,2025-05-25,email,mobile_app
4475,1078,2025-06-15,organic,mobile_app
4476,439,2025-05-04,direct,desktop
4477,721,2025-03-23,paid_ads,mobile_web
4478,624,2025-01-22,direct,desktop
4479,1174,2025-02-27,email,mobile_app
4480,888,2025-02-08,organic,mobile_web
4481,351,2025-01-07,email,mobile_app
4482,59,2025-05-18,email,desktop
4483,277,2025-02-11,email,mobile_app
4484,109,2025-04-11,organic,desktop
4485,472,2025-04-06,paid_ads,mobile_app
4486,949,2025-05-08,social,mobile_app
4487,116,2025-02-28,email,mobile_app
4488,1016,2025-03-07,paid_ads,desktop
4489,1126,2025-05-15,direct,mobile_web
4490,600,2025-03-26,paid_ads,mobile_app
4491,864,2025-03-02,direct,mobile_app
4492,440,2025-05-15,paid_ads,desktop
4493,1007,2025-03-15,direct,mobile_app
4494,1034,2025-05-22,direct,mobile_web
4495,484,2025-02-16,paid_ads,mobile_web
4496,1087,2025-01-03,direct,mobile_web
4497,361,2025-04-14,paid_ads,desktop
4498,1028,2025-01-30,paid_ads,mobile_app
4499,958,2025-04-07,organic,mobile_app
4500,766,2025-05-23,email,mobile_app
4501,106,2025-06-15,social,mobile_app
4502,14,2025-02-05,paid_ads,mobile_app
4503,554,2025-03-11,organic,mobile_web
4504,961,2025-05-11,email,mobile_app
4505,305,2025-01-30,organic,mobile_app
4506,866,2025-01-28,organic,mobile_app
4507,107,2025-02-28,social,mobile_app
4508,1071,2025-03-28,social,mobile_web
4509,1172,2025-03-29,organic,mobile_app
4510,507,2025-03-05,social,mobile_app
4511,943,2025-05-01,social,mobile_app
4512,781,2025-05-20,email,mobile_app
4513,563,2025-05-08,paid_ads,mobile_app
4514,693,2025-06-21,email,mobile_app
4515,494,2025-06-06,paid_ads,mobile_app
4516,1028,2025-01-31,paid_ads,mobile_app
4517,305,2025-03-25,paid_ads,mobile_app
4518,809,2025-05-21,organic,mobile_web
4519,440,2025-04-13,paid_ads,desktop
4520,1141,2025-01-16,organic,mobile_app
4521,1146,2025-06-10,organic,mobile_web
4522,429,2025-06-12,direct,mobile_app
4523,845,2025-03-09,social,desktop
4524,163,2025-03-31,direct,mobile_app
4525,959,2025-01-24,social,mobile_app
4526,505,2025-02-09,organic,mobile_web
4527,1016,2025-05-15,paid_ads,mobile_app
4528,937,2025-01-05,direct,mobile_app
4529,442,2025-03-19,paid_ads,mobile_app
4530,1084,2025-05-17,email,mobile_app
4531,216,2025-01-02,direct,mobile_app
4532,959,2025-02-03,social,mobile_web
4533,1139,2025-03-12,organic,mobile_web
4534,164,2025-02-07,organic,mobile_web
4535,230,2025-03-06,organic,mobile_app
4536,860,2025-01-21,social,desktop
4537,754,2025-03-26,direct,mobile_web
4538,275,2025-02-09,direct,mobile_app
4539,408,2025-02-04,organic,mobile_app
4540,929,2025-05-06,paid_ads,desktop
4541,642,2025-01-29,social,mobile_app
4542,665,2025-03-08,social,mobile_app
4543,754,2025-05-24,email,mobile_app
4544,48,2025-06-16,email,desktop
4545,638,2025-03-26,paid_ads,mobile_app
4546,1055,2025-02-20,organic,mobile_app
4547,991,2025-04-21,paid_ads,mobile_app
4548,772,2025-06-21,paid_ads,mobile_app
4549,825,2025-05-14,email,desktop
4550,69,2025-06-01,paid_ads,desktop
4551,1005,2025-06-28,organic,mobile_web
4552,345,2025-06-14,direct,mobile_app
4553,277,2025-04-27,paid_ads,mobile_app
4554,680,2025-02-06,paid_ads,mobile_web
4555,596,2025-04-24,email,mobile_app
4556,251,2025-01-29,organic,mobile_app
4557,915,2025-04-06,email,desktop
4558,292,2025-03-08,organic,mobile_app
4559,1124,2025-06-11,paid_ads,desktop
4560,739,2025-01-03,organic,mobile_app
4561,602,2025-02-14,direct,mobile_app
4562,459,2025-06-20,organic,mobile_app
4563,339,2025-04-08,organic,mobile_web
4564,465,2025-02-06,direct,mobile_web
4565,538,2025-06-29,organic,mobile_app
4566,779,2025-05-30,social,mobile_web
4567,9,2025-06-11,paid_ads,mobile_app
4568,412,2025-06-07,email,mobile_app
4569,349,2025-01-04,social,mobile_web
4570,539,2025-02-01,social,desktop
4571,1192,2025-02-17,organic,desktop
4572,820,2025-02-13,social,mobile_web
4573,412,2025-05-25,social,mobile_web
4574,590,2025-05-24,email,mobile_app
4575,899,2025-02-17,organic,mobile_app
4576,444,2025-03-09,paid_ads,mobile_app
4577,609,2025-02-18,paid_ads,mobile_app
4578,550,2025-01-20,organic,mobile_web
4579,711,2025-02-11,social,mobile_web
4580,285,2025-02-26,social,desktop
4581,1067,2025-01-05,social,mobile_app
4582,1088,2025-04-15,organic,desktop
4583,53,2025-02-20,organic,mobile_app
4584,285,2025-04-14,email,mobile_app
4585,92,2025-03-22,email,desktop
4586,404,2025-01-05,direct,mobile_app
4587,774,2025-04-04,organic,mobile_app
4588,690,2025-03-28,paid_ads,mobile_app
4589,857,2025-01-06,organic,mobile_app
4590,1033,2025-06-16,social,desktop
4591,1142,2025-03-22,organic,mobile_web
4592,887,2025-01-13,social,mobile_web
4593,823,2025-03-30,organic,mobile_app
4594,697,2025-06-10,email,mobile_app
4595,48,2025-05-15,paid_ads,desktop
4596,1135,2025-01-14,paid_ads,mobile_web
4597,371,2025-01-13,email,mobile_app
4598,1139,2025-05-06,paid_ads,mobile_app
4599,733,2025-04-16,paid_ads,mobile_app
4600,1188,2025-03-22,email,mobile_app
4601,704,2025-01-01,social,mobile_web
4602,965,2025-04-25,organic,desktop
4603,246,2025-05-19,social,desktop
4604,387,2025-02-14,paid_ads,mobile_app
4605,702,2025-01-19,social,mobile_app
4606,528,2025-02-08,organic,mobile_app
4607,210,2025-04-11,paid_ads,mobile_web
4608,218,2025-04-24,email,mobile_web
4609,425,2025-06-17,paid_ads,mobile_app
4610,1100,2025-03-24,social,mobile_web
4611,939,2025-05-26,paid_ads,mobile_app
4612,172,2025-02-17,paid_ads,mobile_web
4613,191,2025-02-13,organic,mobile_app
4614,1194,2025-01-27,social,mobile_app
4615,1163,2025-05-23,direct,mobile_web
4616,135,2025-04-29,direct,desktop
4617,996,2025-01-15,organic,mobile_app
4618,1032,2025-02-13,social,mobile_web
4619,583,2025-06-07,email,desktop
4620,141,2025-04-09,direct,mobile_app
4621,600,2025-04-10,direct,mobile_web
4622,1133,2025-05-01,email,mobile_app
4623,176,2025-03-01,organic,mobile_app
4624,1006,2025-02-09,social,mobile_web
4625,1120,2025-05-19,direct,mobile_app
4626,119,2025-05-17,direct,mobile_app
4627,27,2025-04-14,direct,mobile_app
4628,579,2025-03-30,paid_ads,mobile_app
4629,126,2025-02-02,paid_ads,mobile_web
4630,52,2025-05-18,direct,mobile_app
4631,11,2025-03-18,organic,desktop
4632,198,2025-05-03,organic,mobile_web
4633,1010,2025-06-24,organic,mobile_app
4634,241,2025-05-20,direct,mobile_app
4635,192,2025-04-02,organic,mobile_web
4636,1196,2025-03-11,email,mobile_web
4637,592,2025-05-03,email,mobile_app
4638,198,2025-05-31,organic,mobile_web
4639,467,2025-05-20,social,mobile_app
4640,630,2025-02-20,paid_ads,mobile_app
4641,546,2025-06-11,email,mobile_app
4642,760,2025-05-19,organic,mobile_app
4643,24,2025-01-23,paid_ads,mobile_web
4644,1119,2025-02-28,email,mobile_app
4645,713,2025-03-04,organic,mobile_web
4646,130,2025-04-14,email,mobile_web
4647,786,2025-06-09,organic,mobile_web
4648,15,2025-05-27,paid_ads,mobile_web
4649,132,2025-04-13,email,mobile_web
4650,239,2025-05-20,organic,mobile_web
4651,37,2025-03-05,organic,mobile_web
4652,773,2025-04-27,paid_ads,mobile_web
4653,798,2025-04-15,organic,mobile_app
4654,191,2025-06-11,organic,mobile_web
4655,522,2025-04-03,social,mobile_app
4656,1074,2025-05-16,paid_ads,desktop
4657,1043,2025-06-03,organic,mobile_web
4658,945,2025-05-10,paid_ads,mobile_web
4659,1167,2025-05-17,paid_ads,desktop
4660,470,2025-01-15,organic,mobile_app
4661,539,2025-06-21,email,mobile_web
4662,747,2025-06-22,direct,mobile_app
4663,472,2025-06-20,organic,mobile_app
4664,100,2025-05-19,paid_ads,desktop
4665,656,2025-06-04,email,desktop
4666,526,2025-03-05,email,mobile_web
4667,469,2025-01-14,direct,mobile_app
4668,1019,2025-01-01,social,desktop
4669,1092,2025-01-10,organic,mobile_app
4670,335,2025-06-13,organic,desktop
4671,54,2025-03-09,paid_ads,mobile_app
4672,415,2025-02-01,social,mobile_app
4673,984,2025-04-18,paid_ads,mobile_app
4674,1012,2025-02-13,social,mobile_app
4675,132,2025-01-30,direct,mobile_app
4676,466,2025-01-24,paid_ads,mobile_web
4677,758,2025-02-13,social,mobile_app
4678,733,2025-03-24,email,mobile_web
4679,1147,2025-05-13,email,mobile_web
4680,24,2025-06-27,paid_ads,mobile_web
4681,161,2025-04-10,direct,mobile_app
4682,994,2025-02-24,direct,mobile_app
4683,417,2025-06-22,direct,mobile_app
4684,1116,2025-03-08,organic,desktop
4685,901,2025-01-05,social,mobile_web
4686,3,2025-06-18,direct,mobile_app
4687,86,2025-03-19,direct,mobile_web
4688,269,2025-01-01,social,mobile_app
4689,571,2025-04-29,direct,mobile_web
4690,262,2025-03-09,paid_ads,mobile_app
4691,594,2025-03-26,organic,desktop
4692,703,2025-06-15,social,mobile_web
4693,365,2025-01-09,direct,mobile_app
4694,574,2025-03-16,direct,mobile_web
4695,329,2025-06-25,organic,mobile_app
4696,1095,2025-04-25,paid_ads,mobile_app
4697,1025,2025-04-21,paid_ads,mobile_app
4698,288,2025-05-12,paid_ads,mobile_app
4699,18,2025-04-05,social,mobile_app
4700,699,2025-02-08,paid_ads,mobile_app
4701,593,2025-03-24,social,mobile_app
4702,500,2025-05-23,paid_ads,mobile_web
4703,1186,2025-04-29,social,mobile_app
4704,1098,2025-04-02,organic,mobile_app
4705,1197,2025-04-19,organic,mobile_app
4706,85,2025-04-04,organic,mobile_app
4707,851,2025-01-17,organic,mobile_web
4708,1044,2025-04-27,organic,mobile_app
4709,884,2025-01-28,organic,mobile_app
4710,389,2025-03-24,paid_ads,mobile_app
4711,215,2025-06-29,direct,mobile_app
4712,1003,2025-04-24,organic,mobile_app
4713,1014,2025-04-20,organic,mobile_web
4714,1152,2025-03-22,organic,mobile_app
4715,1019,2025-04-12,organic,mobile_web
4716,23,2025-05-25,paid_ads,mobile_app
4717,402,2025-05-11,organic,mobile_app
4718,211,2025-03-24,paid_ads,mobile_web
4719,1111,2025-02-25,organic,mobile_app
4720,1077,2025-02-02,social,desktop
4721,262,2025-02-25,email,desktop
4722,1017,2025-04-01,organic,mobile_app
4723,738,2025-02-01,paid_ads,mobile_app
4724,386,2025-01-19,direct,mobile_app
4725,994,2025-06-18,direct,mobile_app
4726,1095,2025-01-26,direct,mobile_web
4727,980,2025-04-06,social,mobile_app
4728,835,2025-03-31,paid_ads,mobile_web
4729,862,2025-02-22,email,mobile_app
4730,267,2025-03-12,social,mobile_app
4731,573,2025-02-15,direct,desktop
4732,437,2025-04-18,email,mobile_app
4733,840,2025-04-15,organic,mobile_app
4734,127,2025-05-27,direct,desktop
4735,821,2025-01-18,paid_ads,mobile_app
4736,858,2025-06-18,paid_ads,mobile_web
4737,210,2025-04-14,paid_ads,mobile_app
4738,805,2025-04-03,organic,mobile_app
4739,689,2025-03-02,social,desktop
4740,1192,2025-03-04,social,mobile_app
4741,894,2025-04-24,organic,mobile_app
4742,812,2025-05-02,organic,mobile_app
4743,366,2025-04-28,email,mobile_app
4744,231,2025-03-12,organic,mobile_app
4745,769,2025-06-03,organic,mobile_app
4746,3,2025-02-27,organic,mobile_app
4747,1112,2025-02-06,social,mobile_app
4748,830,2025-06-01,organic,mobile_app
4749,96,2025-01-05,social,mobile_web
4750,887,2025-02-03,social,desktop
4751,74,2025-05-18,direct,desktop
4752,465,2025-05-13,organic,desktop
4753,624,2025-06-21,paid_ads,mobile_app
4754,478,2025-01-19,paid_ads,desktop
4755,374,2025-06-22,organic,desktop
4756,574,2025-04-01,organic,desktop
4757,786,2025-06-06,organic,mobile_web
4758,50,2025-02-05,social,desktop
4759,477,2025-01-16,paid_ads,mobile_app
4760,447,2025-01-29,email,desktop
4761,872,2025-01-21,paid_ads,desktop
4762,286,2025-04-04,email,desktop
4763,737,2025-02-05,email,mobile_app
4764,82,2025-01-16,direct,mobile_app
4765,65,2025-04-05,paid_ads,mobile_web
4766,252,2025-03-06,social,desktop
4767,1186,2025-06-18,email,mobile_web
4768,1176,2025-06-01,paid_ads,mobile_app
4769,285,2025-01-25,paid_ads,desktop
4770,613,2025-01-10,paid_ads,mobile_app
4771,332,2025-03-24,paid_ads,mobile_app
4772,232,2025-03-27,social,mobile_app
4773,399,2025-02-03,organic,mobile_app
4774,505,2025-02-16,organic,mobile_app
4775,1168,2025-03-09,social,desktop
4776,248,2025-01-05,paid_ads,mobile_app
4777,327,2025-05-20,paid_ads,mobile_web
4778,676,2025-03-25,organic,mobile_app
4779,158,2025-04-09,organic,mobile_app
4780,890,2025-05-01,organic,mobile_web
4781,664,2025-05-26,email,mobile_web
4782,454,2025-02-26,social,mobile_app
4783,14,2025-06-16,organic,mobile_web
4784,1079,2025-01-01,social,mobile_app
4785,990,2025-02-06,social,mobile_app
4786,685,2025-03-21,paid_ads,mobile_app
4787,405,2025-03-23,paid_ads,mobile_web
4788,108,2025-03-24,direct,mobile_web
4789,656,2025-04-26,email,mobile_app
4790,731,2025-05-26,paid_ads,mobile_app
4791,809,2025-02-04,social,desktop
4792,292,2025-04-30,paid_ads,desktop
4793,578,2025-05-09,direct,desktop
4794,1,2025-02-15,direct,mobile_app
4795,1158,2025-06-05,paid_ads,desktop
4796,348,2025-02-06,email,mobile_app
4797,726,2025-06-20,social,mobile_app
4798,246,2025-06-27,organic,mobile_app
4799,116,2025-03-10,paid_ads,mobile_app
4800,959,2025-03-05,paid_ads,mobile_app
4801,983,2025-06-09,direct,desktop
4802,410,2025-05-14,social,desktop
4803,474,2025-05-28,email,mobile_web
4804,420,2025-04-11,organic,desktop
4805,641,2025-01-05,paid_ads,mobile_web
4806,744,2025-06-18,direct,mobile_app
4807,512,2025-05-05,email,mobile_app
4808,935,2025-05-11,social,mobile_app
4809,175,2025-04-15,social,mobile_app
4810,522,2025-03-08,organic,mobile_app
4811,1144,2025-04-08,email,mobile_app
4812,1084,2025-02-06,social,mobile_app
4813,1171,2025-06-11,social,mobile_app
4814,247,2025-05-14,social,mobile_web
4815,1194,2025-05-06,paid_ads,mobile_web
4816,122,2025-05-14,paid_ads,desktop
4817,880,2025-02-25,direct,mobile_web
4818,859,2025-04-06,email,mobile_app
4819,942,2025-02-20,direct,mobile_web
4820,990,2025-06-08,paid_ads,mobile_web
4821,906,2025-03-28,organic,desktop
4822,218,2025-02-18,paid_ads,desktop
4823,348,2025-01-07,paid_ads,mobile_app
4824,544,2025-01-20,social,mobile_app
4825,241,2025-05-04,organic,mobile_app
4826,35,2025-05-06,email,desktop
4827,120,2025-05-24,social,mobile_web
4828,642,2025-03-13,paid_ads,mobile_app
4829,14,2025-06-08,direct,mobile_app
4830,47,2025-02-21,social,mobile_app
4831,343,2025-03-26,direct,mobile_web
4832,1150,2025-02-07,paid_ads,mobile_app
4833,486,2025-01-27,email,mobile_app
4834,704,2025-02-15,direct,desktop
4835,192,2025-02-14,organic,desktop
4836,876,2025-01-14,organic,mobile_app
4837,631,2025-02-09,social,mobile_app
4838,838,2025-06-29,email,mobile_app
4839,548,2025-03-19,organic,desktop
4840,125,2025-01-02,social,mobile_app
4841,1160,2025-01-07,organic,mobile_app
4842,760,2025-03-07,paid_ads,mobile_app
4843,748,2025-01-26,direct,mobile_app
4844,1156,2025-06-25,organic,mobile_web
4845,459,2025-06-04,paid_ads,mobile_web
4846,17,2025-01-08,organic,mobile_app
4847,36,2025-01-14,organic,mobile_web
4848,1055,2025-04-17,paid_ads,mobile_app
4849,67,2025-01-15,direct,mobile_app
4850,694,2025-04-29,organic,desktop
4851,526,2025-05-05,social,mobile_web
4852,694,2025-02-26,email,desktop
4853,732,2025-06-18,organic,mobile_app
4854,254,2025-06-07,social,mobile_web
4855,989,2025-05-11,paid_ads,mobile_web
4856,184,2025-03-14,paid_ads,mobile_web
4857,682,2025-01-15,organic,desktop
4858,216,2025-02-10,paid_ads,mobile_app
4859,151,2025-04-02,direct,desktop
4860,43,2025-03-23,direct,desktop
4861,843,2025-05-27,paid_ads,mobile_web
4862,1143,2025-01-31,organic,mobile_web
4863,536,2025-06-01,organic,mobile_app
4864,1104,2025-06-18,organic,desktop
4865,710,2025-06-08,paid_ads,mobile_web
4866,263,2025-03-05,organic,mobile_web
4867,984,2025-01-22,organic,mobile_app
4868,1162,2025-04-21,paid_ads,mobile_web
4869,891,2025-02-07,paid_ads,mobile_app
4870,476,2025-05-01,organic,mobile_web
4871,364,2025-03-01,paid_ads,desktop
4872,777,2025-02-28,social,mobile_app
4873,792,2025-01-09,direct,mobile_app
4874,1027,2025-04-13,paid_ads,mobile_app
4875,957,2025-05-08,paid_ads,desktop
4876,1066,2025-01-21,paid_ads,mobile_app
4877,1122,2025-03-11,social,mobile_app
4878,659,2025-03-08,social,mobile_web
4879,459,2025-03-24,organic,mobile_app
4880,605,2025-05-04,paid_ads,mobile_app
4881,659,2025-03-13,organic,desktop
4882,969,2025-01-29,social,mobile_app
4883,496,2025-02-05,paid_ads,mobile_app
4884,265,2025-04-22,direct,mobile_app
4885,1128,2025-04-05,organic,mobile_app
4886,507,2025-02-09,direct,mobile_app
4887,192,2025-04-21,paid_ads,mobile_app
4888,960,2025-01-23,organic,mobile_app
4889,455,2025-04-28,direct,mobile_app
4890,389,2025-04-27,paid_ads,mobile_app
4891,73,2025-06-27,paid_ads,desktop
4892,678,2025-05-11,organic,mobile_web
4893,346,2025-01-13,paid_ads,mobile_app
4894,724,2025-06-16,email,desktop
4895,524,2025-03-02,paid_ads,mobile_web
4896,617,2025-06-14,paid_ads,mobile_app
4897,274,2025-05-04,paid_ads,mobile_app
4898,540,2025-05-06,paid_ads,desktop
4899,1132,2025-04-05,social,mobile_app
4900,1145,2025-05-08,organic,mobile_web
4901,1184,2025-03-02,organic,mobile_app
4902,786,2025-04-13,social,desktop
4903,573,2025-03-02,social,mobile_app
4904,985,2025-03-21,social,mobile_web
4905,592,2025-03-24,social,mobile_app
4906,557,2025-05-12,email,mobile_app
4907,771,2025-06-29,paid_ads,mobile_app
4908,1182,2025-02-09,organic,mobile_web
4909,606,2025-05-10,paid_ads,mobile_app
4910,278,2025-01-25,organic,mobile_app
4911,937,2025-01-05,paid_ads,mobile_app
4912,734,2025-01-21,direct,mobile_web
4913,740,2025-02-20,paid_ads,mobile_app
4914,1110,2025-01-18,paid_ads,mobile_app
4915,52,2025-01-29,paid_ads,mobile_web
4916,884,2025-06-15,organic,mobile_app
4917,809,2025-06-27,organic,mobile_app
4918,301,2025-01-03,paid_ads,mobile_app
4919,1044,2025-02-24,email,desktop
4920,1188,2025-06-16,email,mobile_app
4921,600,2025-05-10,paid_ads,mobile_web
4922,607,2025-03-26,social,mobile_web
4923,1061,2025-04-26,organic,mobile_app
4924,976,2025-03-08,email,mobile_app
4925,894,2025-04-08,organic,mobile_web
4926,629,2025-02-03,email,mobile_app
4927,53,2025-02-13,organic,mobile_web
4928,24,2025-01-15,organic,mobile_app
4929,435,2025-01-14,email,mobile_web
4930,252,2025-01-06,paid_ads,mobile_web
4931,1196,2025-06-26,organic,mobile_web
4932,558,2025-06-16,direct,mobile_app
4933,237,2025-04-08,organic,mobile_web
4934,377,2025-04-20,paid_ads,mobile_app
4935,430,2025-01-14,paid_ads,mobile_web
4936,948,2025-06-22,direct,mobile_app
4937,1139,2025-03-05,paid_ads,mobile_web
4938,58,2025-03-23,direct,mobile_app
4939,202,2025-06-24,direct,mobile_web
4940,442,2025-02-07,email,mobile_app
4941,192,2025-01-11,email,desktop
4942,452,2025-06-06,paid_ads,desktop
4943,454,2025-04-13,organic,mobile_app
4944,346,2025-04-26,paid_ads,desktop
4945,124,2025-06-27,direct,mobile_web
4946,12,2025-01-21,paid_ads,mobile_web
4947,112,2025-05-28,social,desktop
4948,673,2025-03-18,paid_ads,mobile_app
4949,880,2025-01-27,paid_ads,mobile_web
4950,257,2025-03-21,email,mobile_app
4951,32,2025-02-15,organic,mobile_app
4952,242,2025-03-13,direct,mobile_app
4953,927,2025-05-27,email,mobile_web
4954,85,2025-01-10,email,mobile_app
4955,259,2025-06-05,social,mobile_web
4956,415,2025-02-16,organic,mobile_app
4957,254,2025-04-18,social,desktop
4958,1179,2025-03-21,social,mobile_app
4959,1032,2025-06-18,organic,mobile_app
4960,395,2025-01-29,paid_ads,mobile_app
4961,215,2025-04-28,direct,desktop
4962,857,2025-06-20,paid_ads,desktop
4963,215,2025-06-28,paid_ads,mobile_web
4964,753,2025-04-27,organic,mobile_app
4965,510,2025-03-12,social,desktop
4966,498,2025-05-07,direct,mobile_web
4967,749,2025-01-06,organic,mobile_app
4968,789,2025-06-21,organic,mobile_app
4969,138,2025-02-07,paid_ads,mobile_app
4970,445,2025-01-02,organic,mobile_app
4971,280,2025-02-20,social,mobile_app
4972,29,2025-03-23,paid_ads,mobile_web
4973,48,2025-01-23,direct,mobile_web
4974,1060,2025-03-02,organic,mobile_app
4975,875,2025-05-01,direct,mobile_app
4976,1165,2025-04-07,email,mobile_app
4977,636,2025-03-22,social,mobile_app
4978,952,2025-06-22,paid_ads,mobile_web
4979,565,2025-01-31,email,mobile_app
4980,1095,2025-02-12,direct,mobile_web
4981,968,2025-03-10,social,mobile_app
4982,675,2025-05-07,social,mobile_web
4983,513,2025-01-08,social,mobile_app
4984,1196,2025-01-12,direct,mobile_app
4985,775,2025-01-12,paid_ads,mobile_web
4986,392,2025-01-03,direct,mobile_app
4987,547,2025-06-02,social,mobile_app
4988,513,2025-02-04,organic,mobile_app
4989,1042,2025-05-20,paid_ads,mobile_web
4990,886,2025-06-11,organic,mobile_web
4991,514,2025-03-20,organic,mobile_app
4992,1038,2025-06-13,email,mobile_app
4993,1030,2025-06-17,organic,mobile_app
4994,1156,2025-01-19,paid_ads,desktop
4995,419,2025-05-20,organic,desktop
4996,613,2025-06-26,direct,mobile_app
4997,580,2025-04-10,organic,mobile_app
4998,804,2025-01-15,organic,mobile_web
4999,213,2025-06-15,organic,mobile_app
5000,704,2025-03-22,direct,mobile_web
5001,981,2025-01-05,organic,desktop
5002,285,2025-05-31,paid_ads,desktop
5003,365,2025-03-07,organic,desktop
5004,860,2025-05-23,direct,desktop
5005,408,2025-05-18,email,mobile_web
5006,1009,2025-03-02,organic,mobile_web
5007,370,2025-01-02,paid_ads,mobile_app
5008,718,2025-06-25,direct,mobile_app
5009,50,2025-05-03,organic,mobile_app
5010,440,2025-06-29,organic,mobile_app
5011,85,2025-04-20,organic,mobile_app
5012,1008,2025-06-22,social,mobile_app
5013,418,2025-01-25,paid_ads,mobile_web
5014,385,2025-05-07,organic,desktop
5015,286,2025-06-09,social,mobile_app
5016,1098,2025-01-23,email,mobile_app
5017,755,2025-05-26,paid_ads,mobile_web
5018,568,2025-01-02,paid_ads,mobile_web
5019,771,2025-05-03,social,mobile_app
5020,445,2025-05-01,email,mobile_app
5021,988,2025-02-25,organic,mobile_app
5022,391,2025-04-07,social,mobile_app
5023,330,2025-01-13,organic,mobile_web
5024,159,2025-03-11,paid_ads,mobile_app
5025,1067,2025-06-03,paid_ads,mobile_app
5026,1105,2025-05-01,social,mobile_web
5027,777,2025-05-01,organic,desktop
5028,1053,2025-03-13,social,desktop
5029,755,2025-03-29,paid_ads,mobile_app
5030,374,2025-03-29,email,desktop
5031,324,2025-05-21,direct,mobile_web
5032,193,2025-05-17,direct,desktop
5033,119,2025-02-16,email,mobile_app
5034,681,2025-02-18,direct,mobile_app
5035,486,2025-05-31,organic,mobile_web
5036,298,2025-01-16,social,desktop
5037,782,2025-02-22,email,mobile_app
5038,402,2025-05-08,organic,mobile_web
5039,306,2025-06-28,email,mobile_app
5040,752,2025-01-25,social,mobile_web
5041,929,2025-03-16,direct,mobile_app
5042,515,2025-03-28,email,mobile_app
5043,191,2025-03-17,social,desktop
5044,148,2025-03-20,organic,mobile_app
5045,1012,2025-05-23,paid_ads,mobile_app
5046,1099,2025-02-16,direct,mobile_app
5047,418,2025-04-08,organic,mobile_app
5048,336,2025-06-07,organic,mobile_app
5049,25,2025-05-01,direct,mobile_web
5050,115,2025-05-16,paid_ads,mobile_app
5051,288,2025-06-20,direct,mobile_app
5052,112,2025-05-14,email,mobile_app
5053,1135,2025-01-16,direct,mobile_app
5054,470,2025-06-07,paid_ads,mobile_app
5055,8,2025-04-07,social,mobile_app
5056,203,2025-02-04,organic,mobile_app
5057,364,2025-04-02,organic,mobile_web
5058,857,2025-01-22,paid_ads,mobile_app
5059,147,2025-01-25,direct,mobile_web
5060,178,2025-02-08,paid_ads,mobile_app
5061,419,2025-05-14,organic,mobile_app
5062,318,2025-01-27,direct,mobile_app
5063,1106,2025-04-07,paid_ads,mobile_app
5064,344,2025-05-12,organic,mobile_app
5065,1180,2025-05-06,email,mobile_app
5066,117,2025-04-09,social,mobile_app
5067,478,2025-05-26,email,mobile_app
5068,103,2025-02-08,organic,desktop
5069,787,2025-03-15,paid_ads,mobile_web
5070,417,2025-06-07,organic,mobile_web
5071,19,2025-05-27,organic,mobile_app
5072,1127,2025-05-20,organic,mobile_app
5073,647,2025-05-02,social,mobile_web
5074,272,2025-05-24,paid_ads,mobile_app
5075,444,2025-06-19,direct,mobile_app
5076,1129,2025-02-08,email,desktop
5077,1056,2025-05-16,organic,mobile_web
5078,902,2025-06-13,organic,desktop
5079,1038,2025-03-17,paid_ads,mobile_app
5080,26,2025-05-02,social,mobile_app
5081,1192,2025-01-31,organic,mobile_web
5082,813,2025-05-24,social,desktop
5083,1076,2025-03-08,paid_ads,mobile_web
5084,341,2025-01-29,organic,desktop
5085,571,2025-04-21,paid_ads,mobile_app
5086,632,2025-06-08,organic,mobile_web
5087,653,2025-02-06,email,mobile_app
5088,946,2025-06-18,social,desktop
5089,937,2025-05-29,email,desktop
5090,379,2025-06-16,social,mobile_app
5091,843,2025-06-04,paid_ads,mobile_app
5092,915,2025-05-21,paid_ads,mobile_web
5093,295,2025-06-01,paid_ads,mobile_web
5094,386,2025-06-11,organic,mobile_app
5095,893,2025-06-24,organic,mobile_app
5096,1042,2025-01-23,organic,mobile_web
5097,95,2025-03-25,direct,mobile_web
5098,924,2025-05-02,organic,mobile_app
5099,835,2025-03-12,email,mobile_app
5100,735,2025-02-09,direct,mobile_app
5101,108,2025-04-10,organic,mobile_web
5102,383,2025-03-31,direct,mobile_app
5103,11,2025-05-29,email,mobile_web
5104,993,2025-05-19,social,mobile_app
5105,594,2025-04-06,organic,mobile_app
5106,741,2025-05-30,social,mobile_app
5107,199,2025-03-20,social,mobile_app
5108,93,2025-03-06,organic,desktop
5109,1114,2025-04-06,paid_ads,desktop
5110,280,2025-04-19,social,desktop
5111,1089,2025-05-19,organic,desktop
5112,726,2025-03-17,organic,mobile_app
5113,100,2025-04-15,paid_ads,mobile_app
5114,521,2025-03-14,paid_ads,mobile_app
5115,1193,2025-04-20,paid_ads,mobile_app
5116,64,2025-02-03,paid_ads,mobile_app
5117,1058,2025-06-16,direct,mobile_app
5118,1197,2025-06-06,direct,desktop
5119,763,2025-04-17,organic,desktop
5120,346,2025-03-04,organic,mobile_app
5121,419,2025-01-17,organic,desktop
5122,349,2025-01-14,paid_ads,mobile_app
5123,169,2025-03-05,social,desktop
5124,948,2025-04-16,organic,mobile_web
5125,222,2025-03-03,organic,mobile_app
5126,891,2025-02-16,email,mobile_app
5127,78,2025-06-17,email,desktop
5128,651,2025-01-23,email,mobile_web
5129,1131,2025-03-10,social,mobile_web
5130,260,2025-02-21,organic,desktop
5131,1135,2025-04-26,social,mobile_app
5132,621,2025-04-08,paid_ads,desktop
5133,731,2025-06-20,direct,mobile_app
5134,733,2025-03-18,paid_ads,desktop
5135,777,2025-04-23,organic,mobile_app
5136,122,2025-03-23,organic,desktop
5137,720,2025-06-13,organic,mobile_web
5138,839,2025-03-17,paid_ads,mobile_app
5139,839,2025-05-13,paid_ads,mobile_app
5140,66,2025-04-20,organic,mobile_app
5141,384,2025-05-10,email,mobile_app
5142,554,2025-03-03,social,mobile_app
5143,1086,2025-01-14,email,mobile_app
5144,1175,2025-06-09,organic,mobile_web
5145,195,2025-04-18,organic,mobile_app
5146,664,2025-06-08,paid_ads,mobile_app
5147,900,2025-03-07,paid_ads,mobile_web
5148,588,2025-01-12,social,mobile_app
5149,949,2025-04-12,organic,mobile_app
5150,967,2025-05-28,social,mobile_app
5151,505,2025-01-27,paid_ads,desktop
5152,250,2025-02-21,organic,mobile_web
5153,1011,2025-01-31,paid_ads,mobile_app
5154,130,2025-06-29,organic,desktop
5155,610,2025-06-28,paid_ads,mobile_app
5156,322,2025-04-22,organic,mobile_app
5157,842,2025-01-18,paid_ads,mobile_web
5158,288,2025-03-25,email,desktop
5159,1059,2025-06-09,direct,mobile_web
5160,237,2025-05-21,organic,mobile_web
5161,1022,2025-05-04,email,mobile_app
5162,416,2025-04-17,social,mobile_app
5163,956,2025-03-16,organic,mobile_web
5164,997,2025-03-09,social,desktop
5165,463,2025-01-19,paid_ads,mobile_app
5166,245,2025-01-24,direct,desktop
5167,1042,2025-04-13,organic,mobile_app
5168,730,2025-05-20,social,mobile_web
5169,334,2025-06-13,social,mobile_app
5170,267,2025-06-18,direct,desktop
5171,513,2025-06-02,email,mobile_web
5172,849,2025-01-01,social,mobile_web
5173,521,2025-03-29,paid_ads,mobile_app
5174,547,2025-05-17,organic,mobile_web
5175,237,2025-01-05,email,mobile_web
5176,170,2025-06-17,organic,mobile_web
5177,274,2025-01-07,email,mobile_app
5178,995,2025-06-07,email,mobile_app
5179,113,2025-04-11,organic,mobile_app
5180,413,2025-01-29,paid_ads,mobile_app
5181,545,2025-03-23,organic,mobile_web
5182,286,2025-01-07,paid_ads,mobile_app
5183,768,2025-06-15,social,desktop
5184,313,2025-03-09,paid_ads,desktop
5185,722,2025-05-02,email,mobile_web
5186,35,2025-06-27,direct,mobile_web
5187,69,2025-02-02,organic,mobile_app
5188,1067,2025-02-09,email,mobile_app
5189,970,2025-06-17,email,mobile_app
5190,655,2025-01-13,email,mobile_web
5191,797,2025-05-18,direct,mobile_app
5192,148,2025-03-31,direct,mobile_web
5193,572,2025-04-27,social,mobile_app
5194,221,2025-03-06,email,mobile_app
5195,414,2025-01-29,social,mobile_web
5196,136,2025-02-01,direct,mobile_app
5197,48,2025-05-15,paid_ads,mobile_app
5198,359,2025-02-21,social,mobile_web
5199,128,2025-03-30,social,mobile_app
5200,969,2025-06-01,paid_ads,mobile_web
5201,411,2025-05-04,organic,mobile_web
5202,933,2025-06-22,email,mobile_app
5203,274,2025-03-29,email,mobile_app
5204,714,2025-04-30,direct,mobile_app
5205,316,2025-06-15,paid_ads,mobile_app
5206,574,2025-04-05,organic,desktop
5207,990,2025-03-09,organic,mobile_app
5208,466,2025-06-13,organic,mobile_app
5209,546,2025-06-03,organic,desktop
5210,240,2025-05-30,direct,desktop
5211,820,2025-06-04,social,mobile_web
5212,1033,2025-03-06,organic,mobile_app
5213,64,2025-06-03,organic,mobile_app
5214,624,2025-03-30,organic,mobile_web
5215,90,2025-01-21,paid_ads,desktop
5216,226,2025-04-29,direct,mobile_app
5217,402,2025-04-27,social,mobile_web
5218,906,2025-01-01,social,mobile_app
5219,1187,2025-01-29,social,mobile_app
5220,321,2025-04-02,social,desktop
5221,298,2025-04-08,direct,mobile_app
5222,918,2025-05-14,email,mobile_app
5223,157,2025-06-01,paid_ads,mobile_app
5224,829,2025-05-08,email,mobile_web
5225,10,2025-02-08,social,mobile_app
5226,948,2025-02-10,direct,mobile_web
5227,128,2025-04-22,social,mobile_web
5228,812,2025-04-19,email,mobile_app
5229,474,2025-06-16,social,desktop
5230,5,2025-02-22,paid_ads,mobile_web
5231,1182,2025-01-09,social,mobile_app
5232,1102,2025-06-22,organic,desktop
5233,1003,2025-06-11,paid_ads,mobile_app
5234,1163,2025-03-16,organic,mobile_app
5235,1063,2025-01-30,paid_ads,desktop
5236,361,2025-04-24,organic,desktop
5237,417,2025-02-15,direct,mobile_app
5238,682,2025-01-23,paid_ads,desktop
5239,588,2025-02-18,paid_ads,desktop
5240,56,2025-01-18,paid_ads,mobile_app
5241,249,2025-01-04,direct,mobile_app
5242,392,2025-01-02,paid_ads,mobile_app
5243,367,2025-01-12,organic,mobile_web
5244,476,2025-01-09,organic,mobile_app
5245,652,2025-03-22,organic,mobile_app
5246,556,2025-05-28,organic,desktop
5247,987,2025-05-28,email,mobile_app
5248,747,2025-04-04,paid_ads,mobile_app
5249,1065,2025-01-31,email,mobile_web
5250,72,2025-02-17,paid_ads,desktop
5251,174,2025-03-12,email,mobile_app
5252,411,2025-03-25,organic,mobile_web
5253,927,2025-02-01,paid_ads,desktop
5254,461,2025-04-12,social,mobile_app
5255,427,2025-06-26,social,mobile_web
5256,629,2025-04-29,organic,mobile_app
5257,465,2025-01-18,paid_ads,mobile_app
5258,231,2025-03-05,organic,mobile_app
5259,923,2025-04-08,organic,desktop
5260,254,2025-02-16,paid_ads,mobile_web
5261,497,2025-04-19,email,desktop
5262,299,2025-03-10,organic,mobile_app
5263,19,2025-06-10,direct,mobile_app
5264,1121,2025-05-29,social,mobile_app
5265,1069,2025-05-04,paid_ads,mobile_app
5266,668,2025-06-28,organic,desktop
5267,40,2025-03-16,social,mobile_app
5268,481,2025-03-29,email,mobile_app
5269,466,2025-04-24,social,desktop
5270,80,2025-06-25,direct,mobile_web
5271,707,2025-01-10,organic,mobile_app
5272,679,2025-06-06,direct,mobile_app
5273,742,2025-02-19,email,mobile_app
5274,922,2025-01-16,social,mobile_app
5275,989,2025-02-05,organic,mobile_web
5276,508,2025-02-16,email,mobile_app
5277,522,2025-06-05,paid_ads,mobile_web
5278,1130,2025-04-07,direct,mobile_app
5279,812,2025-03-08,organic,mobile_app
5280,31,2025-06-11,email,mobile_app
5281,205,2025-05-05,organic,mobile_web
5282,992,2025-04-07,paid_ads,desktop
5283,615,2025-05-17,organic,desktop
5284,77,2025-04-12,direct,mobile_web
5285,628,2025-06-08,organic,mobile_web
5286,427,2025-01-23,social,desktop
5287,287,2025-02-17,social,mobile_app
5288,84,2025-04-25,organic,mobile_web
5289,1190,2025-01-26,paid_ads,mobile_app
5290,129,2025-01-27,paid_ads,mobile_app
5291,222,2025-03-22,organic,mobile_web
5292,395,2025-04-06,organic,mobile_app
5293,665,2025-05-18,social,mobile_app
5294,128,2025-05-22,direct,mobile_app
5295,869,2025-06-09,organic,mobile_app
5296,963,2025-02-01,paid_ads,mobile_app
5297,489,2025-02-16,paid_ads,desktop
5298,987,2025-02-20,social,mobile_web
5299,1161,2025-05-06,organic,mobile_app
5300,166,2025-01-15,paid_ads,mobile_app
5301,49,2025-05-04,social,desktop
5302,899,2025-04-20,social,mobile_app
5303,394,2025-04-16,social,mobile_app
5304,709,2025-02-27,organic,mobile_app
5305,547,2025-06-01,paid_ads,mobile_web
5306,789,2025-01-29,paid_ads,mobile_web
5307,792,2025-03-10,social,mobile_app
5308,162,2025-04-02,organic,desktop
5309,713,2025-04-23,organic,mobile_app
5310,1152,2025-01-20,social,mobile_web
5311,997,2025-05-23,organic,mobile_app
5312,505,2025-01-14,organic,desktop
5313,66,2025-03-03,social,mobile_app
5314,147,2025-05-02,email,mobile_app
5315,307,2025-06-10,direct,desktop
5316,130,2025-02-26,social,mobile_web
5317,923,2025-02-15,paid_ads,mobile_app
5318,814,2025-03-22,organic,desktop
5319,1051,2025-03-03,paid_ads,mobile_app
5320,718,2025-06-02,organic,desktop
5321,993,2025-06-10,direct,mobile_app
5322,288,2025-04-25,organic,mobile_app
5323,404,2025-04-19,direct,mobile_app
5324,105,2025-02-26,paid_ads,mobile_app
5325,16,2025-05-25,organic,mobile_app
5326,518,2025-04-22,organic,desktop
5327,1057,2025-01-27,organic,mobile_app
5328,1126,2025-06-10,paid_ads,mobile_web
5329,234,2025-03-24,direct,mobile_web
5330,737,2025-05-12,social,mobile_app
5331,731,2025-06-07,email,mobile_app
5332,1161,2025-01-11,paid_ads,mobile_app
5333,569,2025-05-23,direct,desktop
5334,245,2025-06-12,paid_ads,mobile_app
5335,582,2025-04-01,email,mobile_web
5336,183,2025-04-15,email,desktop
5337,212,2025-06-28,direct,mobile_web
5338,66,2025-01-22,paid_ads,mobile_web
5339,109,2025-03-13,paid_ads,mobile_app
5340,1064,2025-04-30,email,desktop
5341,980,2025-04-17,email,mobile_web
5342,344,2025-05-15,paid_ads,mobile_app
5343,727,2025-06-10,social,mobile_web
5344,652,2025-01-18,organic,mobile_web
5345,972,2025-01-15,paid_ads,mobile_app
5346,112,2025-05-14,organic,mobile_web
5347,825,2025-02-03,paid_ads,desktop
5348,171,2025-05-29,email,mobile_app
5349,553,2025-01-14,email,mobile_app
5350,98,2025-02-10,direct,mobile_app
5351,425,2025-03-28,organic,desktop
5352,965,2025-05-29,paid_ads,mobile_app
5353,45,2025-06-05,direct,mobile_web
5354,1172,2025-03-24,direct,mobile_app
5355,531,2025-02-24,direct,mobile_web
5356,613,2025-06-06,paid_ads,desktop
5357,415,2025-05-18,paid_ads,mobile_app
5358,370,2025-03-02,direct,mobile_app
5359,676,2025-06-12,organic,mobile_web
5360,508,2025-01-07,direct,desktop
5361,992,2025-01-23,paid_ads,mobile_app
5362,936,2025-03-30,paid_ads,mobile_app
5363,1176,2025-04-25,paid_ads,mobile_app
5364,445,2025-02-08,direct,mobile_app
5365,954,2025-03-01,email,desktop
5366,538,2025-03-25,direct,mobile_app
5367,521,2025-04-07,direct,mobile_web
5368,480,2025-06-17,direct,mobile_web
5369,1047,2025-01-02,paid_ads,mobile_app
5370,792,2025-06-07,organic,mobile_app
5371,38,2025-04-13,paid_ads,mobile_app
5372,285,2025-03-17,paid_ads,mobile_web
5373,575,2025-01-24,social,mobile_app
5374,904,2025-06-23,direct,mobile_web
5375,641,2025-02-13,social,desktop
5376,638,2025-01-29,organic,mobile_app
5377,1194,2025-03-07,paid_ads,mobile_app
5378,871,2025-06-20,organic,desktop
5379,487,2025-05-22,email,mobile_app
5380,570,2025-04-06,organic,desktop
5381,769,2025-02-19,social,desktop
5382,1134,2025-01-01,direct,mobile_app
5383,584,2025-06-22,email,mobile_app
5384,452,2025-03-15,social,mobile_app
5385,325,2025-04-24,email,mobile_app
5386,1008,2025-03-31,email,mobile_app
5387,1156,2025-01-18,direct,mobile_app
5388,1122,2025-02-13,paid_ads,mobile_app
5389,886,2025-01-02,organic,desktop
5390,1104,2025-04-04,paid_ads,mobile_app
5391,674,2025-02-15,direct,mobile_app
5392,1149,2025-01-20,social,mobile_app
5393,429,2025-01-20,direct,mobile_web
5394,1072,2025-01-23,organic,mobile_app
5395,194,2025-04-03,social,mobile_app
5396,563,2025-04-12,organic,mobile_web
5397,767,2025-02-07,social,mobile_app
5398,302,2025-01-10,organic,mobile_app
5399,1149,2025-06-17,paid_ads,mobile_app
5400,1018,2025-01-16,paid_ads,mobile_web
5401,1148,2025-05-09,paid_ads,mobile_app
5402,382,2025-02-06,direct,mobile_web
5403,434,2025-04-27,organic,mobile_app
5404,381,2025-04-07,social,mobile_app
5405,145,2025-01-13,social,desktop
5406,14,2025-05-07,paid_ads,mobile_app
5407,810,2025-03-17,direct,mobile_app
5408,1001,2025-06-05,direct,mobile_app
5409,1171,2025-06-03,organic,desktop
5410,649,2025-05-18,direct,mobile_app
5411,552,2025-06-27,paid_ads,desktop
5412,492,2025-05-01,direct,mobile_app
5413,482,2025-03-20,direct,mobile_app
5414,564,2025-02-10,paid_ads,mobile_web
5415,1097,2025-05-06,paid_ads,desktop
5416,806,2025-02-14,paid_ads,mobile_app
5417,398,2025-03-11,organic,mobile_app
5418,1137,2025-03-21,paid_ads,mobile_app
5419,98,2025-02-05,paid_ads,mobile_web
5420,634,2025-06-13,paid_ads,mobile_app
5421,704,2025-02-28,email,mobile_app
5422,1089,2025-06-14,email,mobile_app
5423,736,2025-01-14,organic,desktop
5424,558,2025-05-31,social,mobile_app
5425,1100,2025-01-17,social,mobile_app
5426,1189,2025-03-10,organic,mobile_app
5427,182,2025-03-06,paid_ads,mobile_app
5428,232,2025-05-12,paid_ads,desktop
5429,743,2025-01-20,direct,mobile_app
5430,231,2025-01-10,paid_ads,mobile_web
5431,493,2025-01-06,social,mobile_app
5432,1026,2025-02-22,social,mobile_web
5433,19,2025-05-29,direct,mobile_web
5434,315,2025-04-12,email,mobile_app
5435,471,2025-02-19,organic,desktop
5436,675,2025-01-02,social,desktop
5437,77,2025-03-27,paid_ads,desktop
5438,125,2025-03-27,paid_ads,mobile_web
5439,205,2025-01-12,social,mobile_app
5440,349,2025-02-10,email,mobile_web
5441,416,2025-02-22,social,desktop
5442,869,2025-06-27,social,mobile_app
5443,778,2025-01-11,social,mobile_app
5444,634,2025-06-16,organic,mobile_app
5445,1164,2025-01-14,email,mobile_app
5446,489,2025-01-04,paid_ads,mobile_web
5447,218,2025-02-08,organic,desktop
5448,151,2025-05-14,paid_ads,mobile_app
5449,582,2025-05-28,social,desktop
5450,1094,2025-04-30,social,mobile_web
5451,1175,2025-06-16,email,desktop
5452,774,2025-06-28,paid_ads,mobile_web
5453,841,2025-03-13,social,desktop
5454,1045,2025-03-05,social,mobile_web
5455,1001,2025-01-19,social,desktop
5456,349,2025-05-09,social,desktop
5457,873,2025-05-18,organic,mobile_app
5458,804,2025-03-20,email,desktop
5459,351,2025-05-06,social,mobile_web
5460,552,2025-06-15,organic,desktop
5461,1011,2025-05-28,social,mobile_app
5462,379,2025-01-19,paid_ads,mobile_app
5463,703,2025-01-27,direct,mobile_web
5464,1104,2025-04-25,direct,mobile_app
5465,171,2025-03-02,direct,mobile_app
5466,987,2025-01-16,social,mobile_app
5467,1045,2025-03-04,paid_ads,desktop
5468,671,2025-03-16,organic,mobile_web
5469,801,2025-02-10,organic,mobile_web
5470,385,2025-04-17,direct,mobile_web
5471,57,2025-02-17,organic,desktop
5472,963,2025-04-13,social,desktop
5473,1084,2025-04-26,social,mobile_app
5474,1137,2025-03-08,direct,mobile_app
5475,609,2025-06-25,organic,mobile_app
5476,19,2025-04-08,paid_ads,mobile_app
5477,813,2025-02-27,paid_ads,mobile_app
5478,537,2025-01-11,email,mobile_web
5479,657,2025-01-20,paid_ads,mobile_app
5480,207,2025-02-26,organic,desktop
5481,838,2025-01-20,paid_ads,desktop
5482,1115,2025-04-30,email,mobile_app
5483,930,2025-06-07,social,mobile_web
5484,16,2025-01-30,social,mobile_app
5485,1096,2025-05-28,organic,mobile_app
5486,78,2025-04-07,paid_ads,mobile_app
5487,181,2025-06-20,paid_ads,desktop
5488,54,2025-06-20,social,mobile_app
5489,1040,2025-02-19,organic,mobile_web
5490,991,2025-06-07,organic,mobile_app
5491,1060,2025-06-02,organic,desktop
5492,908,2025-01-05,direct,mobile_web
5493,1110,2025-05-26,organic,mobile_app
5494,728,2025-01-28,social,mobile_web
5495,283,2025-02-04,organic,desktop
5496,404,2025-03-15,direct,mobile_app
5497,40,2025-06-03,email,mobile_app
5498,1091,2025-03-29,paid_ads,desktop
5499,799,2025-02-26,paid_ads,desktop
5500,873,2025-01-05,organic,mobile_web
5501,56,2025-04-21,paid_ads,mobile_app
5502,509,2025-06-03,email,mobile_web
5503,222,2025-05-02,paid_ads,mobile_web
5504,861,2025-06-27,organic,mobile_web
5505,1053,2025-02-08,paid_ads,mobile_app
5506,47,2025-01-18,paid_ads,mobile_app
5507,613,2025-01-10,social,mobile_app
5508,573,2025-03-06,organic,mobile_app
5509,859,2025-05-26,direct,mobile_app
5510,511,2025-03-03,social,mobile_web
5511,431,2025-04-18,paid_ads,mobile_app
5512,554,2025-01-29,paid_ads,mobile_app
5513,183,2025-02-16,paid_ads,mobile_app
5514,1173,2025-01-24,direct,mobile_web
5515,91,2025-04-02,organic,mobile_app
5516,542,2025-03-16,email,mobile_app
5517,485,2025-04-29,organic,mobile_app
5518,605,2025-03-27,paid_ads,mobile_app
5519,184,2025-06-03,direct,mobile_app
5520,303,2025-02-19,direct,mobile_app
5521,1096,2025-02-17,social,mobile_app
5522,977,2025-05-24,social,mobile_app
5523,827,2025-02-05,email,desktop
5524,899,2025-05-27,social,mobile_web
5525,537,2025-02-23,direct,mobile_app
5526,1148,2025-02-22,direct,mobile_app
5527,73,2025-01-29,organic,mobile_web
5528,559,2025-06-16,direct,mobile_app
5529,577,2025-02-11,social,mobile_app
5530,793,2025-03-04,paid_ads,mobile_app
5531,523,2025-03-19,paid_ads,mobile_app
5532,750,2025-02-13,paid_ads,mobile_app
5533,347,2025-02-16,social,mobile_app
5534,188,2025-03-21,organic,mobile_app
5535,1090,2025-04-14,direct,mobile_app
5536,8,2025-04-06,email,mobile_app
5537,1139,2025-04-03,social,mobile_app
5538,1159,2025-06-12,organic,mobile_app
5539,598,2025-05-27,organic,mobile_web
5540,980,2025-05-07,direct,mobile_app
5541,657,2025-03-25,social,mobile_app
5542,1174,2025-01-07,paid_ads,mobile_app
5543,603,2025-03-02,organic,mobile_app
5544,927,2025-06-06,paid_ads,mobile_app
5545,493,2025-02-10,social,mobile_app
5546,804,2025-06-05,social,mobile_web
5547,1094,2025-05-27,paid_ads,desktop
5548,1011,2025-01-04,organic,mobile_app
5549,990,2025-04-18,social,mobile_web
5550,434,2025-01-16,social,mobile_app
5551,424,2025-02-26,organic,mobile_app
5552,54,2025-04-05,social,mobile_app
5553,253,2025-01-01,direct,mobile_app
5554,12,2025-01-16,paid_ads,mobile_app
5555,901,2025-05-06,email,desktop
5556,922,2025-04-21,paid_ads,mobile_app
5557,717,2025-04-12,organic,mobile_app
5558,91,2025-05-28,social,mobile_app
5559,1146,2025-03-17,paid_ads,desktop
5560,608,2025-06-05,paid_ads,mobile_app
5561,585,2025-01-24,email,mobile_app
5562,818,2025-05-26,social,mobile_app
5563,198,2025-02-11,email,mobile_app
5564,364,2025-03-11,direct,mobile_app
5565,842,2025-02-18,organic,mobile_app
5566,1010,2025-02-13,social,mobile_app
5567,859,2025-03-07,paid_ads,desktop
5568,222,2025-04-15,organic,mobile_web
5569,174,2025-06-11,paid_ads,mobile_app
5570,1088,2025-03-04,direct,mobile_web
5571,459,2025-02-14,paid_ads,mobile_app
5572,456,2025-02-02,direct,desktop
5573,1008,2025-04-01,organic,mobile_web
5574,989,2025-02-28,social,mobile_app
5575,149,2025-05-03,paid_ads,mobile_app
5576,156,2025-03-14,direct,desktop
5577,1014,2025-03-11,direct,mobile_web
5578,477,2025-04-21,organic,mobile_web
5579,318,2025-03-17,email,mobile_app
5580,262,2025-01-04,paid_ads,desktop
5581,732,2025-06-11,social,mobile_web
5582,92,2025-02-23,email,mobile_web
5583,480,2025-01-03,social,mobile_app
5584,1137,2025-01-13,paid_ads,mobile_app
5585,303,2025-03-21,email,mobile_app
5586,258,2025-01-30,organic,mobile_app
5587,749,2025-02-16,email,mobile_web
5588,731,2025-05-26,social,mobile_app
5589,1186,2025-05-20,organic,mobile_web
5590,269,2025-05-22,organic,mobile_app
5591,527,2025-04-05,organic,desktop
5592,1187,2025-05-31,paid_ads,mobile_app
5593,233,2025-06-25,direct,mobile_app
5594,856,2025-03-11,paid_ads,mobile_web
5595,563,2025-02-12,organic,mobile_app
5596,683,2025-05-23,social,mobile_app
5597,114,2025-03-02,paid_ads,mobile_web
5598,311,2025-02-22,paid_ads,mobile_app
5599,463,2025-06-25,organic,mobile_app
5600,814,2025-04-23,paid_ads,desktop
5601,168,2025-05-24,social,mobile_web
5602,1183,2025-04-04,social,mobile_web
5603,458,2025-05-14,social,mobile_app
5604,849,2025-01-07,social,mobile_app
5605,1139,2025-03-24,email,mobile_app
5606,169,2025-03-03,paid_ads,mobile_app
5607,597,2025-05-29,organic,mobile_web
5608,315,2025-06-14,email,mobile_web
5609,849,2025-01-31,organic,mobile_web
5610,474,2025-01-11,organic,desktop
5611,444,2025-03-08,organic,desktop
5612,263,2025-01-25,direct,mobile_web
5613,415,2025-05-17,organic,mobile_web
5614,616,2025-05-08,organic,mobile_web
5615,74,2025-06-13,paid_ads,mobile_web
5616,1141,2025-03-22,paid_ads,mobile_app
5617,562,2025-05-06,paid_ads,mobile_app
5618,42,2025-06-06,organic,mobile_app
5619,913,2025-03-23,organic,mobile_web
5620,1110,2025-04-14,social,mobile_web
5621,128,2025-06-03,organic,mobile_app
5622,538,2025-04-15,social,mobile_web
5623,176,2025-03-15,organic,mobile_app
5624,243,2025-04-04,direct,mobile_web
5625,1173,2025-04-16,email,mobile_web
5626,1124,2025-04-16,direct,mobile_app
5627,856,2025-06-19,social,mobile_app
5628,416,2025-03-20,paid_ads,desktop
5629,767,2025-06-24,email,mobile_web
5630,1150,2025-06-06,direct,mobile_web
5631,811,2025-03-02,organic,desktop
5632,491,2025-04-09,email,desktop
5633,633,2025-05-06,email,mobile_app
5634,1039,2025-04-12,email,mobile_app
5635,193,2025-04-09,direct,mobile_app
5636,748,2025-02-24,social,desktop
5637,1175,2025-06-21,direct,mobile_app
5638,339,2025-04-03,direct,desktop
5639,1188,2025-03-12,direct,mobile_web
5640,816,2025-06-14,organic,mobile_web
5641,375,2025-01-01,direct,mobile_app
5642,467,2025-05-07,direct,mobile_web
5643,574,2025-02-27,direct,mobile_app
5644,1059,2025-06-06,direct,mobile_web
5645,3,2025-06-15,email,mobile_app
5646,670,2025-05-09,social,desktop
5647,666,2025-02-28,email,mobile_app
5648,1058,2025-04-23,paid_ads,desktop
5649,283,2025-06-21,organic,mobile_app
5650,172,2025-04-01,paid_ads,mobile_app
5651,1059,2025-06-25,organic,mobile_web
5652,810,2025-02-26,direct,mobile_app
5653,565,2025-03-28,social,mobile_app
5654,844,2025-03-12,paid_ads,mobile_app
5655,1029,2025-01-24,organic,mobile_app
5656,478,2025-05-29,organic,mobile_web
5657,1121,2025-06-01,email,mobile_app
5658,985,2025-04-21,social,mobile_app
5659,781,2025-06-03,direct,mobile_app
5660,536,2025-04-04,organic,mobile_web
5661,584,2025-02-16,paid_ads,mobile_app
5662,348,2025-03-10,organic,desktop
5663,234,2025-06-08,organic,mobile_app
5664,740,2025-02-10,email,mobile_app
5665,1157,2025-05-14,social,mobile_app
5666,803,2025-04-29,paid_ads,desktop
5667,782,2025-06-21,organic,mobile_app
5668,959,2025-02-23,paid_ads,mobile_web
5669,39,2025-06-20,direct,mobile_web
5670,1089,2025-04-29,paid_ads,mobile_app
5671,533,2025-01-15,organic,mobile_app
5672,606,2025-06-25,paid_ads,mobile_web
5673,1061,2025-05-09,paid_ads,desktop
5674,606,2025-02-11,social,mobile_app
5675,898,2025-06-18,direct,desktop
5676,193,2025-03-09,organic,mobile_app
5677,626,2025-02-27,email,mobile_app
5678,259,2025-05-12,email,mobile_app
5679,224,2025-02-18,direct,mobile_app
5680,418,2025-04-19,social,mobile_app
5681,1115,2025-06-23,paid_ads,mobile_app
5682,773,2025-03-20,organic,mobile_web
5683,730,2025-02-22,social,mobile_web
5684,1162,2025-03-25,paid_ads,mobile_app
5685,1047,2025-03-07,organic,mobile_app
5686,742,2025-05-05,paid_ads,mobile_app
5687,518,2025-06-24,direct,mobile_app
5688,531,2025-04-30,social,mobile_web
5689,675,2025-02-20,direct,mobile_app
5690,792,2025-02-14,direct,mobile_app
5691,485,2025-04-09,paid_ads,mobile_app
5692,407,2025-01-23,paid_ads,mobile_app
5693,12,2025-06-04,direct,mobile_web
5694,572,2025-04-23,paid_ads,mobile_app
5695,960,2025-04-21,paid_ads,mobile_web
5696,1077,2025-03-01,paid_ads,mobile_app
5697,9,2025-01-22,organic,mobile_app
5698,957,2025-02-24,organic,mobile_app
5699,212,2025-02-07,paid_ads,desktop
5700,549,2025-01-30,paid_ads,mobile_web
5701,157,2025-06-05,social,mobile_app
5702,711,2025-02-01,organic,mobile_app
5703,240,2025-03-10,organic,mobile_web
5704,748,2025-03-02,organic,mobile_app
5705,375,2025-01-16,paid_ads,mobile_web
5706,537,2025-02-19,paid_ads,mobile_web
5707,474,2025-06-08,paid_ads,desktop
5708,885,2025-02-21,paid_ads,mobile_web
5709,1070,2025-02-11,paid_ads,mobile_web
5710,695,2025-02-23,paid_ads,mobile_app
5711,1083,2025-03-05,organic,desktop
5712,1011,2025-05-16,paid_ads,mobile_app
5713,955,2025-01-20,social,mobile_app
5714,814,2025-05-23,social,desktop
5715,469,2025-06-24,organic,desktop
5716,467,2025-05-13,email,mobile_app
5717,671,2025-01-02,organic,mobile_app
5718,752,2025-04-19,organic,mobile_app
5719,76,2025-05-29,organic,mobile_app
5720,1046,2025-06-21,social,mobile_app
5721,1156,2025-03-16,paid_ads,mobile_web
5722,359,2025-03-02,paid_ads,mobile_app
5723,1199,2025-03-17,paid_ads,mobile_app
5724,951,2025-06-28,email,mobile_app
5725,748,2025-06-10,email,mobile_app
5726,276,2025-04-19,organic,mobile_web
5727,877,2025-04-29,direct,desktop
5728,1034,2025-04-11,social,desktop
5729,151,2025-01-02,organic,mobile_app
5730,515,2025-06-26,organic,mobile_app
5731,890,2025-01-15,paid_ads,mobile_web
5732,179,2025-06-24,direct,mobile_app
5733,1092,2025-03-11,email,mobile_app
5734,141,2025-03-23,paid_ads,mobile_app
5735,49,2025-05-05,social,desktop
5736,186,2025-03-10,paid_ads,desktop
5737,148,2025-03-21,paid_ads,mobile_web
5738,4,2025-02-09,social,mobile_app
5739,78,2025-06-01,direct,mobile_app
5740,379,2025-03-25,paid_ads,mobile_web
5741,431,2025-04-23,organic,mobile_app
5742,933,2025-01-14,direct,desktop
5743,450,2025-04-16,organic,mobile_app
5744,365,2025-06-20,paid_ads,mobile_web
5745,1165,2025-01-10,email,mobile_app
5746,448,2025-05-23,organic,mobile_app
5747,1114,2025-04-05,social,mobile_web
5748,899,2025-04-15,social,mobile_web
5749,1192,2025-01-05,social,mobile_app
5750,703,2025-05-02,social,mobile_app
5751,304,2025-03-08,paid_ads,mobile_web
5752,865,2025-06-15,organic,mobile_web
5753,59,2025-01-08,organic,mobile_web
5754,795,2025-06-01,email,mobile_web
5755,552,2025-06-07,paid_ads,mobile_app
5756,117,2025-03-20,paid_ads,mobile_app
5757,656,2025-01-15,organic,mobile_app
5758,89,2025-04-11,paid_ads,mobile_web
5759,215,2025-05-22,email,mobile_app
5760,1096,2025-03-12,paid_ads,mobile_app
5761,30,2025-04-06,email,mobile_app
5762,470,2025-03-21,social,mobile_web
5763,752,2025-05-15,organic,mobile_app
5764,720,2025-06-28,organic,mobile_app
5765,647,2025-04-17,organic,mobile_web
5766,681,2025-04-21,direct,mobile_app
5767,813,2025-06-19,organic,mobile_web
5768,1186,2025-06-18,paid_ads,mobile_app
5769,889,2025-01-18,organic,mobile_app
5770,710,2025-06-02,email,mobile_web
5771,139,2025-01-29,paid_ads,mobile_app
5772,498,2025-03-07,email,mobile_app
5773,63,2025-01-16,social,mobile_app
5774,219,2025-04-17,organic,mobile_web
5775,662,2025-02-25,social,mobile_web
5776,228,2025-03-20,paid_ads,mobile_app
5777,823,2025-02-12,organic,mobile_app
5778,202,2025-04-26,organic,mobile_app
5779,317,2025-03-31,email,mobile_web
5780,968,2025-04-13,direct,mobile_app
5781,1,2025-01-17,social,mobile_app
5782,165,2025-06-05,email,mobile_web
5783,628,2025-04-12,social,mobile_app
5784,190,2025-02-27,paid_ads,mobile_app
5785,273,2025-02-17,email,mobile_web
5786,1002,2025-03-03,paid_ads,mobile_app
5787,515,2025-02-21,paid_ads,mobile_web
5788,788,2025-01-26,organic,desktop
5789,223,2025-04-08,paid_ads,mobile_web
5790,542,2025-01-05,paid_ads,mobile_app
5791,446,2025-01-30,paid_ads,desktop
5792,393,2025-04-19,organic,mobile_app
5793,728,2025-04-28,organic,mobile_web
5794,258,2025-03-07,organic,mobile_app
5795,385,2025-06-20,organic,desktop
5796,531,2025-04-11,direct,mobile_web
5797,133,2025-02-02,social,mobile_app
5798,951,2025-06-13,organic,mobile_app
5799,103,2025-03-04,email,desktop
5800,545,2025-02-06,organic,desktop
5801,1180,2025-04-17,email,mobile_app
5802,1051,2025-04-21,paid_ads,desktop
5803,1107,2025-03-19,organic,mobile_app
5804,568,2025-06-16,organic,mobile_web
5805,95,2025-04-11,social,mobile_app
5806,732,2025-05-31,paid_ads,mobile_web
5807,93,2025-01-10,organic,mobile_app
5808,643,2025-05-05,direct,mobile_app
5809,992,2025-06-09,direct,mobile_app
5810,684,2025-02-03,organic,mobile_web
5811,394,2025-06-06,organic,mobile_app
5812,1135,2025-04-20,paid_ads,mobile_app
5813,359,2025-01-23,social,mobile_app
5814,951,2025-05-09,direct,mobile_app
5815,321,2025-04-16,direct,mobile_web
5816,458,2025-03-12,email,mobile_app
5817,179,2025-04-03,paid_ads,mobile_app
5818,533,2025-04-22,social,desktop
5819,694,2025-06-14,organic,mobile_app
5820,960,2025-02-03,paid_ads,mobile_app
5821,643,2025-05-03,organic,mobile_web
5822,1032,2025-06-10,email,mobile_app
5823,491,2025-02-24,paid_ads,mobile_app
5824,11,2025-03-17,direct,mobile_app
5825,978,2025-04-13,organic,mobile_web
5826,1193,2025-06-09,social,mobile_web
5827,499,2025-03-05,organic,mobile_web
5828,182,2025-02-17,direct,mobile_app
5829,195,2025-04-25,paid_ads,mobile_app
5830,548,2025-03-24,organic,mobile_app
5831,1087,2025-05-08,paid_ads,mobile_app
5832,646,2025-05-03,direct,mobile_app
5833,829,2025-05-16,organic,desktop
5834,539,2025-02-23,email,mobile_app
5835,1148,2025-06-14,social,mobile_app
5836,977,2025-06-08,email,mobile_web
5837,486,2025-05-17,paid_ads,mobile_web
5838,644,2025-04-18,email,mobile_app
5839,242,2025-03-29,organic,mobile_app
5840,1092,2025-03-07,organic,desktop
5841,136,2025-05-06,paid_ads,mobile_app
5842,1029,2025-01-11,social,mobile_app
5843,204,2025-01-17,social,mobile_web
5844,747,2025-03-02,organic,mobile_web
5845,908,2025-03-21,paid_ads,desktop
5846,301,2025-05-10,email,mobile_app
5847,107,2025-05-06,social,mobile_app
5848,214,2025-05-27,paid_ads,mobile_web
5849,863,2025-04-16,organic,mobile_web
5850,156,2025-06-24,direct,mobile_app
5851,503,2025-03-28,organic,mobile_web
5852,920,2025-06-10,email,mobile_app
5853,121,2025-03-22,social,mobile_web
5854,353,2025-04-17,social,mobile_web
5855,140,2025-06-13,organic,mobile_app
5856,976,2025-01-08,paid_ads,mobile_app
5857,58,2025-03-18,organic,mobile_app
5858,515,2025-06-04,paid_ads,desktop
5859,991,2025-05-04,paid_ads,mobile_app
5860,604,2025-01-03,social,mobile_app
5861,1124,2025-02-14,paid_ads,desktop
5862,161,2025-06-12,social,mobile_app
5863,1130,2025-03-16,organic,mobile_app
5864,821,2025-01-06,paid_ads,mobile_app
5865,656,2025-04-18,organic,desktop
5866,424,2025-02-03,paid_ads,mobile_web
5867,1032,2025-04-29,organic,mobile_web
5868,1169,2025-02-12,organic,mobile_web
5869,175,2025-03-30,paid_ads,mobile_app
5870,238,2025-01-03,social,mobile_app
5871,124,2025-03-28,paid_ads,mobile_web
5872,245,2025-05-11,direct,desktop
5873,977,2025-02-24,direct,mobile_app
5874,470,2025-03-24,email,mobile_app
5875,106,2025-05-03,social,mobile_app
5876,944,2025-03-25,organic,mobile_web
5877,996,2025-04-21,social,mobile_app
5878,14,2025-02-11,paid_ads,mobile_app
5879,675,2025-02-28,paid_ads,desktop
5880,1082,2025-01-11,direct,mobile_web
5881,197,2025-06-28,direct,desktop
5882,653,2025-06-20,paid_ads,mobile_app
5883,218,2025-05-06,email,mobile_app
5884,1105,2025-03-21,organic,mobile_app
5885,146,2025-03-18,organic,mobile_app
5886,1199,2025-01-08,direct,mobile_app
5887,783,2025-05-09,paid_ads,mobile_app
5888,1080,2025-04-23,social,desktop
5889,934,2025-01-24,organic,mobile_web
5890,649,2025-06-02,direct,mobile_web
5891,419,2025-01-21,paid_ads,mobile_web
5892,521,2025-04-25,organic,mobile_web
5893,483,2025-05-09,direct,desktop
5894,584,2025-02-18,direct,mobile_web
5895,686,2025-01-16,email,mobile_app
5896,96,2025-05-10,social,desktop
5897,703,2025-04-18,paid_ads,mobile_web
5898,1007,2025-02-27,organic,mobile_web
5899,1052,2025-04-14,paid_ads,mobile_app
5900,498,2025-06-29,paid_ads,mobile_web
5901,1176,2025-06-09,paid_ads,mobile_app
5902,469,2025-06-26,social,mobile_web
5903,582,2025-06-09,social,mobile_app
5904,381,2025-06-17,organic,mobile_app
5905,581,2025-03-07,paid_ads,mobile_app
5906,75,2025-04-21,organic,desktop
5907,1163,2025-05-31,paid_ads,mobile_web
5908,927,2025-05-03,social,mobile_app
5909,393,2025-02-28,paid_ads,mobile_app
5910,962,2025-06-08,organic,mobile_app
5911,768,2025-01-11,organic,mobile_app
5912,799,2025-01-28,organic,desktop
5913,792,2025-03-27,social,mobile_app
5914,575,2025-05-09,organic,mobile_web
5915,929,2025-01-02,organic,mobile_app
5916,649,2025-06-11,organic,mobile_app
5917,344,2025-04-26,email,mobile_web
5918,771,2025-05-13,organic,mobile_app
5919,564,2025-06-04,direct,desktop
5920,278,2025-04-14,organic,mobile_app
5921,832,2025-03-28,social,mobile_app
5922,164,2025-02-12,organic,desktop
5923,508,2025-03-16,social,mobile_app
5924,240,2025-06-06,email,mobile_app
5925,767,2025-06-23,paid_ads,mobile_app
5926,957,2025-04-03,social,desktop
5927,456,2025-04-05,organic,desktop
5928,1094,2025-05-28,paid_ads,mobile_web
5929,17,2025-03-28,social,mobile_app
5930,680,2025-03-02,organic,mobile_web
5931,92,2025-05-22,organic,mobile_app
5932,12,2025-04-29,direct,mobile_web
5933,39,2025-05-10,paid_ads,mobile_app
5934,4,2025-06-18,social,mobile_web
5935,1134,2025-01-09,organic,mobile_app
5936,858,2025-02-14,social,mobile_app
5937,558,2025-05-11,organic,mobile_app
5938,521,2025-06-18,paid_ads,mobile_app
5939,244,2025-03-01,direct,mobile_app
5940,19,2025-01-03,paid_ads,mobile_app
5941,1011,2025-03-19,social,mobile_app
5942,556,2025-01-15,email,desktop
5943,841,2025-05-25,social,mobile_app
5944,59,2025-01-06,social,mobile_web
5945,449,2025-05-15,direct,mobile_app
5946,126,2025-04-09,social,mobile_app
5947,244,2025-03-04,organic,mobile_app
5948,556,2025-03-14,paid_ads,mobile_app
5949,222,2025-03-03,email,mobile_app
5950,873,2025-06-26,email,mobile_app
5951,935,2025-01-04,organic,mobile_app
5952,799,2025-04-25,paid_ads,mobile_app
5953,386,2025-01-01,direct,desktop
5954,1083,2025-03-26,paid_ads,mobile_web
5955,402,2025-03-02,paid_ads,mobile_app
5956,157,2025-04-13,organic,desktop
5957,801,2025-01-31,paid_ads,mobile_web
5958,14,2025-05-24,paid_ads,mobile_app
5959,1053,2025-05-07,paid_ads,mobile_app
5960,590,2025-02-01,organic,desktop
5961,640,2025-02-06,social,mobile_web
5962,486,2025-04-21,social,mobile_app
5963,620,2025-05-11,organic,mobile_web
5964,585,2025-04-16,social,mobile_web
5965,446,2025-06-13,organic,mobile_app
5966,353,2025-06-18,paid_ads,mobile_app
5967,335,2025-01-20,email,desktop
5968,808,2025-01-26,organic,mobile_app
5969,459,2025-06-01,direct,mobile_app
5970,365,2025-04-03,direct,mobile_web
5971,573,2025-06-26,direct,mobile_app
5972,461,2025-02-18,email,desktop
5973,277,2025-05-17,organic,mobile_web
5974,1148,2025-01-30,direct,mobile_web
5975,669,2025-06-23,organic,mobile_app
5976,209,2025-02-26,email,desktop
5977,337,2025-03-09,organic,mobile_app
5978,433,2025-06-20,organic,desktop
5979,114,2025-02-12,organic,mobile_app
5980,835,2025-01-20,organic,mobile_app
5981,571,2025-06-22,organic,mobile_app
5982,803,2025-06-07,direct,mobile_app
5983,284,2025-01-31,email,mobile_app
5984,106,2025-05-09,social,desktop
5985,667,2025-02-20,paid_ads,mobile_web
5986,676,2025-03-24,organic,mobile_app
5987,6,2025-02-01,organic,mobile_app
5988,325,2025-01-23,organic,mobile_app
5989,643,2025-02-26,organic,mobile_web
5990,1053,2025-03-12,organic,mobile_web
5991,1148,2025-01-17,direct,mobile_web
5992,166,2025-02-24,email,mobile_web
5993,1193,2025-06-02,paid_ads,mobile_app
5994,346,2025-03-13,direct,mobile_app
5995,99,2025-04-06,organic,mobile_web
5996,471,2025-01-10,organic,mobile_web
5997,565,2025-06-12,organic,mobile_web
5998,81,2025-02-09,paid_ads,mobile_web
5999,799,2025-02-03,social,mobile_app
6000,685,2025-06-11,paid_ads,mobile_web
6001,730,2025-06-05,social,mobile_app
6002,727,2025-06-21,social,mobile_web
6003,888,2025-03-09,organic,mobile_app
6004,1152,2025-05-02,direct,desktop
6005,1185,2025-03-23,direct,mobile_app
6006,721,2025-03-21,social,mobile_app
6007,367,2025-06-04,direct,mobile_web
6008,107,2025-03-17,paid_ads,mobile_app
6009,1182,2025-03-08,paid_ads,mobile_app
6010,309,2025-02-09,paid_ads,desktop
6011,1063,2025-01-09,organic,mobile_web
6012,657,2025-02-08,organic,mobile_app
6013,982,2025-02-14,email,mobile_web
6014,1116,2025-04-13,paid_ads,mobile_app
6015,216,2025-04-07,social,mobile_web
6016,22,2025-03-24,organic,mobile_app
6017,31,2025-02-28,organic,mobile_app
6018,135,2025-06-05,social,mobile_app
6019,38,2025-05-01,direct,mobile_app
6020,1124,2025-04-24,social,desktop
6021,905,2025-01-22,paid_ads,mobile_app
6022,1128,2025-02-17,direct,mobile_app
6023,229,2025-02-10,email,mobile_web
6024,1035,2025-04-02,paid_ads,mobile_app
6025,248,2025-02-14,email,mobile_web
6026,821,2025-06-13,organic,mobile_web
6027,324,2025-04-17,organic,mobile_app
6028,526,2025-04-29,organic,mobile_app
6029,653,2025-03-30,direct,mobile_app
6030,34,2025-04-04,paid_ads,mobile_app
6031,306,2025-01-15,paid_ads,mobile_app
6032,107,2025-04-13,email,mobile_app
6033,1052,2025-03-01,email,mobile_app
6034,218,2025-06-05,direct,mobile_app
6035,127,2025-02-27,paid_ads,mobile_web
6036,363,2025-03-17,organic,desktop
6037,517,2025-03-23,direct,desktop
6038,517,2025-03-01,social,mobile_app
6039,587,2025-01-30,email,mobile_web
6040,862,2025-04-06,organic,desktop
6041,663,2025-01-21,social,mobile_app
6042,404,2025-02-16,paid_ads,mobile_web
6043,174,2025-01-08,email,mobile_web
6044,739,2025-05-15,email,mobile_app
6045,811,2025-02-17,organic,desktop
6046,359,2025-06-21,social,mobile_app
6047,12,2025-01-17,organic,mobile_app
6048,795,2025-06-02,organic,mobile_web
6049,346,2025-01-22,paid_ads,mobile_app
6050,145,2025-02-18,direct,mobile_app
6051,85,2025-05-19,paid_ads,desktop
6052,223,2025-02-26,paid_ads,mobile_web
6053,484,2025-06-14,email,mobile_app
6054,1061,2025-02-10,paid_ads,mobile_app
6055,74,2025-05-26,social,mobile_web
6056,890,2025-03-25,direct,desktop
6057,247,2025-02-23,social,mobile_web
6058,835,2025-06-02,organic,mobile_web
6059,297,2025-05-24,direct,mobile_web
6060,805,2025-04-30,organic,mobile_app
6061,1179,2025-06-23,social,mobile_app
6062,423,2025-03-12,paid_ads,mobile_app
6063,636,2025-06-19,organic,desktop
6064,1130,2025-04-19,social,mobile_app
6065,347,2025-01-08,social,desktop
6066,824,2025-06-07,social,mobile_app
6067,1020,2025-05-31,social,mobile_app
6068,741,2025-01-29,direct,mobile_app
6069,560,2025-06-13,organic,mobile_web
6070,1152,2025-02-20,paid_ads,mobile_web
6071,881,2025-04-26,social,desktop
6072,242,2025-05-05,organic,mobile_app
6073,938,2025-05-12,social,mobile_app
6074,1028,2025-03-26,email,mobile_app
6075,793,2025-04-04,direct,mobile_app
6076,1102,2025-02-24,email,mobile_app
6077,10,2025-03-03,direct,mobile_web
6078,405,2025-03-26,social,mobile_app
6079,1144,2025-01-27,paid_ads,mobile_app
6080,1005,2025-05-08,paid_ads,mobile_app
6081,735,2025-06-19,direct,mobile_app
6082,206,2025-01-02,paid_ads,mobile_app
6083,753,2025-01-04,social,mobile_app
6084,906,2025-01-10,paid_ads,mobile_web
6085,704,2025-04-07,social,mobile_app
6086,218,2025-05-12,organic,desktop
6087,482,2025-04-25,organic,mobile_app
6088,1027,2025-02-15,social,mobile_web
6089,777,2025-06-13,organic,mobile_app
6090,305,2025-03-16,organic,mobile_app
6091,1170,2025-01-24,paid_ads,mobile_web
6092,1034,2025-02-22,organic,mobile_app
6093,434,2025-04-14,organic,mobile_web
6094,1023,2025-03-23,email,mobile_web
6095,1123,2025-04-22,email,mobile_web
6096,1122,2025-04-28,paid_ads,mobile_app
6097,383,2025-06-02,organic,mobile_app
6098,957,2025-01-04,organic,desktop
6099,748,2025-03-01,email,mobile_app
6100,120,2025-05-21,organic,mobile_app
6101,958,2025-04-09,social,desktop
6102,596,2025-04-04,email,desktop
6103,450,2025-05-30,direct,mobile_app
6104,535,2025-05-13,organic,desktop
6105,823,2025-02-06,social,mobile_app
6106,328,2025-05-06,paid_ads,mobile_app
6107,339,2025-05-13,direct,mobile_web
6108,1139,2025-03-04,social,desktop
6109,331,2025-03-06,email,mobile_app
6110,88,2025-01-13,direct,mobile_web
6111,797,2025-05-08,social,mobile_web
6112,704,2025-05-01,social,desktop
6113,779,2025-01-26,paid_ads,mobile_app
6114,174,2025-01-03,organic,mobile_web
6115,486,2025-02-05,paid_ads,mobile_app
6116,702,2025-02-03,social,mobile_web
6117,211,2025-02-07,organic,mobile_app
6118,989,2025-03-06,organic,mobile_app
6119,858,2025-03-02,organic,mobile_app
6120,993,2025-04-14,paid_ads,desktop
6121,719,2025-06-24,organic,mobile_app
6122,1130,2025-05-29,organic,mobile_app
6123,402,2025-04-04,organic,desktop
6124,382,2025-04-14,paid_ads,mobile_app
6125,344,2025-01-17,paid_ads,mobile_app
6126,209,2025-02-02,organic,mobile_app
6127,49,2025-02-04,paid_ads,mobile_app
6128,322,2025-06-03,direct,mobile_app
6129,674,2025-06-13,organic,desktop
6130,461,2025-05-22,organic,mobile_app
6131,357,2025-06-15,organic,mobile_web
6132,122,2025-03-23,paid_ads,mobile_app
6133,449,2025-05-13,paid_ads,mobile_web
6134,992,2025-06-03,organic,mobile_app
6135,371,2025-04-10,social,desktop
6136,1039,2025-05-04,email,mobile_app
6137,938,2025-01-07,social,mobile_app
6138,627,2025-02-27,organic,desktop
6139,393,2025-04-19,social,mobile_app
6140,1124,2025-06-27,paid_ads,mobile_app
6141,413,2025-06-20,organic,mobile_app
6142,101,2025-02-12,paid_ads,mobile_app
6143,622,2025-01-20,organic,mobile_app
6144,568,2025-02-24,organic,mobile_app
6145,960,2025-03-30,email,mobile_web
6146,132,2025-03-24,direct,desktop
6147,692,2025-02-17,email,mobile_app
6148,27,2025-04-01,social,mobile_app
6149,1162,2025-02-19,organic,mobile_app
6150,701,2025-05-29,social,desktop
6151,689,2025-03-12,email,mobile_app
6152,949,2025-06-08,social,mobile_app
6153,48,2025-05-02,social,mobile_app
6154,874,2025-05-25,organic,desktop
6155,330,2025-01-21,direct,desktop
6156,630,2025-02-01,social,mobile_web
6157,336,2025-03-28,direct,mobile_app
6158,866,2025-05-13,organic,mobile_app
6159,442,2025-05-04,paid_ads,mobile_app
6160,44,2025-03-18,paid_ads,mobile_app
6161,317,2025-03-15,paid_ads,desktop
6162,619,2025-04-05,organic,mobile_app
6163,974,2025-05-30,social,mobile_app
6164,624,2025-05-15,paid_ads,mobile_web
6165,471,2025-05-05,email,desktop
6166,1026,2025-03-05,paid_ads,mobile_web
6167,1116,2025-01-28,social,mobile_app
6168,844,2025-02-14,paid_ads,mobile_app
6169,1019,2025-02-12,organic,mobile_app
6170,9,2025-05-05,paid_ads,mobile_app
6171,532,2025-01-24,paid_ads,mobile_app
6172,97,2025-02-27,direct,mobile_app
6173,45,2025-05-27,email,desktop
6174,100,2025-04-19,social,mobile_app
6175,554,2025-05-24,organic,mobile_web
6176,488,2025-05-11,direct,mobile_app
6177,1030,2025-03-04,organic,desktop
6178,798,2025-01-25,paid_ads,desktop
6179,1067,2025-06-22,direct,mobile_web
6180,1143,2025-06-12,direct,mobile_app
6181,670,2025-04-30,email,mobile_app
6182,542,2025-03-26,organic,mobile_web
6183,511,2025-02-12,organic,mobile_app
6184,914,2025-04-03,social,mobile_web
6185,712,2025-03-31,direct,mobile_app
6186,822,2025-03-03,email,desktop
6187,931,2025-05-15,direct,desktop
6188,632,2025-02-09,paid_ads,mobile_web
6189,355,2025-01-27,email,desktop
6190,314,2025-01-12,paid_ads,mobile_app
6191,504,2025-02-23,email,mobile_app
6192,114,2025-03-17,organic,mobile_app
6193,969,2025-06-13,direct,mobile_app
6194,168,2025-05-14,organic,mobile_web
6195,1091,2025-06-28,organic,mobile_app
6196,202,2025-03-16,social,mobile_app
6197,4,2025-06-25,organic,desktop
6198,798,2025-03-18,email,mobile_web
6199,881,2025-02-08,social,mobile_app
6200,875,2025-01-10,organic,mobile_app
6201,426,2025-05-05,organic,desktop
6202,1062,2025-01-03,email,mobile_web
6203,156,2025-06-29,social,mobile_web
6204,233,2025-05-22,social,mobile_web
6205,258,2025-04-08,organic,desktop
6206,90,2025-02-13,social,mobile_web
6207,696,2025-05-06,organic,mobile_app
6208,1080,2025-05-15,direct,mobile_app
6209,105,2025-01-26,social,mobile_app
6210,1142,2025-06-22,paid_ads,mobile_web
6211,635,2025-02-16,paid_ads,desktop
6212,410,2025-06-06,email,desktop
6213,531,2025-03-31,social,mobile_app
6214,106,2025-06-01,organic,mobile_app
6215,806,2025-01-04,social,mobile_app
6216,45,2025-02-11,organic,desktop
6217,496,2025-05-19,social,desktop
6218,733,2025-04-30,direct,mobile_app
6219,1118,2025-01-04,direct,desktop
6220,568,2025-05-25,organic,mobile_app
6221,642,2025-02-04,email,mobile_app
6222,286,2025-01-05,email,mobile_web
6223,880,2025-01-20,paid_ads,desktop
6224,544,2025-05-21,organic,mobile_app
6225,991,2025-02-12,email,mobile_app
6226,655,2025-05-20,direct,mobile_app
6227,151,2025-01-23,organic,mobile_app
6228,1079,2025-05-23,paid_ads,desktop
6229,398,2025-02-22,paid_ads,mobile_app
6230,412,2025-03-18,organic,desktop
6231,226,2025-06-22,organic,desktop
6232,424,2025-06-18,email,mobile_app
6233,980,2025-02-16,paid_ads,mobile_app
6234,685,2025-02-06,direct,desktop
6235,486,2025-02-11,paid_ads,mobile_web
6236,1144,2025-04-10,social,mobile_web
6237,169,2025-01-02,social,mobile_web
6238,193,2025-05-20,organic,mobile_app
6239,914,2025-06-03,social,mobile_app
6240,925,2025-01-06,direct,mobile_web
6241,389,2025-04-14,email,mobile_app
6242,825,2025-04-12,organic,desktop
6243,106,2025-06-28,paid_ads,desktop
6244,251,2025-04-14,email,mobile_app
6245,1072,2025-03-29,organic,mobile_web
6246,844,2025-04-09,organic,desktop
6247,730,2025-01-27,paid_ads,mobile_app
6248,281,2025-01-22,social,mobile_app
6249,98,2025-04-11,organic,mobile_app
6250,198,2025-06-24,social,mobile_app
6251,705,2025-03-28,social,mobile_app
6252,700,2025-01-31,email,mobile_web
6253,129,2025-06-12,social,mobile_web
6254,176,2025-02-12,social,mobile_app
6255,65,2025-04-24,direct,mobile_app
6256,174,2025-06-18,email,mobile_app
6257,273,2025-05-21,organic,desktop
6258,58,2025-02-12,paid_ads,mobile_app
6259,1138,2025-06-13,email,mobile_web
6260,145,2025-06-03,paid_ads,mobile_app
6261,155,2025-06-09,organic,mobile_app
6262,676,2025-05-16,paid_ads,mobile_app
6263,927,2025-02-05,paid_ads,mobile_app
6264,325,2025-01-02,email,mobile_web
6265,592,2025-04-11,email,desktop
6266,812,2025-04-12,organic,mobile_app
6267,91,2025-01-12,organic,desktop
6268,472,2025-03-09,direct,mobile_app
6269,154,2025-02-17,paid_ads,mobile_app
6270,571,2025-01-03,paid_ads,mobile_web
6271,491,2025-06-20,paid_ads,mobile_web
6272,650,2025-02-22,social,mobile_web
6273,570,2025-06-23,email,desktop
6274,97,2025-01-02,organic,mobile_app
6275,698,2025-05-16,email,mobile_web
6276,877,2025-05-23,paid_ads,mobile_app
6277,461,2025-01-19,paid_ads,desktop
6278,65,2025-06-27,social,desktop
6279,344,2025-06-19,paid_ads,mobile_app
6280,978,2025-04-13,email,desktop
6281,1054,2025-03-04,organic,mobile_app
6282,180,2025-01-01,social,mobile_app
6283,961,2025-01-14,paid_ads,mobile_web
6284,931,2025-03-31,social,mobile_app
6285,81,2025-06-18,paid_ads,mobile_web
6286,78,2025-02-02,organic,mobile_web
6287,1077,2025-05-04,social,mobile_web
6288,1015,2025-02-16,organic,mobile_app
6289,571,2025-01-18,paid_ads,mobile_app
6290,500,2025-03-15,social,mobile_web
6291,159,2025-01-06,social,mobile_web
6292,639,2025-03-13,paid_ads,mobile_web
6293,1115,2025-03-05,organic,mobile_app
6294,523,2025-03-03,social,mobile_app
6295,474,2025-06-17,organic,mobile_app
6296,804,2025-06-12,social,mobile_web
6297,33,2025-05-18,email,desktop
6298,593,2025-05-22,organic,mobile_app
6299,253,2025-06-27,paid_ads,desktop
6300,359,2025-05-06,organic,mobile_app
6301,1089,2025-05-05,social,mobile_app
6302,64,2025-03-26,social,mobile_app
6303,850,2025-03-14,paid_ads,mobile_web
6304,1092,2025-06-24,paid_ads,desktop
6305,174,2025-03-15,email,mobile_app
6306,1136,2025-02-20,social,mobile_app
6307,1001,2025-06-11,paid_ads,mobile_web
6308,685,2025-03-08,paid_ads,mobile_app
6309,435,2025-04-01,email,mobile_app
6310,295,2025-03-28,organic,mobile_app
6311,230,2025-06-28,social,desktop
6312,896,2025-02-08,organic,mobile_app
6313,102,2025-05-31,email,mobile_web
6314,27,2025-06-23,email,mobile_web
6315,87,2025-01-18,organic,mobile_app
6316,524,2025-04-29,paid_ads,mobile_web
6317,747,2025-02-15,paid_ads,mobile_app
6318,69,2025-01-09,paid_ads,mobile_app
6319,518,2025-01-13,organic,mobile_app
6320,1138,2025-06-23,social,mobile_app
6321,745,2025-04-06,social,mobile_app
6322,223,2025-06-19,organic,mobile_app
6323,207,2025-01-21,email,mobile_app
6324,1194,2025-01-31,organic,mobile_app
6325,833,2025-05-08,direct,mobile_web
6326,1143,2025-03-13,social,desktop
6327,527,2025-01-08,organic,mobile_app
6328,339,2025-06-12,paid_ads,mobile_app
6329,328,2025-02-04,email,mobile_app
6330,777,2025-05-27,organic,mobile_web
6331,1166,2025-01-12,email,mobile_web
6332,116,2025-01-25,email,mobile_app
6333,1030,2025-02-06,social,desktop
6334,180,2025-05-14,email,desktop
6335,410,2025-01-25,social,mobile_web
6336,1146,2025-01-21,organic,mobile_web
6337,843,2025-06-13,paid_ads,mobile_app
6338,713,2025-04-21,social,mobile_web
6339,1095,2025-03-15,paid_ads,mobile_app
6340,1169,2025-04-08,paid_ads,desktop
6341,533,2025-03-25,direct,mobile_app
6342,642,2025-02-20,organic,mobile_app
6343,1046,2025-04-17,direct,mobile_app
6344,1165,2025-06-26,social,mobile_app
6345,837,2025-06-10,organic,mobile_web
6346,149,2025-01-30,direct,desktop
6347,880,2025-03-03,organic,mobile_web
6348,41,2025-05-13,organic,mobile_app
6349,72,2025-03-04,direct,mobile_app
6350,744,2025-06-12,paid_ads,mobile_app
6351,1145,2025-06-09,direct,mobile_app
6352,187,2025-06-23,paid_ads,mobile_web
6353,544,2025-02-25,paid_ads,mobile_app
6354,589,2025-02-07,organic,mobile_app
6355,1148,2025-02-22,paid_ads,mobile_web
6356,307,2025-05-15,paid_ads,mobile_web
6357,476,2025-02-08,paid_ads,mobile_app
6358,167,2025-05-27,paid_ads,mobile_web
6359,773,2025-04-25,paid_ads,mobile_web
6360,924,2025-06-02,social,mobile_app
6361,338,2025-03-04,social,mobile_app
6362,495,2025-02-23,email,mobile_app
6363,85,2025-03-05,paid_ads,desktop
6364,983,2025-01-31,organic,desktop
6365,365,2025-05-17,organic,mobile_web
6366,473,2025-05-23,paid_ads,mobile_web
6367,873,2025-01-15,organic,mobile_app
6368,1081,2025-01-29,organic,mobile_web
6369,229,2025-06-16,paid_ads,mobile_app
6370,175,2025-02-28,direct,mobile_app
6371,846,2025-05-18,organic,mobile_web
6372,303,2025-06-18,social,mobile_app
6373,809,2025-04-16,direct,mobile_app
6374,587,2025-05-11,social,mobile_web
6375,552,2025-03-29,email,mobile_web
6376,1052,2025-04-22,social,mobile_app
6377,250,2025-03-30,direct,mobile_app
6378,1129,2025-01-21,social,mobile_app
6379,1173,2025-05-14,organic,mobile_web
6380,277,2025-03-14,paid_ads,mobile_app
6381,379,2025-03-31,social,desktop
6382,707,2025-02-15,organic,mobile_web
6383,339,2025-04-10,organic,mobile_app
6384,930,2025-02-23,email,mobile_app
6385,21,2025-05-02,direct,mobile_app
6386,734,2025-04-03,email,mobile_app
6387,10,2025-04-23,social,mobile_app
6388,411,2025-03-12,social,mobile_app
6389,234,2025-05-20,direct,mobile_web
6390,1031,2025-02-04,direct,mobile_app
6391,678,2025-01-28,organic,mobile_web
6392,281,2025-04-19,social,mobile_web
6393,268,2025-02-01,email,mobile_app
6394,299,2025-02-10,organic,mobile_app
6395,329,2025-04-18,email,mobile_web
6396,1010,2025-01-18,social,mobile_app
6397,975,2025-02-24,paid_ads,desktop
6398,304,2025-04-21,email,mobile_app
6399,76,2025-03-28,email,mobile_web
6400,1049,2025-06-12,social,mobile_web
6401,94,2025-05-21,direct,mobile_app
6402,657,2025-02-16,direct,mobile_app
6403,1027,2025-06-29,paid_ads,mobile_app
6404,646,2025-03-29,email,mobile_web
6405,1094,2025-05-25,email,mobile_web
6406,1185,2025-06-28,direct,mobile_app
6407,80,2025-04-26,social,desktop
6408,1176,2025-02-05,social,mobile_web
6409,666,2025-01-14,paid_ads,mobile_app
6410,868,2025-06-28,email,mobile_app
6411,315,2025-01-31,social,mobile_app
6412,808,2025-03-01,direct,mobile_app
6413,384,2025-06-15,paid_ads,mobile_web
6414,991,2025-01-18,social,mobile_app
6415,887,2025-02-23,paid_ads,desktop
6416,862,2025-06-13,email,mobile_app
6417,788,2025-02-25,organic,mobile_app
6418,799,2025-03-26,social,mobile_app
6419,71,2025-04-19,paid_ads,mobile_app
6420,759,2025-06-13,direct,desktop
6421,191,2025-06-07,social,mobile_app
6422,488,2025-06-08,direct,mobile_web
6423,443,2025-03-13,organic,desktop
6424,431,2025-05-17,organic,desktop
6425,1128,2025-06-25,organic,mobile_app
6426,549,2025-05-26,organic,mobile_app
6427,939,2025-05-08,organic,mobile_app
6428,391,2025-01-28,direct,mobile_app
6429,29,2025-02-01,organic,mobile_app
6430,167,2025-02-03,organic,mobile_web
6431,668,2025-04-01,paid_ads,mobile_app
6432,1016,2025-05-28,email,mobile_app
6433,696,2025-01-12,social,mobile_app
6434,142,2025-06-04,organic,mobile_app
6435,41,2025-06-27,paid_ads,desktop
6436,290,2025-06-19,email,mobile_app
6437,814,2025-01-30,social,desktop
6438,1070,2025-02-06,email,mobile_app
6439,754,2025-01-17,paid_ads,mobile_app
6440,116,2025-06-18,social,desktop
6441,222,2025-03-04,direct,desktop
6442,450,2025-02-27,organic,desktop
6443,902,2025-05-17,social,mobile_app
6444,1126,2025-03-25,paid_ads,mobile_app
6445,570,2025-04-24,paid_ads,mobile_app
6446,1141,2025-06-20,paid_ads,mobile_web
6447,66,2025-01-13,organic,desktop
6448,982,2025-06-29,paid_ads,mobile_web
6449,1015,2025-01-19,paid_ads,mobile_app
6450,1096,2025-03-06,social,mobile_web
6451,1135,2025-01-15,social,desktop
6452,270,2025-02-16,direct,mobile_app
6453,14,2025-02-16,direct,desktop
6454,787,2025-03-14,email,mobile_app
6455,292,2025-05-25,social,mobile_app
6456,583,2025-05-07,organic,mobile_app
6457,408,2025-02-19,social,mobile_web
6458,114,2025-06-13,direct,mobile_web
6459,976,2025-04-22,social,mobile_app
6460,987,2025-02-28,paid_ads,mobile_web
6461,625,2025-05-23,organic,mobile_app
6462,721,2025-06-17,email,mobile_app
6463,1069,2025-03-13,social,desktop
6464,260,2025-05-19,social,mobile_web
6465,958,2025-05-04,paid_ads,mobile_web
6466,303,2025-05-03,paid_ads,mobile_app
6467,327,2025-05-12,paid_ads,mobile_web
6468,249,2025-05-10,direct,mobile_app
6469,471,2025-05-08,social,mobile_web
6470,752,2025-02-10,social,mobile_app
6471,1075,2025-06-06,direct,mobile_web
6472,711,2025-06-06,social,mobile_app
6473,1094,2025-01-05,social,mobile_app
6474,491,2025-04-07,paid_ads,mobile_web
6475,1159,2025-06-23,email,mobile_web
6476,67,2025-06-09,email,mobile_app
6477,892,2025-01-14,email,desktop
6478,693,2025-05-30,organic,mobile_web
6479,513,2025-06-08,paid_ads,mobile_app
6480,1098,2025-05-22,organic,mobile_app
6481,536,2025-05-27,paid_ads,mobile_web
6482,716,2025-03-23,paid_ads,mobile_web
6483,143,2025-01-29,email,desktop
6484,748,2025-06-18,social,mobile_app
6485,97,2025-05-16,organic,mobile_app
6486,128,2025-02-09,social,mobile_app
6487,800,2025-03-21,email,desktop
6488,166,2025-06-29,social,mobile_web
6489,733,2025-03-30,organic,desktop
6490,487,2025-05-11,email,mobile_app
6491,539,2025-05-23,direct,mobile_app
6492,1040,2025-04-29,direct,mobile_app
6493,353,2025-03-12,direct,mobile_app
6494,780,2025-03-16,social,mobile_app
6495,411,2025-05-18,organic,mobile_app
6496,1124,2025-05-15,social,mobile_web
6497,1185,2025-03-02,organic,mobile_app
6498,1081,2025-04-27,paid_ads,mobile_app
6499,1074,2025-05-24,social,desktop
6500,247,2025-01-30,direct,mobile_app
6501,94,2025-02-27,direct,desktop
6502,866,2025-05-16,organic,desktop
6503,508,2025-02-13,paid_ads,mobile_app
6504,333,2025-01-11,paid_ads,mobile_app
6505,257,2025-04-08,social,mobile_app
6506,541,2025-03-28,organic,mobile_web
6507,1116,2025-02-10,paid_ads,mobile_web
6508,364,2025-05-28,direct,mobile_app
6509,1157,2025-05-13,organic,mobile_web
6510,1013,2025-06-18,organic,mobile_app
6511,319,2025-01-21,social,mobile_app
6512,53,2025-02-25,paid_ads,mobile_app
6513,604,2025-04-22,paid_ads,desktop
6514,432,2025-02-19,email,mobile_web
6515,602,2025-02-17,social,mobile_web
6516,370,2025-05-13,paid_ads,mobile_web
6517,444,2025-04-20,paid_ads,mobile_app
6518,1006,2025-04-01,paid_ads,mobile_web
6519,354,2025-05-02,paid_ads,mobile_web
6520,214,2025-06-13,organic,desktop
6521,182,2025-06-07,paid_ads,desktop
6522,471,2025-01-06,social,mobile_web
6523,759,2025-03-28,direct,mobile_app
6524,421,2025-01-03,social,mobile_app
6525,919,2025-01-01,paid_ads,mobile_app
6526,41,2025-03-02,direct,mobile_web
6527,1006,2025-02-02,organic,mobile_web
6528,822,2025-06-27,organic,mobile_web
6529,492,2025-01-11,social,mobile_app
6530,1151,2025-04-29,direct,mobile_web
6531,1092,2025-03-20,direct,desktop
6532,632,2025-04-08,organic,mobile_web
6533,848,2025-04-07,organic,mobile_web
6534,973,2025-06-15,email,mobile_app
6535,1041,2025-02-09,direct,mobile_app
6536,1111,2025-04-17,paid_ads,mobile_app
6537,598,2025-04-20,social,mobile_web
6538,530,2025-05-14,paid_ads,mobile_app
6539,130,2025-04-25,direct,mobile_web
6540,426,2025-06-11,paid_ads,mobile_web
6541,864,2025-04-22,social,mobile_app
6542,480,2025-05-31,organic,mobile_app
6543,485,2025-02-15,paid_ads,mobile_app
6544,826,2025-05-22,social,mobile_web
6545,997,2025-02-03,organic,mobile_app
6546,666,2025-04-18,social,mobile_app
6547,821,2025-03-19,direct,mobile_web
6548,463,2025-02-11,email,mobile_app
6549,695,2025-06-29,direct,desktop
6550,981,2025-04-03,social,desktop
6551,230,2025-06-21,paid_ads,desktop
6552,215,2025-04-25,organic,mobile_web
6553,1058,2025-03-08,social,mobile_app
6554,1105,2025-03-28,paid_ads,mobile_app
6555,364,2025-01-27,paid_ads,mobile_app
6556,638,2025-06-04,email,mobile_web
6557,1014,2025-02-03,organic,mobile_app
6558,1151,2025-01-06,paid_ads,mobile_app
6559,1028,2025-03-23,organic,desktop
6560,526,2025-04-22,organic,mobile_app
6561,293,2025-06-26,paid_ads,mobile_app
6562,1132,2025-04-16,direct,desktop
6563,1105,2025-05-07,direct,mobile_app
6564,230,2025-01-30,organic,mobile_app
6565,938,2025-01-19,paid_ads,mobile_app
6566,272,2025-05-24,direct,mobile_app
6567,1184,2025-01-21,direct,mobile_app
6568,543,2025-03-10,direct,mobile_app
6569,580,2025-02-02,email,mobile_app
6570,1168,2025-05-13,direct,desktop
6571,429,2025-02-10,direct,mobile_app
6572,194,2025-03-30,paid_ads,mobile_web
6573,26,2025-03-05,social,mobile_app
6574,149,2025-04-25,social,desktop
6575,732,2025-01-28,direct,mobile_web
6576,479,2025-03-25,paid_ads,mobile_app
6577,1067,2025-05-20,social,mobile_app
6578,407,2025-03-30,social,desktop
6579,545,2025-02-22,organic,mobile_web
6580,83,2025-02-21,organic,mobile_app
6581,511,2025-05-12,social,mobile_app
6582,222,2025-04-26,paid_ads,mobile_app
6583,616,2025-02-25,email,mobile_app
6584,1101,2025-02-01,email,mobile_app
6585,700,2025-05-18,organic,desktop
6586,587,2025-05-10,paid_ads,mobile_app
6587,916,2025-02-28,social,mobile_app
6588,454,2025-03-01,social,mobile_app
6589,516,2025-05-04,organic,desktop
6590,106,2025-04-03,direct,mobile_web
6591,256,2025-03-07,paid_ads,mobile_web
6592,815,2025-05-29,direct,mobile_app
6593,12,2025-04-15,email,mobile_web
6594,347,2025-02-26,direct,desktop
6595,917,2025-03-01,paid_ads,mobile_web
6596,933,2025-02-01,organic,desktop
6597,397,2025-05-16,social,mobile_app
6598,1086,2025-01-18,email,mobile_web
6599,1142,2025-02-13,direct,mobile_web
6600,468,2025-04-04,paid_ads,mobile_app
6601,943,2025-05-04,paid_ads,mobile_app
6602,1039,2025-01-12,direct,desktop
6603,344,2025-06-29,organic,mobile_web
6604,858,2025-02-10,direct,desktop
6605,907,2025-06-10,paid_ads,mobile_web
6606,315,2025-02-13,social,mobile_app
6607,178,2025-04-14,social,mobile_app
6608,411,2025-03-14,organic,mobile_app
6609,177,2025-01-21,social,desktop
6610,186,2025-03-13,paid_ads,mobile_app
6611,994,2025-04-03,email,mobile_app
6612,1127,2025-04-17,direct,desktop
6613,116,2025-04-28,direct,mobile_app
6614,450,2025-06-10,organic,mobile_web
6615,178,2025-03-05,paid_ads,mobile_app
6616,244,2025-03-24,social,mobile_app
6617,1124,2025-04-04,organic,mobile_app
6618,606,2025-02-13,paid_ads,mobile_app
6619,830,2025-01-20,direct,mobile_app
6620,395,2025-04-11,organic,mobile_app
6621,396,2025-06-05,social,mobile_app
6622,163,2025-04-07,paid_ads,desktop
6623,1200,2025-05-16,social,mobile_app
6624,370,2025-02-11,email,desktop
6625,825,2025-06-25,paid_ads,mobile_app
6626,51,2025-01-16,email,mobile_app
6627,1026,2025-03-21,direct,mobile_app
6628,609,2025-06-25,organic,mobile_web
6629,155,2025-01-05,social,mobile_app
6630,300,2025-02-27,social,mobile_web
6631,376,2025-06-04,paid_ads,mobile_app
6632,90,2025-02-07,email,mobile_app
6633,925,2025-03-25,organic,mobile_app
6634,69,2025-05-22,direct,desktop
6635,334,2025-04-24,paid_ads,desktop
6636,791,2025-04-23,paid_ads,desktop
6637,256,2025-03-08,paid_ads,desktop
6638,40,2025-06-25,paid_ads,mobile_web
6639,603,2025-01-28,organic,mobile_web
6640,204,2025-04-24,paid_ads,mobile_app
6641,1015,2025-04-19,organic,mobile_app
6642,229,2025-06-27,social,mobile_app
6643,112,2025-04-07,organic,mobile_app
6644,932,2025-06-02,social,mobile_web
6645,425,2025-06-04,organic,desktop
6646,119,2025-05-19,organic,mobile_web
6647,1060,2025-03-22,social,mobile_app
6648,219,2025-05-18,social,mobile_app
6649,564,2025-01-05,paid_ads,mobile_web
6650,736,2025-06-19,paid_ads,mobile_web
6651,374,2025-03-25,paid_ads,mobile_app
6652,161,2025-01-07,organic,mobile_web
6653,951,2025-02-18,email,mobile_web
6654,36,2025-03-07,organic,mobile_app
6655,977,2025-05-07,email,mobile_web
6656,501,2025-02-14,direct,desktop
6657,628,2025-01-16,organic,mobile_web
6658,935,2025-06-09,paid_ads,mobile_web
6659,831,2025-05-08,social,mobile_web
6660,541,2025-02-08,social,mobile_web
6661,659,2025-02-04,paid_ads,mobile_app
6662,602,2025-04-26,social,mobile_app
6663,934,2025-05-07,email,mobile_web
6664,351,2025-05-01,organic,desktop
6665,231,2025-05-07,organic,mobile_web
6666,907,2025-05-28,social,mobile_app
6667,755,2025-04-17,organic,desktop
6668,347,2025-03-21,direct,mobile_app
6669,238,2025-05-18,direct,mobile_app
6670,1170,2025-03-05,organic,mobile_web
6671,85,2025-03-14,direct,mobile_app
6672,532,2025-02-16,social,mobile_app
6673,90,2025-02-06,paid_ads,mobile_app
6674,120,2025-01-17,direct,mobile_app
6675,1117,2025-06-15,direct,mobile_app
6676,321,2025-06-06,paid_ads,desktop
6677,260,2025-03-25,paid_ads,mobile_web
6678,52,2025-06-20,social,mobile_app
6679,344,2025-02-28,direct,desktop
6680,321,2025-05-16,organic,mobile_app
6681,736,2025-03-30,paid_ads,mobile_app
6682,40,2025-02-25,email,mobile_app
6683,328,2025-01-06,organic,mobile_app
6684,531,2025-01-23,paid_ads,mobile_web
6685,126,2025-01-31,direct,mobile_app
6686,887,2025-05-11,paid_ads,mobile_app
6687,1083,2025-05-01,organic,mobile_app
6688,826,2025-05-02,direct,mobile_app
6689,819,2025-06-01,paid_ads,mobile_app
6690,120,2025-05-10,paid_ads,desktop
6691,740,2025-05-23,social,mobile_web
6692,367,2025-01-12,paid_ads,mobile_app
6693,1023,2025-04-13,email,mobile_web
6694,139,2025-04-25,direct,mobile_app
6695,772,2025-06-06,organic,mobile_app
6696,567,2025-06-07,paid_ads,mobile_app
6697,718,2025-06-15,paid_ads,mobile_app
6698,97,2025-04-02,social,mobile_app
6699,950,2025-03-16,organic,desktop
6700,811,2025-03-06,organic,mobile_web
6701,308,2025-02-17,direct,mobile_web
6702,837,2025-02-09,organic,mobile_app
6703,737,2025-02-23,direct,mobile_web
6704,471,2025-06-23,organic,desktop
6705,746,2025-01-01,organic,desktop
6706,559,2025-06-06,organic,desktop
6707,116,2025-04-23,social,desktop
6708,544,2025-04-06,social,mobile_app
6709,327,2025-01-25,paid_ads,mobile_app
6710,413,2025-01-15,social,mobile_app
6711,351,2025-05-05,organic,desktop
6712,936,2025-02-06,organic,mobile_app
6713,363,2025-01-25,organic,mobile_app
6714,320,2025-04-08,paid_ads,desktop
6715,721,2025-06-01,paid_ads,mobile_app
6716,403,2025-04-13,email,mobile_web
6717,413,2025-05-22,social,mobile_app
6718,147,2025-04-30,direct,mobile_app
6719,793,2025-01-08,social,desktop
6720,708,2025-03-02,direct,mobile_app
6721,45,2025-03-08,direct,mobile_app
6722,1020,2025-01-04,direct,mobile_web
6723,315,2025-03-30,organic,mobile_app
6724,110,2025-03-14,email,mobile_web
6725,641,2025-06-11,paid_ads,mobile_web
6726,570,2025-03-10,email,mobile_app
6727,339,2025-01-04,direct,desktop
6728,1185,2025-01-13,paid_ads,mobile_app
6729,134,2025-01-11,social,mobile_app
6730,785,2025-03-07,organic,mobile_app
6731,130,2025-02-07,paid_ads,desktop
6732,554,2025-02-09,paid_ads,mobile_web
6733,1189,2025-02-01,direct,mobile_app
6734,60,2025-02-10,organic,mobile_app
6735,1039,2025-05-04,paid_ads,mobile_web
6736,1145,2025-06-20,paid_ads,desktop
6737,465,2025-03-10,social,desktop
6738,656,2025-06-24,direct,mobile_app
6739,1189,2025-04-30,social,mobile_app
6740,153,2025-05-09,email,desktop
6741,141,2025-04-09,email,mobile_web
6742,791,2025-03-22,email,mobile_app
6743,71,2025-06-06,organic,mobile_web
6744,167,2025-06-11,paid_ads,mobile_app
6745,183,2025-05-28,email,desktop
6746,286,2025-05-04,organic,mobile_web
6747,810,2025-05-27,paid_ads,desktop
6748,1106,2025-05-17,organic,mobile_app
6749,832,2025-05-01,organic,mobile_app
6750,995,2025-02-23,email,mobile_app
6751,363,2025-05-14,paid_ads,mobile_web
6752,66,2025-02-22,paid_ads,desktop
6753,352,2025-06-28,email,mobile_app
6754,441,2025-05-04,paid_ads,mobile_app
6755,713,2025-04-20,paid_ads,mobile_web
6756,726,2025-06-09,organic,mobile_app
6757,756,2025-02-13,social,mobile_web
6758,67,2025-05-28,email,mobile_app
6759,936,2025-02-06,paid_ads,mobile_app
6760,432,2025-01-13,organic,desktop
6761,182,2025-05-02,paid_ads,mobile_app
6762,941,2025-04-29,paid_ads,mobile_app
6763,512,2025-06-07,direct,mobile_app
6764,513,2025-03-13,social,mobile_web
6765,396,2025-03-20,paid_ads,mobile_web
6766,1194,2025-01-31,organic,mobile_app
6767,364,2025-04-09,organic,mobile_app
6768,524,2025-04-29,social,mobile_app
6769,892,2025-03-04,social,mobile_app
6770,290,2025-04-15,organic,mobile_app
6771,122,2025-02-11,email,desktop
6772,322,2025-04-22,paid_ads,mobile_app
6773,1198,2025-06-18,paid_ads,mobile_app
6774,986,2025-04-30,direct,mobile_app
6775,404,2025-01-12,direct,mobile_app
6776,881,2025-03-28,organic,mobile_app
6777,1089,2025-01-12,organic,mobile_web
6778,931,2025-05-30,social,mobile_app
6779,934,2025-02-09,paid_ads,mobile_app
6780,54,2025-01-05,paid_ads,mobile_app
6781,751,2025-02-27,email,mobile_app
6782,183,2025-05-02,organic,mobile_app
6783,1145,2025-05-10,organic,desktop
6784,145,2025-06-16,paid_ads,mobile_app
6785,1021,2025-01-27,paid_ads,mobile_app
6786,964,2025-02-24,organic,mobile_app
6787,946,2025-01-19,organic,mobile_web
6788,855,2025-01-13,direct,mobile_app
6789,1156,2025-04-06,social,desktop
6790,382,2025-02-20,organic,mobile_app
6791,1099,2025-02-01,paid_ads,mobile_app
6792,113,2025-04-09,paid_ads,desktop
6793,669,2025-01-20,organic,mobile_app
6794,85,2025-03-12,direct,mobile_web
6795,447,2025-02-21,social,desktop
6796,1174,2025-03-17,organic,mobile_web
6797,391,2025-02-03,organic,mobile_app
6798,1073,2025-02-16,email,mobile_app
6799,437,2025-04-12,paid_ads,mobile_app
6800,628,2025-06-28,social,desktop
6801,1135,2025-04-02,organic,desktop
6802,568,2025-03-28,paid_ads,mobile_web
6803,1120,2025-05-17,email,mobile_app
6804,197,2025-01-28,social,mobile_web
6805,238,2025-05-28,social,mobile_app
6806,493,2025-03-25,email,desktop
6807,1038,2025-02-23,organic,mobile_app
6808,251,2025-03-23,social,mobile_app
6809,166,2025-04-06,direct,mobile_app
6810,988,2025-01-30,social,mobile_app
6811,1091,2025-03-05,paid_ads,mobile_app
6812,1107,2025-06-09,paid_ads,mobile_web
6813,1094,2025-03-17,social,mobile_app
6814,1038,2025-01-28,paid_ads,mobile_app
6815,1072,2025-02-02,paid_ads,mobile_web
6816,1064,2025-05-25,social,mobile_app
6817,786,2025-03-17,social,mobile_app
6818,6,2025-01-20,organic,mobile_web
6819,183,2025-02-27,paid_ads,mobile_app
6820,1055,2025-03-16,email,mobile_web
6821,136,2025-04-16,organic,desktop
6822,586,2025-03-05,organic,mobile_web
6823,916,2025-04-09,social,mobile_web
6824,941,2025-05-02,organic,mobile_app
6825,350,2025-03-17,social,mobile_app
6826,608,2025-05-05,organic,mobile_app
6827,207,2025-04-07,paid_ads,mobile_app
6828,949,2025-02-21,paid_ads,mobile_app
6829,310,2025-06-25,organic,mobile_app
6830,1126,2025-01-08,social,mobile_app
6831,984,2025-05-02,organic,desktop
6832,579,2025-06-08,direct,desktop
6833,731,2025-06-25,organic,mobile_app
6834,1000,2025-03-13,direct,mobile_app
6835,909,2025-02-16,email,desktop
6836,281,2025-06-08,organic,mobile_app
6837,913,2025-05-19,organic,desktop
6838,852,2025-06-11,organic,mobile_app
6839,794,2025-01-21,organic,mobile_app
6840,826,2025-01-25,email,mobile_app
6841,296,2025-04-08,social,mobile_web
6842,458,2025-04-01,email,desktop
6843,753,2025-06-04,paid_ads,mobile_app
6844,201,2025-06-20,organic,mobile_web
6845,65,2025-01-13,social,mobile_app
6846,542,2025-03-04,social,mobile_web
6847,28,2025-06-09,organic,desktop
6848,671,2025-02-24,paid_ads,desktop
6849,363,2025-02-14,organic,mobile_app
6850,684,2025-05-23,paid_ads,mobile_app
6851,400,2025-03-31,social,mobile_app
6852,100,2025-03-28,paid_ads,mobile_web
6853,883,2025-03-03,organic,mobile_web
6854,933,2025-04-09,paid_ads,mobile_web
6855,463,2025-03-06,organic,mobile_app
6856,865,2025-03-04,organic,mobile_app
6857,126,2025-03-27,email,desktop
6858,1066,2025-02-15,direct,mobile_web
6859,335,2025-04-15,direct,mobile_app
6860,1189,2025-02-04,organic,mobile_app
6861,805,2025-02-19,email,mobile_app
6862,416,2025-02-27,organic,mobile_web
6863,343,2025-04-18,direct,mobile_web
6864,235,2025-04-28,social,mobile_app
6865,882,2025-04-14,social,mobile_web
6866,246,2025-02-07,social,mobile_app
6867,1057,2025-06-20,paid_ads,desktop
6868,144,2025-06-05,direct,desktop
6869,539,2025-01-18,organic,mobile_app
6870,416,2025-01-22,email,desktop
6871,617,2025-03-04,direct,mobile_app
6872,21,2025-05-03,direct,mobile_app
6873,997,2025-02-28,direct,desktop
6874,739,2025-06-28,direct,mobile_app
6875,434,2025-01-29,paid_ads,mobile_app
6876,629,2025-04-26,organic,mobile_web
6877,411,2025-05-09,organic,mobile_app
6878,222,2025-01-26,organic,mobile_web
6879,867,2025-03-13,email,desktop
6880,905,2025-06-14,email,mobile_web
6881,229,2025-02-22,paid_ads,mobile_app
6882,396,2025-01-05,organic,mobile_app
6883,450,2025-01-21,organic,mobile_app
6884,81,2025-04-09,organic,mobile_web
6885,734,2025-05-15,social,mobile_web
6886,276,2025-02-24,paid_ads,mobile_web
6887,883,2025-02-07,paid_ads,mobile_app
6888,889,2025-02-10,paid_ads,mobile_web
6889,364,2025-02-27,social,mobile_app
6890,250,2025-02-04,social,mobile_web
6891,600,2025-03-22,organic,mobile_web
6892,136,2025-05-02,email,mobile_app
6893,698,2025-05-23,social,mobile_app
6894,378,2025-06-01,organic,mobile_app
6895,928,2025-04-29,organic,mobile_app
6896,1109,2025-02-03,social,desktop
6897,1193,2025-06-02,organic,mobile_app
6898,553,2025-06-27,social,mobile_app
6899,78,2025-02-28,email,mobile_app
6900,456,2025-05-13,organic,mobile_app
6901,840,2025-04-26,paid_ads,mobile_web
6902,1177,2025-04-28,social,mobile_app
6903,833,2025-05-24,social,desktop
6904,1116,2025-05-09,email,mobile_web
6905,572,2025-04-06,social,desktop
6906,117,2025-05-07,social,mobile_app
6907,399,2025-05-30,paid_ads,mobile_app
6908,120,2025-04-27,social,desktop
6909,894,2025-03-08,direct,mobile_app
6910,332,2025-05-02,social,mobile_app
6911,151,2025-01-05,social,mobile_app
6912,780,2025-02-22,paid_ads,mobile_app
6913,1153,2025-01-24,direct,mobile_app
6914,417,2025-05-22,paid_ads,desktop
6915,272,2025-02-21,organic,mobile_web
6916,1194,2025-05-01,organic,desktop
6917,87,2025-06-07,social,mobile_app
6918,801,2025-02-01,direct,mobile_app
6919,229,2025-04-04,organic,mobile_app
6920,1171,2025-04-05,organic,mobile_app
6921,148,2025-01-06,direct,mobile_app
6922,377,2025-03-11,paid_ads,desktop
6923,471,2025-04-12,direct,mobile_web
6924,735,2025-05-18,direct,mobile_web
6925,1190,2025-04-01,social,desktop
6926,399,2025-01-13,organic,mobile_app
6927,533,2025-01-24,organic,mobile_app
6928,155,2025-05-26,paid_ads,mobile_app
6929,224,2025-03-16,organic,mobile_app
6930,1185,2025-03-29,email,desktop
6931,362,2025-01-18,organic,mobile_web
6932,682,2025-04-09,paid_ads,mobile_web
6933,1000,2025-01-27,organic,desktop
6934,1151,2025-04-25,direct,mobile_app
6935,393,2025-06-06,organic,desktop
6936,1025,2025-03-14,social,mobile_web
6937,110,2025-05-17,social,mobile_web
6938,842,2025-03-29,email,mobile_app
6939,44,2025-06-23,direct,mobile_app
6940,193,2025-01-23,organic,mobile_web
6941,1178,2025-03-13,organic,desktop
6942,74,2025-06-02,direct,mobile_app
6943,107,2025-04-20,paid_ads,mobile_app
6944,421,2025-01-13,organic,mobile_app
6945,1063,2025-03-17,social,mobile_app
6946,97,2025-02-23,email,mobile_app
6947,35,2025-03-14,direct,mobile_app
6948,764,2025-04-11,direct,mobile_web
6949,801,2025-05-28,paid_ads,mobile_web
6950,858,2025-01-17,organic,mobile_app
6951,29,2025-04-12,email,mobile_app
6952,89,2025-03-04,direct,desktop
6953,115,2025-05-08,direct,mobile_app
6954,1014,2025-05-16,direct,desktop
6955,293,2025-02-26,direct,mobile_app
6956,940,2025-05-08,social,mobile_web
6957,551,2025-04-27,organic,mobile_app
6958,850,2025-04-27,social,desktop
6959,473,2025-03-27,email,mobile_web
6960,841,2025-02-28,paid_ads,mobile_web
6961,627,2025-04-27,paid_ads,mobile_app
6962,1090,2025-04-30,email,desktop
6963,746,2025-03-26,organic,mobile_web
6964,222,2025-02-07,direct,desktop
6965,168,2025-01-12,paid_ads,desktop
6966,172,2025-01-26,paid_ads,mobile_app
6967,521,2025-04-25,paid_ads,mobile_web
6968,276,2025-02-22,organic,mobile_web
6969,234,2025-05-15,social,mobile_app
6970,962,2025-01-23,email,mobile_app
6971,854,2025-03-26,social,mobile_web
6972,16,2025-01-10,organic,mobile_app
6973,1088,2025-03-11,organic,mobile_app
6974,201,2025-03-20,social,mobile_web
6975,235,2025-03-30,social,mobile_app
6976,253,2025-06-10,organic,mobile_web
6977,624,2025-02-25,organic,mobile_app
6978,201,2025-03-23,email,mobile_web
6979,577,2025-06-10,paid_ads,mobile_web
6980,457,2025-01-02,paid_ads,desktop
6981,493,2025-06-08,social,desktop
6982,189,2025-05-29,direct,mobile_app
6983,586,2025-01-03,email,mobile_app
6984,226,2025-01-03,organic,mobile_app
6985,463,2025-04-17,organic,mobile_app
6986,973,2025-02-17,direct,mobile_web
6987,952,2025-03-13,paid_ads,mobile_web
6988,462,2025-03-20,organic,desktop
6989,116,2025-06-26,direct,mobile_app
6990,525,2025-01-14,paid_ads,mobile_web
6991,974,2025-02-01,email,mobile_app
6992,397,2025-05-29,social,mobile_app
6993,789,2025-01-15,social,mobile_app
6994,1158,2025-06-29,organic,mobile_app
6995,862,2025-01-22,paid_ads,mobile_app
6996,1059,2025-04-20,email,mobile_app
6997,215,2025-02-21,paid_ads,mobile_app
6998,1166,2025-01-04,organic,mobile_app
6999,818,2025-01-30,email,mobile_app
7000,148,2025-06-19,organic,mobile_app
7001,41,2025-03-19,organic,mobile_web
7002,1141,2025-05-11,organic,mobile_app
7003,140,2025-01-04,organic,desktop
7004,974,2025-04-14,paid_ads,mobile_app
7005,487,2025-02-19,organic,desktop
7006,672,2025-01-21,direct,mobile_app
7007,976,2025-05-21,paid_ads,desktop
7008,404,2025-02-09,social,desktop
7009,458,2025-03-19,paid_ads,desktop
7010,672,2025-04-29,direct,desktop
7011,726,2025-05-28,email,mobile_app
7012,1011,2025-04-24,paid_ads,mobile_app
7013,903,2025-03-21,direct,mobile_app
7014,280,2025-01-11,direct,mobile_app
7015,1004,2025-03-19,direct,mobile_web
7016,397,2025-02-23,paid_ads,mobile_app
7017,182,2025-03-12,organic,mobile_web
7018,885,2025-02-20,paid_ads,mobile_app
7019,817,2025-06-05,direct,mobile_app
7020,160,2025-06-17,email,mobile_app
7021,177,2025-06-04,social,mobile_app
7022,22,2025-05-26,social,desktop
7023,847,2025-03-30,direct,mobile_app
7024,845,2025-01-19,paid_ads,mobile_app
7025,59,2025-05-14,organic,mobile_web
7026,780,2025-04-20,organic,mobile_app
7027,1185,2025-04-02,social,desktop
7028,950,2025-06-05,paid_ads,desktop
7029,1190,2025-02-12,social,mobile_app
7030,194,2025-01-30,email,desktop
7031,595,2025-03-27,direct,desktop
7032,225,2025-03-03,paid_ads,desktop
7033,346,2025-03-16,direct,mobile_web
7034,952,2025-05-16,organic,mobile_web
7035,567,2025-03-22,social,mobile_app
7036,692,2025-03-10,direct,mobile_app
7037,132,2025-02-05,direct,mobile_web
7038,566,2025-04-28,direct,mobile_app
7039,70,2025-05-23,paid_ads,desktop
7040,752,2025-05-12,email,desktop
7041,510,2025-01-17,organic,mobile_app
7042,847,2025-03-30,direct,desktop
7043,587,2025-02-21,organic,mobile_app
7044,760,2025-04-01,paid_ads,mobile_app
7045,850,2025-05-11,social,mobile_app
7046,1010,2025-05-29,direct,desktop
7047,643,2025-06-18,email,desktop
7048,157,2025-02-14,organic,mobile_web
7049,45,2025-05-16,social,mobile_web
7050,598,2025-05-30,paid_ads,mobile_web
7051,603,2025-03-27,paid_ads,mobile_app
7052,405,2025-05-19,organic,mobile_web
7053,111,2025-01-30,organic,desktop
7054,127,2025-01-05,paid_ads,mobile_app
7055,588,2025-04-01,direct,mobile_app
7056,59,2025-05-13,direct,mobile_web
7057,143,2025-06-19,organic,mobile_app
7058,945,2025-02-28,direct,mobile_app
7059,339,2025-01-06,social,mobile_web
7060,510,2025-03-09,social,mobile_web
7061,568,2025-03-15,paid_ads,desktop
7062,344,2025-05-01,direct,mobile_web
7063,144,2025-06-14,social,mobile_web
7064,448,2025-02-21,email,mobile_app
7065,545,2025-05-04,direct,mobile_app
7066,444,2025-05-10,social,mobile_web
7067,843,2025-01-01,organic,mobile_app
7068,654,2025-04-27,social,mobile_app
7069,499,2025-03-18,social,mobile_app
7070,1054,2025-03-07,paid_ads,mobile_web
7071,802,2025-06-07,organic,mobile_web
7072,34,2025-01-28,paid_ads,mobile_app
7073,230,2025-02-22,organic,mobile_app
7074,819,2025-01-04,direct,desktop
7075,24,2025-02-25,email,mobile_web
7076,287,2025-03-08,social,mobile_app
7077,482,2025-06-24,organic,mobile_app
7078,557,2025-04-21,paid_ads,mobile_app
7079,1078,2025-03-01,social,mobile_app
7080,320,2025-06-29,social,mobile_app
7081,292,2025-04-09,organic,mobile_web
7082,733,2025-06-09,organic,mobile_app
7083,997,2025-01-05,organic,mobile_app
7084,609,2025-02-21,direct,mobile_web
7085,471,2025-03-19,social,mobile_app
7086,1180,2025-04-13,organic,mobile_app
7087,523,2025-02-23,paid_ads,mobile_app
7088,1197,2025-06-27,social,mobile_app
7089,988,2025-02-01,paid_ads,mobile_app
7090,526,2025-05-25,organic,desktop
7091,457,2025-04-12,paid_ads,mobile_web
7092,959,2025-01-18,paid_ads,mobile_app
7093,550,2025-06-29,direct,mobile_app
7094,1001,2025-06-06,direct,desktop
7095,935,2025-04-06,email,desktop
7096,916,2025-01-27,organic,mobile_app
7097,795,2025-04-16,paid_ads,mobile_app
7098,174,2025-06-21,paid_ads,mobile_app
7099,570,2025-03-09,paid_ads,mobile_app
7100,619,2025-03-18,organic,mobile_web
7101,1130,2025-02-04,social,desktop
7102,526,2025-01-21,email,mobile_app
7103,253,2025-04-12,social,desktop
7104,977,2025-05-11,direct,mobile_app
7105,280,2025-01-07,organic,mobile_app
7106,1193,2025-04-03,direct,mobile_app
7107,845,2025-03-24,organic,mobile_web
7108,411,2025-05-17,organic,mobile_app
7109,81,2025-04-15,direct,mobile_app
7110,774,2025-04-08,direct,mobile_web
7111,164,2025-01-01,organic,mobile_app
7112,422,2025-06-13,organic,mobile_web
7113,363,2025-05-31,direct,desktop
7114,1170,2025-03-09,direct,mobile_app
7115,536,2025-05-27,organic,mobile_app
7116,530,2025-01-31,social,mobile_web
7117,610,2025-03-04,organic,mobile_web
7118,942,2025-01-01,organic,mobile_web
7119,53,2025-06-06,social,mobile_web
7120,712,2025-03-20,direct,mobile_app
7121,385,2025-01-29,organic,mobile_web
7122,350,2025-05-18,paid_ads,mobile_app
7123,857,2025-06-10,organic,mobile_app
7124,595,2025-05-09,paid_ads,mobile_app
7125,442,2025-01-20,organic,mobile_app
7126,1049,2025-05-06,direct,mobile_app
7127,652,2025-01-16,organic,desktop
7128,507,2025-05-17,paid_ads,mobile_app
7129,532,2025-06-13,organic,desktop
7130,583,2025-03-04,organic,mobile_app
7131,32,2025-06-15,organic,desktop
7132,97,2025-05-13,direct,mobile_web
7133,1153,2025-06-08,direct,mobile_app
7134,1095,2025-01-23,organic,desktop
7135,353,2025-03-13,organic,mobile_web
7136,732,2025-06-29,social,mobile_app
7137,988,2025-04-03,organic,desktop
7138,262,2025-03-12,organic,mobile_app
7139,820,2025-03-10,paid_ads,desktop
7140,1018,2025-06-04,paid_ads,mobile_app
7141,351,2025-02-10,organic,mobile_app
7142,848,2025-05-29,paid_ads,mobile_web
7143,227,2025-04-15,social,mobile_app
7144,1102,2025-03-29,paid_ads,mobile_app
7145,363,2025-05-13,social,mobile_app
7146,1197,2025-05-04,social,mobile_app
7147,857,2025-05-20,email,mobile_app
7148,917,2025-01-11,direct,mobile_app
7149,276,2025-02-14,social,mobile_app
7150,205,2025-01-18,social,mobile_web
7151,77,2025-03-03,direct,mobile_web
7152,664,2025-01-04,paid_ads,desktop
7153,790,2025-04-08,social,mobile_app
7154,140,2025-05-31,organic,mobile_app
7155,466,2025-03-10,organic,mobile_web
7156,745,2025-03-07,paid_ads,mobile_web
7157,328,2025-05-07,paid_ads,mobile_web
7158,398,2025-04-08,social,mobile_app
7159,1174,2025-06-24,social,mobile_app
7160,506,2025-02-16,paid_ads,mobile_app
7161,560,2025-03-13,organic,mobile_web
7162,588,2025-05-13,email,mobile_app
7163,844,2025-01-22,direct,mobile_web
7164,842,2025-03-19,paid_ads,mobile_web
7165,310,2025-06-23,direct,mobile_web
7166,893,2025-02-02,email,mobile_app
7167,164,2025-03-05,organic,mobile_app
7168,856,2025-05-18,direct,mobile_web
7169,619,2025-01-16,organic,mobile_app
7170,355,2025-01-18,organic,mobile_web
7171,3,2025-04-12,organic,mobile_web
7172,529,2025-04-07,organic,mobile_web
7173,747,2025-04-14,email,desktop
7174,1023,2025-03-07,social,mobile_web
7175,877,2025-01-11,organic,desktop
7176,892,2025-04-03,organic,mobile_web
7177,1160,2025-03-19,direct,mobile_app
7178,529,2025-02-01,organic,mobile_web
7179,32,2025-03-30,email,desktop
7180,1188,2025-01-25,paid_ads,mobile_app
7181,784,2025-01-09,email,mobile_app
7182,944,2025-06-08,organic,mobile_web
7183,467,2025-03-19,paid_ads,desktop
7184,1139,2025-01-22,social,mobile_app
7185,704,2025-01-15,organic,mobile_app
7186,888,2025-01-19,paid_ads,mobile_app
7187,894,2025-01-23,social,desktop
7188,1023,2025-05-13,direct,mobile_app
7189,1039,2025-02-26,organic,desktop
7190,346,2025-03-22,paid_ads,desktop
7191,166,2025-01-09,email,mobile_web
7192,174,2025-04-12,direct,desktop
7193,1060,2025-02-03,direct,desktop
7194,715,2025-05-20,email,mobile_web
7195,1054,2025-04-05,organic,mobile_app
7196,944,2025-01-03,social,mobile_web
7197,1014,2025-04-20,organic,mobile_app
7198,1193,2025-06-12,organic,desktop
7199,430,2025-05-01,email,desktop
7200,524,2025-02-08,organic,mobile_app
7201,532,2025-03-24,organic,mobile_web
7202,502,2025-03-06,direct,mobile_web
7203,497,2025-04-24,email,mobile_app
7204,66,2025-06-01,paid_ads,mobile_app
7205,518,2025-04-02,direct,mobile_web
7206,288,2025-06-06,direct,desktop
7207,1102,2025-04-16,social,mobile_app
7208,677,2025-05-18,paid_ads,mobile_app
7209,282,2025-05-02,organic,mobile_web
7210,992,2025-01-23,email,mobile_web
7211,380,2025-01-07,social,mobile_app
7212,162,2025-05-26,email,mobile_web
7213,267,2025-03-25,organic,desktop
7214,18,2025-04-27,direct,desktop
7215,673,2025-06-20,direct,mobile_app
7216,727,2025-02-23,paid_ads,desktop
7217,395,2025-02-06,paid_ads,mobile_app
7218,277,2025-05-23,paid_ads,mobile_app
7219,786,2025-06-21,social,mobile_app
7220,232,2025-04-01,organic,mobile_web
7221,1132,2025-06-12,direct,desktop
7222,268,2025-05-11,organic,mobile_web
7223,825,2025-04-15,email,mobile_web
7224,321,2025-05-07,paid_ads,mobile_app
7225,203,2025-06-14,paid_ads,mobile_app
7226,287,2025-04-07,social,mobile_web
7227,967,2025-02-04,organic,desktop
7228,1033,2025-04-24,paid_ads,mobile_app
7229,226,2025-03-16,organic,mobile_app
7230,63,2025-04-05,social,mobile_app
7231,271,2025-03-08,paid_ads,mobile_app
7232,926,2025-06-15,organic,mobile_app
7233,1070,2025-01-07,social,mobile_app
7234,970,2025-04-12,organic,mobile_app
7235,314,2025-05-01,social,mobile_app
7236,102,2025-05-18,paid_ads,mobile_app
7237,640,2025-06-05,paid_ads,mobile_app
7238,1056,2025-05-21,organic,desktop
7239,294,2025-06-27,paid_ads,mobile_web
7240,176,2025-01-09,organic,mobile_web
7241,973,2025-04-24,paid_ads,mobile_app
7242,1164,2025-06-19,organic,mobile_web
7243,441,2025-06-28,organic,mobile_app
7244,934,2025-01-16,social,mobile_web
7245,683,2025-02-17,email,desktop
7246,976,2025-01-27,email,mobile_app
7247,666,2025-04-27,paid_ads,mobile_app
7248,1032,2025-03-17,social,mobile_app
7249,987,2025-05-26,direct,desktop
7250,1074,2025-03-25,direct,mobile_app
7251,127,2025-06-15,social,desktop
7252,243,2025-02-03,paid_ads,mobile_app
7253,729,2025-05-12,organic,mobile_app
7254,975,2025-05-31,social,desktop
7255,439,2025-05-01,organic,mobile_app
7256,535,2025-03-11,social,desktop
7257,14,2025-01-03,paid_ads,mobile_app
7258,1073,2025-04-04,paid_ads,mobile_app
7259,1151,2025-03-06,organic,desktop
7260,599,2025-06-18,paid_ads,mobile_app
7261,571,2025-02-24,paid_ads,desktop
7262,622,2025-01-17,organic,mobile_web
7263,379,2025-03-09,organic,mobile_app
7264,746,2025-01-19,paid_ads,mobile_app
7265,765,2025-04-14,organic,mobile_web
7266,753,2025-01-15,paid_ads,desktop
7267,218,2025-05-15,social,mobile_app
7268,153,2025-03-05,direct,mobile_app
7269,60,2025-02-25,email,mobile_app
7270,1154,2025-05-17,direct,mobile_app
7271,1130,2025-03-17,organic,mobile_web
7272,141,2025-01-27,paid_ads,desktop
7273,146,2025-06-28,social,desktop
7274,890,2025-05-06,paid_ads,mobile_app
7275,153,2025-02-03,direct,mobile_app
7276,515,2025-05-11,organic,mobile_app
7277,613,2025-05-11,paid_ads,mobile_app
7278,356,2025-05-26,social,desktop
7279,10,2025-06-18,paid_ads,desktop
7280,851,2025-04-17,paid_ads,desktop
7281,1034,2025-02-12,paid_ads,mobile_app
7282,935,2025-01-30,email,mobile_app
7283,751,2025-02-24,paid_ads,mobile_app
7284,930,2025-03-14,email,mobile_web
7285,388,2025-02-13,paid_ads,mobile_app
7286,683,2025-06-16,paid_ads,mobile_app
7287,793,2025-06-12,paid_ads,desktop
7288,45,2025-05-29,paid_ads,mobile_app
7289,144,2025-06-08,organic,mobile_app
7290,267,2025-02-09,social,mobile_app
7291,175,2025-03-16,direct,mobile_web
7292,1051,2025-01-01,social,mobile_app
7293,334,2025-03-10,paid_ads,mobile_app
7294,617,2025-06-19,email,mobile_app
7295,1120,2025-05-21,organic,mobile_web
7296,462,2025-03-31,direct,mobile_app
7297,1138,2025-03-09,paid_ads,mobile_app
7298,855,2025-03-14,paid_ads,mobile_app
7299,859,2025-05-01,paid_ads,mobile_app
7300,782,2025-03-31,paid_ads,mobile_web
7301,271,2025-01-22,paid_ads,desktop
7302,731,2025-01-09,organic,mobile_web
7303,481,2025-03-28,paid_ads,mobile_app
7304,42,2025-02-21,email,mobile_app
7305,341,2025-01-09,direct,mobile_web
7306,987,2025-03-27,organic,mobile_app
7307,726,2025-01-29,paid_ads,mobile_web
7308,1019,2025-02-18,email,mobile_app
7309,1009,2025-01-16,direct,desktop
7310,567,2025-05-04,social,mobile_app
7311,225,2025-04-01,social,mobile_app
7312,750,2025-01-17,paid_ads,mobile_app
7313,899,2025-04-24,organic,mobile_app
7314,69,2025-05-16,organic,mobile_app
7315,90,2025-06-13,social,mobile_web
7316,1184,2025-01-24,organic,mobile_app
7317,384,2025-01-23,social,mobile_web
7318,962,2025-06-27,organic,mobile_app
7319,1014,2025-02-04,direct,desktop
7320,313,2025-05-12,social,mobile_web
7321,197,2025-04-24,paid_ads,mobile_app
7322,1028,2025-04-16,organic,mobile_web
7323,872,2025-05-03,organic,mobile_app
7324,234,2025-01-06,paid_ads,mobile_app
7325,375,2025-02-25,social,mobile_web
7326,176,2025-05-26,organic,mobile_web
7327,500,2025-06-11,paid_ads,desktop
7328,845,2025-04-01,organic,mobile_app
7329,81,2025-03-24,organic,mobile_app
7330,794,2025-01-20,email,mobile_app
7331,441,2025-01-24,paid_ads,mobile_web
7332,479,2025-06-26,direct,desktop
7333,1166,2025-05-25,paid_ads,mobile_app
7334,331,2025-04-22,paid_ads,mobile_app
7335,548,2025-03-23,paid_ads,mobile_app
7336,1176,2025-02-14,organic,mobile_web
7337,510,2025-06-07,organic,mobile_app
7338,945,2025-02-04,email,mobile_web
7339,329,2025-03-05,organic,mobile_web
7340,589,2025-05-13,organic,mobile_web
7341,778,2025-02-16,paid_ads,mobile_web
7342,869,2025-02-15,direct,mobile_app
7343,342,2025-04-13,paid_ads,mobile_app
7344,316,2025-03-08,direct,desktop
7345,394,2025-02-19,organic,mobile_app
7346,455,2025-03-19,social,mobile_app
7347,576,2025-02-15,paid_ads,desktop
7348,804,2025-05-18,direct,mobile_app
7349,284,2025-02-18,email,mobile_app
7350,153,2025-04-25,direct,mobile_app
7351,410,2025-04-05,organic,mobile_app
7352,432,2025-05-20,direct,mobile_app
7353,270,2025-06-09,paid_ads,desktop
7354,362,2025-01-08,paid_ads,mobile_app
7355,171,2025-03-29,email,mobile_web
7356,299,2025-05-23,paid_ads,mobile_app
7357,740,2025-02-06,direct,mobile_app
7358,334,2025-05-08,paid_ads,desktop
7359,334,2025-06-17,organic,mobile_app
7360,1200,2025-04-07,direct,mobile_web
7361,635,2025-05-28,social,mobile_app
7362,257,2025-01-18,paid_ads,mobile_app
7363,308,2025-02-15,email,desktop
7364,356,2025-04-29,organic,mobile_web
7365,57,2025-04-03,organic,mobile_app
7366,75,2025-05-18,paid_ads,mobile_app
7367,586,2025-04-27,paid_ads,mobile_app
7368,850,2025-05-05,organic,mobile_app
7369,230,2025-04-21,direct,mobile_web
7370,112,2025-03-29,organic,mobile_app
7371,884,2025-02-22,direct,mobile_app
7372,530,2025-04-14,organic,mobile_web
7373,1119,2025-02-07,direct,mobile_web
7374,829,2025-06-01,organic,mobile_web
7375,704,2025-01-08,organic,mobile_app
7376,506,2025-02-20,organic,mobile_app
7377,880,2025-04-26,paid_ads,mobile_app
7378,1165,2025-03-29,email,mobile_app
7379,101,2025-03-20,organic,mobile_web
7380,1045,2025-04-23,paid_ads,mobile_app
7381,353,2025-06-01,organic,mobile_web
7382,881,2025-03-18,organic,mobile_app
7383,389,2025-01-07,email,mobile_app
7384,547,2025-06-04,social,mobile_app
7385,706,2025-03-21,organic,desktop
7386,1028,2025-01-19,direct,mobile_app
7387,892,2025-03-12,email,mobile_app
7388,918,2025-04-28,direct,desktop
7389,200,2025-03-10,organic,mobile_web
7390,183,2025-06-20,organic,desktop
7391,266,2025-02-11,paid_ads,mobile_app
7392,515,2025-05-30,organic,desktop
7393,141,2025-01-07,paid_ads,mobile_app
7394,381,2025-06-13,direct,mobile_web
7395,160,2025-04-11,email,desktop
7396,780,2025-03-17,social,mobile_app
7397,646,2025-01-02,email,mobile_app
7398,824,2025-04-07,email,desktop
7399,411,2025-01-03,paid_ads,mobile_app
7400,996,2025-03-27,organic,mobile_web
7401,1129,2025-01-06,organic,mobile_web
7402,854,2025-01-21,direct,mobile_app
7403,267,2025-04-14,email,mobile_app
7404,885,2025-01-23,email,mobile_app
7405,640,2025-02-28,paid_ads,mobile_app
7406,103,2025-06-16,organic,mobile_app
7407,615,2025-03-04,email,mobile_web
7408,39,2025-04-29,organic,mobile_app
7409,153,2025-06-06,paid_ads,mobile_app
7410,318,2025-05-22,social,mobile_app
7411,821,2025-06-26,paid_ads,mobile_web
7412,947,2025-05-12,direct,desktop
7413,1059,2025-03-18,paid_ads,mobile_web
7414,65,2025-03-30,email,mobile_app
7415,913,2025-03-24,direct,mobile_web
7416,713,2025-02-04,paid_ads,mobile_app
7417,955,2025-02-01,email,desktop
7418,530,2025-03-11,organic,mobile_web
7419,888,2025-05-02,organic,mobile_app
7420,182,2025-01-30,paid_ads,mobile_app
7421,1179,2025-04-24,direct,mobile_app
7422,987,2025-05-02,paid_ads,mobile_app
7423,503,2025-03-15,organic,mobile_app
7424,234,2025-01-14,organic,mobile_web
7425,739,2025-04-03,direct,mobile_app
7426,685,2025-06-16,organic,desktop
7427,830,2025-02-10,direct,mobile_web
7428,970,2025-01-02,social,mobile_web
7429,467,2025-06-22,social,mobile_app
7430,1160,2025-03-03,paid_ads,mobile_app
7431,930,2025-02-12,paid_ads,desktop
7432,758,2025-01-13,email,mobile_web
7433,661,2025-04-23,direct,mobile_app
7434,1148,2025-01-15,organic,desktop
7435,437,2025-01-18,organic,desktop
7436,164,2025-05-13,paid_ads,mobile_web
7437,830,2025-04-29,organic,mobile_app
7438,1047,2025-02-12,social,desktop
7439,672,2025-01-09,direct,mobile_app
7440,318,2025-01-21,organic,mobile_web
7441,989,2025-04-13,direct,desktop
7442,605,2025-04-22,email,mobile_web
7443,22,2025-03-20,organic,desktop
7444,796,2025-06-27,organic,mobile_web
7445,1063,2025-04-27,organic,mobile_app
7446,302,2025-01-18,organic,mobile_app
7447,334,2025-05-08,direct,mobile_web
7448,164,2025-03-20,social,desktop
7449,103,2025-03-24,organic,mobile_app
7450,347,2025-03-14,organic,desktop
7451,989,2025-02-23,paid_ads,mobile_web
7452,324,2025-01-19,social,mobile_app
7453,48,2025-06-29,social,mobile_web
7454,250,2025-05-02,organic,mobile_app
7455,504,2025-02-25,direct,mobile_app
7456,126,2025-06-02,organic,mobile_app
7457,542,2025-01-20,paid_ads,mobile_app
7458,1200,2025-02-13,social,mobile_app
7459,770,2025-06-25,paid_ads,mobile_app
7460,855,2025-01-21,paid_ads,mobile_app
7461,858,2025-06-25,direct,mobile_web
7462,1113,2025-06-07,paid_ads,desktop
7463,568,2025-02-12,paid_ads,mobile_app
7464,1147,2025-02-24,organic,mobile_app
7465,407,2025-01-25,paid_ads,mobile_app
7466,989,2025-06-05,paid_ads,mobile_app
7467,509,2025-04-27,paid_ads,mobile_app
7468,1037,2025-03-20,paid_ads,desktop
7469,167,2025-04-23,social,mobile_app
7470,932,2025-01-01,social,mobile_web
7471,476,2025-02-09,organic,mobile_web
7472,1014,2025-05-03,paid_ads,mobile_app
7473,240,2025-02-10,direct,mobile_app
7474,927,2025-05-05,direct,desktop
7475,605,2025-04-11,organic,mobile_app
7476,486,2025-05-06,paid_ads,mobile_web
7477,45,2025-01-30,social,desktop
7478,239,2025-03-24,email,mobile_app
7479,463,2025-04-07,paid_ads,desktop
7480,1180,2025-03-23,organic,mobile_app
7481,222,2025-03-23,paid_ads,desktop
7482,424,2025-06-12,email,mobile_app
7483,164,2025-03-03,email,desktop
7484,338,2025-02-23,organic,mobile_app
7485,806,2025-02-28,organic,mobile_app
7486,1178,2025-04-12,social,mobile_app
7487,179,2025-05-19,social,desktop
7488,525,2025-03-25,direct,mobile_web
7489,938,2025-02-07,organic,desktop
7490,747,2025-03-05,paid_ads,mobile_app
7491,889,2025-05-24,paid_ads,mobile_app
7492,217,2025-05-20,email,mobile_app
7493,669,2025-02-11,organic,mobile_app
7494,1108,2025-05-19,email,mobile_web
7495,522,2025-03-02,paid_ads,mobile_app
7496,131,2025-05-08,organic,desktop
7497,274,2025-01-13,paid_ads,mobile_app
7498,827,2025-01-15,organic,mobile_app
7499,844,2025-06-08,paid_ads,mobile_web
7500,538,2025-01-24,organic,mobile_web
7501,84,2025-01-24,social,mobile_app
7502,921,2025-06-09,paid_ads,mobile_web
7503,526,2025-04-10,organic,mobile_app
7504,28,2025-05-08,organic,mobile_app
7505,889,2025-01-26,organic,mobile_app
7506,1009,2025-05-19,paid_ads,mobile_web
7507,504,2025-02-22,paid_ads,mobile_app
7508,913,2025-06-10,social,mobile_app
7509,506,2025-02-10,organic,mobile_app
7510,915,2025-06-07,paid_ads,mobile_web
7511,24,2025-05-09,organic,mobile_web
7512,590,2025-05-20,paid_ads,mobile_app
7513,1069,2025-03-28,paid_ads,mobile_app
7514,432,2025-02-11,social,mobile_app
7515,1197,2025-04-06,direct,mobile_app
7516,494,2025-03-12,organic,desktop
7517,172,2025-05-01,direct,mobile_web
7518,958,2025-06-15,organic,mobile_app
7519,656,2025-06-24,social,mobile_app
7520,846,2025-05-07,organic,desktop
7521,416,2025-03-29,paid_ads,desktop
7522,133,2025-03-20,organic,mobile_web
7523,40,2025-04-28,direct,mobile_app
7524,259,2025-04-25,social,mobile_app
7525,531,2025-05-04,organic,mobile_app
7526,792,2025-05-04,email,mobile_app
7527,844,2025-03-27,organic,desktop
7528,578,2025-05-27,social,mobile_web
7529,287,2025-01-30,paid_ads,mobile_app
7530,768,2025-01-29,direct,mobile_web
7531,953,2025-03-05,email,mobile_app
7532,266,2025-02-05,organic,desktop
7533,240,2025-06-17,organic,mobile_web
7534,1112,2025-01-15,organic,mobile_app
7535,241,2025-02-26,organic,mobile_app
7536,757,2025-02-24,paid_ads,desktop
7537,777,2025-02-26,direct,mobile_web
7538,266,2025-02-06,social,mobile_app
7539,994,2025-02-27,direct,mobile_web
7540,858,2025-03-04,paid_ads,mobile_app
7541,424,2025-02-18,organic,mobile_app
7542,36,2025-04-05,paid_ads,mobile_web
7543,1184,2025-01-07,social,mobile_web
7544,589,2025-05-14,social,desktop
7545,26,2025-06-13,paid_ads,mobile_app
7546,407,2025-03-05,paid_ads,mobile_app
7547,357,2025-05-04,organic,mobile_app
7548,985,2025-06-01,organic,mobile_app
7549,861,2025-04-01,organic,mobile_app
7550,989,2025-06-02,paid_ads,mobile_web
7551,211,2025-03-30,paid_ads,mobile_app
7552,1133,2025-03-04,organic,mobile_web
7553,1110,2025-03-02,paid_ads,mobile_app
7554,415,2025-06-13,social,desktop
7555,369,2025-01-24,organic,mobile_app
7556,739,2025-04-16,paid_ads,mobile_web
7557,785,2025-04-26,direct,desktop
7558,161,2025-02-04,organic,mobile_web
7559,732,2025-03-23,social,mobile_app
7560,226,2025-05-29,social,desktop
7561,1141,2025-05-23,paid_ads,mobile_app
7562,560,2025-02-21,social,desktop
7563,37,2025-01-22,paid_ads,mobile_web
7564,343,2025-05-30,direct,desktop
7565,283,2025-01-15,organic,mobile_web
7566,375,2025-04-16,email,mobile_app
7567,517,2025-05-21,email,desktop
7568,685,2025-02-05,paid_ads,mobile_web
7569,146,2025-03-10,paid_ads,mobile_app
7570,160,2025-05-01,email,mobile_app
7571,226,2025-01-17,social,mobile_app
7572,216,2025-03-20,paid_ads,mobile_app
7573,966,2025-02-20,email,mobile_web
7574,315,2025-06-05,social,mobile_web
7575,1027,2025-05-18,paid_ads,mobile_app
7576,734,2025-06-18,social,mobile_app
7577,802,2025-05-05,social,mobile_app
7578,838,2025-05-04,social,mobile_web
7579,168,2025-05-22,email,mobile_app
7580,83,2025-06-18,paid_ads,desktop
7581,108,2025-04-09,direct,desktop
7582,1122,2025-04-16,paid_ads,mobile_web
7583,1050,2025-04-28,email,mobile_app
7584,200,2025-02-03,email,desktop
7585,1131,2025-06-20,social,mobile_app
7586,1064,2025-01-01,organic,mobile_app
7587,1050,2025-01-20,organic,desktop
7588,578,2025-04-10,direct,mobile_web
7589,217,2025-02-12,organic,mobile_app
7590,1076,2025-04-07,social,mobile_app
7591,733,2025-06-25,organic,mobile_web
7592,549,2025-04-23,organic,mobile_app
7593,51,2025-05-06,organic,mobile_app
7594,761,2025-01-05,direct,mobile_app
7595,1141,2025-04-22,organic,mobile_app
7596,77,2025-03-29,paid_ads,mobile_app
7597,1166,2025-01-27,email,mobile_web
7598,608,2025-02-06,paid_ads,mobile_app
7599,560,2025-03-31,email,mobile_app
7600,240,2025-01-27,organic,mobile_web
7601,450,2025-06-13,paid_ads,mobile_web
7602,1143,2025-05-27,paid_ads,desktop
7603,1018,2025-04-02,paid_ads,mobile_web
7604,110,2025-03-29,organic,mobile_app
7605,212,2025-02-08,social,mobile_web
7606,934,2025-02-25,paid_ads,desktop
7607,622,2025-04-08,paid_ads,mobile_web
7608,266,2025-03-02,organic,desktop
7609,158,2025-05-30,social,mobile_app
7610,150,2025-01-07,organic,mobile_app
7611,480,2025-01-16,organic,mobile_web
7612,167,2025-04-08,paid_ads,mobile_app
7613,446,2025-04-23,paid_ads,mobile_app
7614,843,2025-01-10,organic,desktop
7615,582,2025-02-17,direct,mobile_app
7616,1079,2025-05-17,email,mobile_web
7617,1007,2025-03-07,social,mobile_app
7618,237,2025-05-27,organic,mobile_app
7619,391,2025-02-10,social,mobile_web
7620,1109,2025-06-22,social,mobile_web
7621,642,2025-05-20,organic,mobile_web
7622,119,2025-02-14,social,mobile_web
7623,493,2025-05-22,email,mobile_web
7624,1181,2025-05-01,direct,mobile_web
7625,164,2025-04-12,direct,mobile_app
7626,964,2025-04-23,social,mobile_web
7627,299,2025-01-16,social,mobile_app
7628,305,2025-05-04,paid_ads,mobile_web
7629,1045,2025-06-03,email,mobile_web
7630,535,2025-02-18,email,desktop
7631,429,2025-04-16,organic,mobile_app
7632,337,2025-02-17,social,mobile_app
7633,107,2025-02-08,paid_ads,mobile_app
7634,985,2025-04-14,organic,mobile_app
7635,553,2025-03-19,organic,mobile_app
7636,111,2025-01-06,email,desktop
7637,923,2025-04-10,organic,mobile_app
7638,519,2025-04-07,email,mobile_app
7639,209,2025-03-06,paid_ads,mobile_app
7640,541,2025-02-06,organic,mobile_web
7641,275,2025-01-18,direct,mobile_web
7642,343,2025-01-04,email,desktop
7643,77,2025-02-05,paid_ads,mobile_app
7644,916,2025-06-25,email,mobile_app
7645,349,2025-04-04,organic,mobile_app
7646,932,2025-02-14,organic,mobile_app
7647,1132,2025-06-26,organic,mobile_app
7648,974,2025-04-05,paid_ads,mobile_web
7649,533,2025-05-01,paid_ads,mobile_app
7650,1008,2025-05-31,paid_ads,mobile_app
7651,1079,2025-03-05,direct,mobile_app
7652,268,2025-01-08,organic,mobile_app
7653,764,2025-03-08,email,mobile_app
7654,804,2025-03-06,email,mobile_app
7655,524,2025-01-15,organic,mobile_web
7656,1102,2025-02-19,organic,desktop
7657,971,2025-03-08,social,mobile_app
7658,1199,2025-06-04,paid_ads,mobile_app
7659,976,2025-03-12,direct,mobile_app
7660,871,2025-01-24,social,desktop
7661,494,2025-04-18,paid_ads,mobile_app
7662,199,2025-03-01,paid_ads,mobile_app
7663,1034,2025-01-03,direct,mobile_app
7664,2,2025-06-05,organic,mobile_web
7665,200,2025-05-06,email,desktop
7666,1150,2025-01-07,organic,desktop
7667,469,2025-06-28,organic,desktop
7668,623,2025-05-17,organic,mobile_app
7669,96,2025-01-27,organic,mobile_app
7670,563,2025-05-16,paid_ads,mobile_web
7671,1074,2025-03-12,direct,mobile_app
7672,583,2025-05-21,email,mobile_app
7673,979,2025-03-15,paid_ads,mobile_app
7674,449,2025-05-12,email,mobile_app
7675,406,2025-06-19,paid_ads,mobile_app
7676,691,2025-02-21,organic,mobile_web
7677,261,2025-03-19,social,mobile_app
7678,859,2025-01-09,social,mobile_app
7679,291,2025-03-18,organic,desktop
7680,200,2025-04-02,paid_ads,mobile_web
7681,249,2025-01-09,organic,mobile_app
7682,942,2025-02-13,direct,mobile_app
7683,322,2025-01-09,direct,mobile_web
7684,453,2025-06-18,direct,mobile_app
7685,976,2025-05-17,paid_ads,mobile_web
7686,736,2025-05-02,organic,desktop
7687,605,2025-01-03,organic,mobile_web
7688,56,2025-01-17,email,mobile_app
7689,995,2025-03-04,organic,mobile_app
7690,916,2025-02-26,email,mobile_app
7691,113,2025-03-24,paid_ads,mobile_app
7692,1076,2025-06-07,social,mobile_app
7693,49,2025-02-24,email,mobile_app
7694,880,2025-05-27,paid_ads,mobile_app
7695,795,2025-04-05,organic,mobile_web
7696,977,2025-02-17,direct,mobile_app
7697,1078,2025-02-28,organic,mobile_app
7698,378,2025-05-14,direct,mobile_web
7699,649,2025-05-20,paid_ads,mobile_app
7700,543,2025-05-20,paid_ads,mobile_app
7701,109,2025-04-10,email,desktop
7702,1084,2025-03-14,organic,desktop
7703,588,2025-04-13,organic,mobile_web
7704,621,2025-03-19,paid_ads,mobile_web
7705,569,2025-02-26,email,desktop
7706,577,2025-03-07,paid_ads,mobile_web
7707,838,2025-02-07,direct,mobile_app
7708,560,2025-04-07,paid_ads,mobile_app
7709,732,2025-01-10,paid_ads,desktop
7710,346,2025-04-09,direct,mobile_app
7711,325,2025-01-29,social,desktop
7712,40,2025-04-28,social,mobile_app
7713,331,2025-02-07,paid_ads,desktop
7714,241,2025-05-30,paid_ads,desktop
7715,422,2025-02-20,email,mobile_app
7716,33,2025-02-25,social,mobile_app
7717,294,2025-04-27,paid_ads,mobile_app
7718,879,2025-06-06,email,mobile_app
7719,550,2025-01-26,social,mobile_app
7720,162,2025-03-26,paid_ads,desktop
7721,394,2025-04-05,paid_ads,mobile_web
7722,1189,2025-06-03,email,desktop
7723,611,2025-04-29,email,mobile_app
7724,281,2025-05-19,paid_ads,mobile_app
7725,560,2025-04-11,paid_ads,mobile_app
7726,791,2025-04-11,email,mobile_app
7727,364,2025-01-07,organic,desktop
7728,1198,2025-03-24,direct,mobile_app
7729,702,2025-04-21,direct,mobile_app
7730,984,2025-02-28,organic,mobile_web
7731,1094,2025-01-09,organic,mobile_app
7732,496,2025-02-18,direct,desktop
7733,814,2025-03-05,direct,mobile_app
7734,878,2025-04-24,email,mobile_app
7735,748,2025-05-08,email,mobile_web
7736,218,2025-01-23,organic,mobile_web
7737,590,2025-05-07,paid_ads,mobile_app
7738,921,2025-03-21,organic,mobile_web
7739,1152,2025-05-26,social,mobile_app
7740,463,2025-04-12,paid_ads,mobile_app
7741,83,2025-04-18,organic,mobile_app
7742,247,2025-06-24,organic,mobile_web
7743,705,2025-06-12,direct,mobile_app
7744,196,2025-05-07,paid_ads,mobile_app
7745,188,2025-03-18,organic,mobile_app
7746,237,2025-05-14,organic,mobile_app
7747,1161,2025-01-12,email,desktop
7748,691,2025-02-21,email,mobile_web
7749,490,2025-02-03,paid_ads,desktop
7750,438,2025-04-29,organic,mobile_app
7751,1122,2025-01-28,direct,mobile_web
7752,427,2025-02-10,paid_ads,mobile_app
7753,1070,2025-02-01,organic,mobile_web
7754,173,2025-04-19,organic,mobile_app
7755,176,2025-02-25,direct,mobile_app
7756,512,2025-04-07,social,mobile_app
7757,860,2025-01-31,direct,desktop
7758,427,2025-02-28,paid_ads,mobile_web
7759,304,2025-04-18,paid_ads,mobile_app
7760,999,2025-04-05,organic,mobile_app
7761,69,2025-05-15,paid_ads,mobile_app
7762,1124,2025-06-21,paid_ads,desktop
7763,26,2025-05-11,paid_ads,desktop
7764,265,2025-02-20,organic,mobile_web
7765,456,2025-02-10,organic,desktop
7766,820,2025-03-25,organic,desktop
7767,841,2025-03-15,organic,mobile_web
7768,700,2025-02-09,social,mobile_app
7769,514,2025-02-05,email,mobile_app
7770,982,2025-01-19,social,desktop
7771,786,2025-03-30,email,mobile_app
7772,504,2025-01-21,organic,mobile_web
7773,192,2025-06-29,direct,mobile_app
7774,800,2025-01-30,organic,mobile_app
7775,456,2025-01-26,social,mobile_web
7776,848,2025-05-13,social,mobile_app
7777,413,2025-04-24,organic,mobile_web
7778,458,2025-01-21,organic,mobile_app
7779,112,2025-02-28,organic,mobile_app
7780,276,2025-03-13,organic,mobile_app
7781,913,2025-05-06,paid_ads,mobile_app
7782,212,2025-04-27,social,mobile_app
7783,634,2025-06-14,paid_ads,mobile_web
7784,747,2025-06-11,email,mobile_web
7785,806,2025-03-16,paid_ads,mobile_app
7786,241,2025-03-04,direct,desktop
7787,808,2025-04-03,social,mobile_app
7788,577,2025-05-04,paid_ads,desktop
7789,79,2025-04-02,direct,mobile_app
7790,796,2025-05-28,paid_ads,mobile_web
7791,966,2025-04-10,paid_ads,mobile_app
7792,211,2025-01-22,paid_ads,desktop
7793,744,2025-04-17,paid_ads,mobile_web
7794,1115,2025-01-25,organic,mobile_app
7795,283,2025-01-27,paid_ads,mobile_app
7796,617,2025-01-14,paid_ads,mobile_web
7797,521,2025-03-28,direct,mobile_app
7798,574,2025-04-16,organic,mobile_app
7799,1191,2025-01-12,social,mobile_app
7800,219,2025-02-28,paid_ads,desktop
7801,417,2025-06-10,organic,mobile_app
7802,1006,2025-02-07,organic,desktop
7803,595,2025-01-18,social,desktop
7804,449,2025-04-06,email,desktop
7805,523,2025-03-02,direct,mobile_app
7806,586,2025-05-27,social,mobile_app
7807,1108,2025-06-07,direct,mobile_app
7808,810,2025-05-16,paid_ads,mobile_web
7809,233,2025-05-01,social,mobile_app
7810,376,2025-04-30,direct,mobile_app
7811,85,2025-01-04,paid_ads,mobile_app
7812,97,2025-03-22,paid_ads,mobile_app
7813,1005,2025-05-29,paid_ads,mobile_app
7814,875,2025-03-15,paid_ads,mobile_app
7815,850,2025-04-30,organic,mobile_app
7816,387,2025-04-10,direct,mobile_web
7817,646,2025-03-18,social,mobile_web
7818,1126,2025-01-28,email,mobile_app
7819,320,2025-06-23,direct,mobile_web
7820,771,2025-04-01,direct,desktop
7821,415,2025-02-17,organic,desktop
7822,818,2025-03-21,organic,mobile_app
7823,820,2025-06-21,organic,mobile_app
7824,856,2025-03-11,email,desktop
7825,1149,2025-01-27,paid_ads,mobile_web
7826,132,2025-04-12,organic,mobile_web
7827,949,2025-04-24,organic,mobile_app
7828,995,2025-05-18,social,desktop
7829,831,2025-01-18,social,mobile_app
7830,806,2025-06-02,paid_ads,mobile_app
7831,76,2025-01-16,organic,mobile_app
7832,548,2025-02-11,email,mobile_app
7833,398,2025-06-28,paid_ads,desktop
7834,949,2025-05-02,direct,mobile_app
7835,1122,2025-01-08,organic,mobile_app
7836,609,2025-02-17,organic,mobile_web
7837,576,2025-03-07,paid_ads,mobile_app
7838,686,2025-04-18,direct,mobile_web
7839,1065,2025-05-23,paid_ads,desktop
7840,1034,2025-02-28,organic,mobile_app
7841,1142,2025-04-09,paid_ads,mobile_web
7842,366,2025-01-13,organic,desktop
7843,492,2025-03-14,social,mobile_web
7844,332,2025-04-14,email,mobile_app
7845,184,2025-02-25,direct,mobile_app
7846,105,2025-02-24,email,mobile_app
7847,681,2025-01-20,social,desktop
7848,439,2025-05-22,paid_ads,mobile_web
7849,1050,2025-03-08,organic,mobile_app
7850,821,2025-02-04,email,desktop
7851,1122,2025-05-13,paid_ads,mobile_app
7852,505,2025-01-03,direct,mobile_web
7853,1056,2025-03-28,direct,mobile_app
7854,361,2025-03-25,paid_ads,mobile_web
7855,589,2025-06-14,social,desktop
7856,1168,2025-02-15,organic,desktop
7857,700,2025-02-03,email,mobile_web
7858,444,2025-04-01,direct,mobile_web
7859,1042,2025-06-15,direct,mobile_app
7860,174,2025-01-28,paid_ads,mobile_app
7861,888,2025-01-11,paid_ads,desktop
7862,566,2025-04-09,paid_ads,mobile_web
7863,197,2025-06-26,email,desktop
7864,405,2025-05-20,organic,mobile_app
7865,456,2025-05-02,organic,mobile_web
7866,425,2025-05-24,paid_ads,mobile_app
7867,452,2025-03-19,paid_ads,mobile_app
7868,1181,2025-04-16,organic,mobile_web
7869,186,2025-05-03,paid_ads,mobile_web
7870,936,2025-05-29,paid_ads,mobile_web
7871,927,2025-02-08,email,mobile_web
7872,628,2025-03-11,social,mobile_web
7873,673,2025-04-17,paid_ads,mobile_app
7874,117,2025-04-26,paid_ads,mobile_app
7875,141,2025-06-14,social,desktop
7876,804,2025-04-19,paid_ads,mobile_app
7877,841,2025-02-26,social,mobile_web
7878,488,2025-04-13,organic,mobile_app
7879,609,2025-05-04,paid_ads,desktop
7880,448,2025-02-04,paid_ads,desktop
7881,290,2025-03-11,paid_ads,mobile_web
7882,1127,2025-01-18,organic,mobile_app
7883,253,2025-04-08,paid_ads,desktop
7884,662,2025-06-18,direct,mobile_web
7885,604,2025-04-14,paid_ads,mobile_app
7886,1198,2025-06-25,paid_ads,mobile_web
7887,60,2025-02-02,social,mobile_app
7888,409,2025-03-04,organic,mobile_web
7889,385,2025-06-20,organic,mobile_web
7890,1061,2025-01-30,paid_ads,mobile_web
7891,234,2025-01-05,paid_ads,mobile_app
7892,263,2025-06-22,paid_ads,desktop
7893,1111,2025-05-12,organic,mobile_web
7894,613,2025-05-23,direct,mobile_app
7895,850,2025-02-10,social,mobile_app
7896,234,2025-02-02,direct,mobile_web
7897,51,2025-03-08,organic,mobile_app
7898,411,2025-02-25,organic,mobile_app
7899,827,2025-06-20,direct,desktop
7900,1033,2025-03-24,social,mobile_web
7901,502,2025-01-09,organic,mobile_web
7902,48,2025-03-20,paid_ads,desktop
7903,908,2025-06-29,social,mobile_app
7904,1024,2025-05-02,direct,mobile_app
7905,1153,2025-01-24,direct,mobile_web
7906,1011,2025-03-06,paid_ads,mobile_app
7907,791,2025-01-28,email,mobile_web
7908,1179,2025-05-22,organic,mobile_app
7909,234,2025-06-20,paid_ads,mobile_app
7910,183,2025-02-12,paid_ads,desktop
7911,860,2025-01-27,direct,mobile_app
7912,5,2025-05-11,paid_ads,mobile_app
7913,627,2025-01-30,organic,mobile_app
7914,619,2025-06-27,paid_ads,mobile_web
7915,398,2025-04-30,organic,desktop
7916,398,2025-04-08,email,mobile_app
7917,678,2025-02-02,email,mobile_app
7918,2,2025-02-19,direct,mobile_app
7919,113,2025-03-08,paid_ads,desktop
7920,318,2025-04-08,organic,mobile_app
7921,462,2025-05-21,direct,mobile_web
7922,997,2025-06-12,organic,mobile_app
7923,346,2025-06-17,email,mobile_app
7924,16,2025-01-12,organic,mobile_web
7925,316,2025-02-20,social,desktop
7926,305,2025-02-10,direct,mobile_app
7927,776,2025-05-19,direct,mobile_app
7928,427,2025-01-07,paid_ads,mobile_web
7929,1173,2025-06-02,paid_ads,mobile_app
7930,44,2025-01-09,organic,desktop
7931,322,2025-02-17,direct,mobile_web
7932,1110,2025-03-02,social,mobile_app
7933,387,2025-02-09,social,mobile_web
7934,619,2025-06-24,paid_ads,mobile_app
7935,402,2025-03-06,paid_ads,mobile_app
7936,207,2025-05-12,social,mobile_app
7937,737,2025-03-03,paid_ads,desktop
7938,951,2025-03-19,paid_ads,mobile_web
7939,1019,2025-06-15,social,mobile_web
7940,586,2025-01-05,organic,mobile_web
7941,843,2025-05-11,paid_ads,mobile_app
7942,1176,2025-06-06,direct,mobile_web
7943,631,2025-01-12,paid_ads,mobile_app
7944,987,2025-02-13,direct,mobile_app
7945,305,2025-03-20,organic,desktop
7946,462,2025-01-15,direct,mobile_app
7947,715,2025-01-31,social,mobile_app
7948,785,2025-03-23,organic,desktop
7949,758,2025-02-09,social,mobile_web
7950,1033,2025-02-11,paid_ads,desktop
7951,1138,2025-01-28,email,desktop
7952,526,2025-01-26,paid_ads,mobile_app
7953,865,2025-05-25,direct,mobile_web
7954,13,2025-04-15,email,desktop
7955,311,2025-01-14,direct,mobile_web
7956,449,2025-06-10,organic,mobile_app
7957,555,2025-02-15,paid_ads,mobile_app
7958,341,2025-04-28,email,mobile_app
7959,1165,2025-02-06,social,mobile_web
7960,446,2025-01-25,organic,mobile_app
7961,22,2025-01-06,email,mobile_web
7962,771,2025-01-15,social,mobile_web
7963,955,2025-03-22,email,mobile_app
7964,164,2025-03-31,organic,desktop
7965,16,2025-01-07,paid_ads,mobile_app
7966,779,2025-02-22,paid_ads,mobile_app
7967,1179,2025-02-27,organic,mobile_app
7968,781,2025-04-10,paid_ads,mobile_web
7969,966,2025-02-11,social,mobile_app
7970,210,2025-01-03,organic,mobile_app
7971,102,2025-06-06,paid_ads,mobile_web
7972,482,2025-01-02,organic,mobile_web
7973,943,2025-02-25,paid_ads,mobile_web
7974,518,2025-05-20,organic,mobile_app
7975,996,2025-01-23,email,mobile_web
7976,290,2025-01-09,paid_ads,mobile_app
7977,579,2025-01-12,organic,mobile_app
7978,640,2025-04-15,social,mobile_app
7979,580,2025-01-11,paid_ads,mobile_app
7980,1086,2025-03-16,organic,mobile_app
7981,1058,2025-01-08,paid_ads,mobile_web
7982,1170,2025-03-16,organic,desktop
7983,263,2025-03-22,email,mobile_web
7984,415,2025-02-19,organic,mobile_app
7985,1012,2025-06-09,direct,mobile_app
7986,1056,2025-01-07,organic,mobile_web
7987,521,2025-02-13,direct,mobile_app
7988,598,2025-02-15,paid_ads,mobile_app
7989,126,2025-03-20,social,mobile_web
7990,177,2025-03-19,social,mobile_app
7991,1139,2025-05-07,organic,mobile_web
7992,490,2025-01-21,social,mobile_web
7993,1082,2025-01-20,email,mobile_app
7994,911,2025-04-05,direct,mobile_web
7995,845,2025-02-15,paid_ads,mobile_web
7996,337,2025-06-16,direct,mobile_web
7997,658,2025-02-19,social,mobile_web
7998,424,2025-05-27,paid_ads,mobile_web
7999,881,2025-06-15,organic,mobile_web
8000,74,2025-04-09,paid_ads,mobile_web
8001,807,2025-05-18,social,mobile_app
8002,397,2025-03-22,paid_ads,mobile_web
8003,211,2025-02-19,organic,mobile_app
8004,996,2025-03-22,direct,mobile_app
8005,1026,2025-05-11,direct,mobile_web
8006,753,2025-04-08,email,mobile_web
8007,852,2025-03-12,organic,mobile_app
8008,715,2025-02-27,organic,mobile_app
8009,239,2025-02-04,social,mobile_web
8010,382,2025-01-17,paid_ads,desktop
8011,320,2025-04-01,paid_ads,mobile_app
8012,841,2025-06-19,direct,mobile_app
8013,70,2025-03-01,paid_ads,mobile_app
8014,236,2025-03-14,direct,desktop
8015,823,2025-06-14,organic,mobile_web
8016,408,2025-02-26,direct,mobile_app
8017,127,2025-01-03,paid_ads,mobile_web
8018,1094,2025-03-18,paid_ads,desktop
8019,963,2025-02-27,social,mobile_web
8020,633,2025-06-16,social,mobile_app
8021,323,2025-01-12,organic,mobile_web
8022,505,2025-06-22,email,desktop
8023,145,2025-06-21,paid_ads,mobile_app
8024,1158,2025-02-23,direct,mobile_web
8025,204,2025-06-12,social,mobile_app
8026,881,2025-01-29,organic,mobile_web
8027,408,2025-01-09,organic,mobile_app
8028,847,2025-05-02,direct,mobile_web
8029,1146,2025-05-04,social,desktop
8030,575,2025-02-09,organic,desktop
8031,900,2025-04-27,social,mobile_web
8032,1122,2025-04-22,social,mobile_app
8033,699,2025-01-10,organic,mobile_app
8034,1091,2025-04-30,organic,desktop
8035,217,2025-06-03,social,mobile_app
8036,409,2025-06-01,organic,desktop
8037,219,2025-02-04,paid_ads,mobile_app
8038,515,2025-03-28,paid_ads,mobile_app
8039,129,2025-03-02,direct,mobile_app
8040,628,2025-03-01,paid_ads,mobile_app
8041,729,2025-01-15,social,desktop
8042,722,2025-03-03,paid_ads,desktop
8043,911,2025-01-12,organic,mobile_app
8044,1070,2025-06-25,organic,desktop
8045,1115,2025-02-27,paid_ads,mobile_app
8046,889,2025-06-09,direct,mobile_app
8047,300,2025-02-21,social,mobile_web
8048,168,2025-01-24,social,mobile_app
8049,1067,2025-04-02,organic,mobile_app
8050,408,2025-06-18,email,mobile_app
8051,123,2025-05-05,paid_ads,mobile_app
8052,980,2025-02-25,paid_ads,mobile_app
8053,225,2025-01-05,social,mobile_app
8054,395,2025-06-05,organic,mobile_app
8055,686,2025-02-04,paid_ads,mobile_app
8056,3,2025-04-26,organic,mobile_web
8057,576,2025-03-12,email,mobile_app
8058,1127,2025-02-28,social,mobile_app
8059,114,2025-03-16,organic,mobile_app
8060,509,2025-03-15,direct,mobile_app
8061,1173,2025-03-28,social,desktop
8062,1084,2025-03-13,organic,mobile_app
8063,42,2025-04-19,organic,mobile_app
8064,1126,2025-05-08,direct,mobile_app
8065,607,2025-04-04,organic,desktop
8066,737,2025-02-20,organic,mobile_app
8067,179,2025-03-26,email,mobile_app
8068,852,2025-01-23,direct,mobile_app
8069,1189,2025-01-31,paid_ads,mobile_web
8070,385,2025-01-11,organic,mobile_web
8071,846,2025-06-02,organic,mobile_web
8072,69,2025-02-01,organic,desktop
8073,421,2025-04-23,social,mobile_web
8074,724,2025-06-17,social,desktop
8075,921,2025-01-06,organic,mobile_app
8076,440,2025-05-13,email,mobile_app
8077,1177,2025-05-03,email,desktop
8078,580,2025-06-14,paid_ads,mobile_web
8079,192,2025-01-16,direct,mobile_app
8080,610,2025-04-11,organic,desktop
8081,832,2025-04-30,paid_ads,mobile_app
8082,735,2025-04-11,direct,mobile_web
8083,906,2025-03-13,organic,mobile_web
8084,1170,2025-04-12,social,mobile_web
8085,160,2025-04-21,organic,mobile_app
8086,535,2025-04-01,organic,mobile_app
8087,104,2025-01-19,email,mobile_app
8088,354,2025-01-03,direct,mobile_web
8089,994,2025-03-01,organic,mobile_app
8090,1161,2025-02-09,organic,mobile_app
8091,324,2025-04-18,paid_ads,mobile_app
8092,934,2025-03-14,social,mobile_web
8093,502,2025-04-02,paid_ads,desktop
8094,918,2025-05-27,social,desktop
8095,1120,2025-02-04,direct,mobile_app
8096,475,2025-05-06,paid_ads,mobile_app
8097,786,2025-05-06,direct,desktop
8098,84,2025-04-01,paid_ads,desktop
8099,663,2025-01-20,organic,desktop
8100,714,2025-05-17,direct,mobile_app
8101,875,2025-05-29,direct,mobile_web
8102,1087,2025-01-16,social,mobile_web
8103,834,2025-02-04,paid_ads,mobile_app
8104,925,2025-06-09,social,desktop
8105,425,2025-05-25,paid_ads,mobile_app
8106,781,2025-05-19,paid_ads,mobile_app
8107,835,2025-03-13,direct,mobile_app
8108,333,2025-01-30,paid_ads,mobile_app
8109,193,2025-03-31,email,desktop
8110,42,2025-04-29,paid_ads,mobile_app
8111,19,2025-03-25,direct,mobile_app
8112,18,2025-05-02,organic,mobile_web
8113,551,2025-05-07,paid_ads,mobile_web
8114,863,2025-03-05,paid_ads,desktop
8115,208,2025-04-17,organic,mobile_app
8116,864,2025-02-19,organic,desktop
8117,982,2025-05-01,paid_ads,desktop
8118,1172,2025-02-15,organic,mobile_app
8119,594,2025-03-11,paid_ads,mobile_app
8120,606,2025-04-09,social,desktop
8121,557,2025-01-25,social,mobile_app
8122,338,2025-04-26,paid_ads,mobile_web
8123,422,2025-04-22,social,mobile_app
8124,366,2025-05-26,organic,desktop
8125,946,2025-02-27,email,mobile_app
8126,976,2025-04-24,email,mobile_app
8127,655,2025-02-27,social,mobile_web
8128,967,2025-05-10,direct,mobile_app
8129,228,2025-03-22,organic,mobile_app
8130,760,2025-04-06,organic,mobile_web
8131,994,2025-02-03,paid_ads,mobile_app
8132,743,2025-03-04,paid_ads,desktop
8133,1027,2025-01-18,social,mobile_app
8134,154,2025-03-25,organic,desktop
8135,255,2025-01-08,direct,mobile_app
8136,248,2025-01-31,organic,mobile_web
8137,963,2025-05-29,paid_ads,mobile_web
8138,928,2025-06-25,paid_ads,mobile_web
8139,367,2025-04-08,email,desktop
8140,303,2025-02-11,email,mobile_web
8141,564,2025-01-24,paid_ads,mobile_app
8142,1108,2025-04-10,email,desktop
8143,942,2025-05-28,paid_ads,mobile_app
8144,1168,2025-01-31,organic,desktop
8145,1104,2025-05-21,direct,desktop
8146,444,2025-03-04,organic,desktop
8147,1197,2025-04-25,paid_ads,desktop
8148,551,2025-06-29,direct,mobile_app
8149,226,2025-05-04,paid_ads,mobile_app
8150,579,2025-05-25,organic,mobile_app
8151,786,2025-04-01,email,mobile_web
8152,599,2025-02-07,social,mobile_web
8153,520,2025-05-02,email,mobile_app
8154,445,2025-01-13,organic,mobile_app
8155,220,2025-06-17,paid_ads,mobile_web
8156,457,2025-03-22,paid_ads,mobile_app
8157,189,2025-04-24,direct,mobile_app
8158,494,2025-05-04,organic,mobile_web
8159,518,2025-03-08,direct,mobile_app
8160,848,2025-05-26,paid_ads,mobile_app
8161,747,2025-05-06,paid_ads,mobile_web
8162,1099,2025-02-10,direct,mobile_app
8163,366,2025-06-12,social,desktop
8164,371,2025-02-13,paid_ads,mobile_app
8165,35,2025-02-02,paid_ads,mobile_web
8166,400,2025-01-15,organic,mobile_web
8167,1048,2025-04-03,paid_ads,mobile_app
8168,971,2025-03-27,paid_ads,desktop
8169,581,2025-05-06,paid_ads,mobile_app
8170,551,2025-04-27,direct,mobile_web
8171,638,2025-04-30,organic,mobile_web
8172,532,2025-06-16,organic,mobile_web
8173,854,2025-02-25,social,mobile_app
8174,484,2025-05-12,direct,mobile_web
8175,901,2025-01-11,social,desktop
8176,975,2025-03-13,paid_ads,mobile_web
8177,260,2025-03-16,organic,mobile_web
8178,205,2025-04-22,social,desktop
8179,947,2025-04-13,organic,desktop
8180,1040,2025-01-02,organic,mobile_app
8181,335,2025-02-01,email,mobile_app
8182,6,2025-03-29,paid_ads,mobile_app
8183,580,2025-03-06,organic,desktop
8184,1177,2025-05-02,social,mobile_web
8185,626,2025-05-31,social,mobile_app
8186,18,2025-02-09,direct,mobile_web
8187,1153,2025-04-09,direct,mobile_app
8188,564,2025-05-26,paid_ads,mobile_web
8189,395,2025-04-04,organic,desktop
8190,1184,2025-01-16,direct,mobile_app
8191,717,2025-06-27,paid_ads,desktop
8192,306,2025-05-07,direct,mobile_web
8193,792,2025-05-31,paid_ads,desktop
8194,136,2025-04-07,organic,mobile_app
8195,729,2025-05-31,paid_ads,mobile_web
8196,1059,2025-04-29,organic,mobile_app
8197,440,2025-01-15,direct,mobile_web
8198,855,2025-01-12,paid_ads,mobile_app
8199,442,2025-02-22,social,mobile_app
8200,547,2025-01-08,direct,mobile_app
8201,124,2025-06-04,direct,mobile_web
8202,545,2025-04-01,paid_ads,mobile_web
8203,1043,2025-05-23,organic,mobile_app
8204,723,2025-02-14,organic,mobile_web
8205,851,2025-06-01,direct,mobile_app
8206,391,2025-02-08,paid_ads,desktop
8207,1082,2025-01-20,paid_ads,mobile_app
8208,1085,2025-02-26,direct,mobile_app
8209,745,2025-04-18,organic,mobile_app
8210,709,2025-06-09,social,mobile_app
8211,1080,2025-01-30,paid_ads,desktop
8212,898,2025-05-13,social,mobile_app
8213,592,2025-05-30,organic,desktop
8214,300,2025-06-13,social,mobile_app
8215,140,2025-05-29,organic,desktop
8216,625,2025-01-31,organic,mobile_web
8217,965,2025-04-08,direct,mobile_app
8218,211,2025-03-28,paid_ads,desktop
8219,477,2025-02-22,paid_ads,mobile_web
8220,726,2025-04-17,social,mobile_app
8221,295,2025-01-03,paid_ads,mobile_app
8222,266,2025-03-24,email,desktop
8223,649,2025-04-26,email,mobile_web
8224,687,2025-05-22,paid_ads,desktop
8225,1175,2025-05-28,paid_ads,mobile_app
8226,992,2025-06-25,social,desktop
8227,447,2025-03-30,organic,mobile_app
8228,981,2025-03-15,social,desktop
8229,1155,2025-04-16,organic,mobile_web
8230,1012,2025-06-21,paid_ads,desktop
8231,760,2025-06-29,direct,mobile_web
8232,598,2025-04-21,direct,mobile_web
8233,97,2025-05-25,social,mobile_web
8234,1181,2025-01-06,email,mobile_app
8235,435,2025-01-28,social,mobile_app
8236,1108,2025-05-30,paid_ads,mobile_app
8237,587,2025-05-16,organic,desktop
8238,864,2025-04-09,email,mobile_app
8239,699,2025-04-08,social,mobile_app
8240,249,2025-03-14,paid_ads,mobile_web
8241,132,2025-02-02,paid_ads,mobile_app
8242,132,2025-02-19,organic,mobile_web
8243,331,2025-01-18,direct,mobile_web
8244,278,2025-03-15,organic,mobile_app
8245,961,2025-03-18,paid_ads,mobile_app
8246,484,2025-04-09,organic,desktop
8247,590,2025-02-04,organic,mobile_app
8248,709,2025-05-09,social,mobile_app
8249,699,2025-05-04,direct,mobile_web
8250,139,2025-06-22,direct,mobile_app
8251,569,2025-03-08,social,mobile_web
8252,47,2025-04-07,paid_ads,mobile_app
8253,179,2025-04-25,paid_ads,desktop
8254,1023,2025-05-22,organic,mobile_app
8255,195,2025-03-05,organic,mobile_app
8256,111,2025-03-07,direct,desktop
8257,859,2025-02-27,paid_ads,mobile_app
8258,862,2025-01-23,organic,mobile_app
8259,72,2025-01-05,organic,mobile_app
8260,664,2025-06-12,paid_ads,mobile_app
8261,340,2025-03-19,social,mobile_app
8262,741,2025-06-03,direct,mobile_app
8263,253,2025-02-07,organic,desktop
8264,955,2025-01-23,organic,desktop
8265,194,2025-01-01,paid_ads,mobile_app
8266,1182,2025-02-11,organic,mobile_web
8267,726,2025-05-21,direct,mobile_web
8268,646,2025-05-08,organic,mobile_app
8269,1193,2025-02-28,social,desktop
8270,1019,2025-03-31,direct,mobile_app
8271,519,2025-01-30,paid_ads,mobile_app
8272,237,2025-01-13,organic,mobile_web
8273,998,2025-04-17,organic,mobile_app
8274,647,2025-05-03,direct,mobile_app
8275,185,2025-04-24,paid_ads,mobile_web
8276,174,2025-03-03,email,mobile_app
8277,355,2025-03-17,email,mobile_web
8278,887,2025-01-26,direct,mobile_web
8279,311,2025-05-24,social,mobile_app
8280,6,2025-03-03,organic,mobile_web
8281,59,2025-05-03,paid_ads,desktop
8282,1020,2025-03-28,organic,desktop
8283,14,2025-06-09,email,mobile_app
8284,237,2025-01-19,direct,mobile_web
8285,681,2025-01-25,direct,mobile_app
8286,53,2025-02-11,organic,mobile_app
8287,327,2025-03-11,paid_ads,mobile_app
8288,551,2025-05-15,email,mobile_app
8289,1059,2025-06-18,email,mobile_app
8290,350,2025-01-08,social,mobile_app
8291,1171,2025-04-30,email,mobile_web
8292,68,2025-01-11,social,mobile_app
8293,299,2025-02-06,email,mobile_app
8294,156,2025-04-18,organic,mobile_web
8295,840,2025-04-09,paid_ads,mobile_app
8296,482,2025-05-04,paid_ads,mobile_web
8297,183,2025-03-24,direct,mobile_app
8298,463,2025-03-21,social,desktop
8299,457,2025-01-10,direct,mobile_app
8300,252,2025-05-05,social,mobile_app
8301,780,2025-03-19,direct,mobile_web
8302,399,2025-06-04,organic,mobile_app
8303,988,2025-04-03,social,mobile_app
8304,204,2025-06-26,direct,mobile_app
8305,633,2025-04-27,organic,mobile_web
8306,595,2025-06-15,organic,desktop
8307,73,2025-03-08,social,mobile_app
8308,747,2025-06-25,organic,mobile_app
8309,205,2025-06-15,organic,mobile_web
8310,1193,2025-04-05,email,mobile_web
8311,923,2025-03-08,email,mobile_app
8312,1005,2025-05-22,organic,mobile_web
8313,1067,2025-03-04,organic,mobile_app
8314,1085,2025-04-12,direct,desktop
8315,921,2025-03-08,social,mobile_app
8316,1166,2025-06-25,direct,desktop
8317,910,2025-01-29,direct,mobile_web
8318,985,2025-06-15,paid_ads,mobile_app
8319,591,2025-01-16,direct,mobile_web
8320,550,2025-04-04,direct,mobile_app
8321,27,2025-03-25,social,mobile_app
8322,276,2025-02-05,social,mobile_app
8323,417,2025-01-13,social,mobile_app
8324,571,2025-05-01,direct,mobile_web
8325,849,2025-04-03,email,desktop
8326,244,2025-02-26,social,mobile_app
8327,71,2025-04-10,paid_ads,mobile_web
8328,847,2025-06-13,social,mobile_app
8329,647,2025-04-21,paid_ads,mobile_web
8330,603,2025-05-21,organic,mobile_web
8331,611,2025-05-29,organic,mobile_app
8332,665,2025-05-18,paid_ads,mobile_app
8333,565,2025-03-29,social,mobile_web
8334,121,2025-05-22,paid_ads,mobile_app
8335,212,2025-02-21,paid_ads,mobile_web
8336,683,2025-02-13,organic,mobile_app
8337,84,2025-03-21,paid_ads,desktop
8338,785,2025-04-27,paid_ads,mobile_app
8339,383,2025-02-03,organic,mobile_app
8340,1110,2025-04-17,paid_ads,desktop
8341,1179,2025-03-22,social,mobile_web
8342,1017,2025-01-30,organic,mobile_app
8343,139,2025-03-31,social,mobile_app
8344,1022,2025-06-18,paid_ads,mobile_app
8345,482,2025-05-27,direct,mobile_app
8346,825,2025-03-22,paid_ads,mobile_app
8347,803,2025-01-02,paid_ads,mobile_app
8348,334,2025-04-29,organic,desktop
8349,289,2025-05-19,organic,mobile_web
8350,1013,2025-01-14,social,mobile_web
8351,165,2025-06-05,organic,mobile_app
8352,550,2025-06-05,organic,mobile_app
8353,20,2025-02-13,organic,mobile_app
8354,641,2025-01-14,organic,mobile_app
8355,1050,2025-01-24,social,mobile_web
8356,369,2025-05-19,social,mobile_web
8357,804,2025-06-02,paid_ads,mobile_web
8358,43,2025-04-14,organic,mobile_app
8359,271,2025-04-03,paid_ads,mobile_app
8360,638,2025-01-16,direct,mobile_app
8361,116,2025-06-07,direct,mobile_app
8362,339,2025-02-09,paid_ads,mobile_app
8363,806,2025-05-19,email,mobile_app
8364,75,2025-06-14,organic,mobile_app
8365,105,2025-05-01,organic,mobile_web
8366,66,2025-02-07,organic,mobile_web
8367,142,2025-06-05,organic,mobile_app
8368,139,2025-05-31,direct,mobile_web
8369,500,2025-01-16,organic,mobile_web
8370,899,2025-03-09,paid_ads,mobile_app
8371,669,2025-01-18,email,mobile_app
8372,135,2025-04-13,email,mobile_app
8373,42,2025-06-28,direct,mobile_app
8374,644,2025-04-15,organic,mobile_web
8375,742,2025-06-20,social,mobile_app
8376,424,2025-04-01,direct,desktop
8377,105,2025-02-10,organic,mobile_app
8378,726,2025-05-15,organic,mobile_app
8379,1167,2025-06-20,email,mobile_app
8380,260,2025-04-21,social,mobile_app
8381,10,2025-06-18,organic,mobile_app
8382,941,2025-05-07,social,mobile_web
8383,543,2025-06-11,direct,mobile_web
8384,496,2025-05-26,organic,desktop
8385,643,2025-02-25,organic,mobile_app
8386,449,2025-02-16,paid_ads,mobile_web
8387,699,2025-03-05,email,mobile_web
8388,449,2025-04-18,email,mobile_web
8389,908,2025-01-17,paid_ads,desktop
8390,415,2025-01-16,organic,desktop
8391,824,2025-01-08,social,mobile_web
8392,999,2025-05-20,direct,mobile_app
8393,230,2025-03-01,social,desktop
8394,199,2025-01-04,social,mobile_app
8395,895,2025-02-18,organic,mobile_app
8396,708,2025-03-27,email,mobile_app
8397,1031,2025-02-18,organic,mobile_app
8398,541,2025-05-02,email,mobile_app
8399,857,2025-05-23,organic,mobile_web
8400,8,2025-06-19,social,mobile_app
8401,486,2025-04-03,social,mobile_web
8402,419,2025-06-10,paid_ads,mobile_web
8403,637,2025-06-21,paid_ads,desktop
8404,607,2025-02-21,email,mobile_app
8405,48,2025-06-25,organic,mobile_app
8406,1041,2025-03-05,organic,mobile_app
8407,23,2025-01-09,paid_ads,mobile_app
8408,5,2025-05-16,social,mobile_web
8409,341,2025-02-04,social,mobile_app
8410,66,2025-02-28,email,mobile_app
8411,703,2025-03-10,social,mobile_web
8412,752,2025-01-22,organic,mobile_app
8413,933,2025-02-22,social,mobile_web
8414,899,2025-03-15,social,mobile_app
8415,586,2025-06-24,paid_ads,mobile_app
8416,1032,2025-04-10,paid_ads,mobile_web
8417,208,2025-01-07,direct,mobile_app
8418,371,2025-03-07,email,mobile_app
8419,18,2025-01-09,organic,mobile_app
8420,43,2025-03-05,social,mobile_app
8421,1142,2025-03-01,social,desktop
8422,975,2025-02-16,social,mobile_app
8423,1156,2025-01-14,organic,mobile_app
8424,941,2025-04-13,organic,mobile_app
8425,740,2025-03-23,organic,mobile_app
8426,551,2025-01-26,paid_ads,mobile_app
8427,947,2025-05-12,paid_ads,desktop
8428,877,2025-03-13,paid_ads,mobile_web
8429,343,2025-05-18,organic,mobile_app
8430,125,2025-03-13,email,mobile_app
8431,909,2025-01-03,social,mobile_app
8432,134,2025-02-02,email,mobile_app
8433,795,2025-04-10,organic,mobile_app
8434,1159,2025-01-23,organic,mobile_web
8435,624,2025-06-24,direct,desktop
8436,776,2025-03-28,social,mobile_app
8437,286,2025-02-12,social,mobile_web
8438,788,2025-03-11,paid_ads,desktop
8439,726,2025-04-19,direct,mobile_app
8440,488,2025-03-01,organic,mobile_app
8441,1154,2025-03-21,paid_ads,desktop
8442,966,2025-03-08,organic,desktop
8443,591,2025-05-21,email,mobile_web
8444,754,2025-02-24,organic,mobile_app
8445,923,2025-05-09,organic,mobile_app
8446,411,2025-02-26,paid_ads,mobile_app
8447,1171,2025-05-17,organic,desktop
8448,961,2025-03-17,direct,mobile_web
8449,174,2025-06-29,organic,mobile_app
8450,57,2025-05-02,organic,mobile_app
8451,703,2025-01-05,social,mobile_web
8452,141,2025-01-12,organic,mobile_app
8453,128,2025-05-19,social,mobile_app
8454,721,2025-01-20,direct,mobile_web
8455,286,2025-06-25,paid_ads,mobile_web
8456,576,2025-04-03,organic,desktop
8457,261,2025-06-20,organic,mobile_app
8458,530,2025-04-22,organic,desktop
8459,470,2025-05-13,direct,mobile_web
8460,80,2025-04-19,email,mobile_app
8461,733,2025-02-11,email,mobile_web
8462,586,2025-02-06,email,mobile_app
8463,297,2025-06-01,paid_ads,mobile_app
8464,910,2025-02-11,direct,mobile_web
8465,299,2025-02-14,paid_ads,mobile_app
8466,995,2025-06-12,organic,desktop
8467,411,2025-03-23,paid_ads,mobile_app
8468,727,2025-06-12,paid_ads,mobile_web
8469,633,2025-04-22,paid_ads,mobile_web
8470,1121,2025-05-29,organic,mobile_app
8471,620,2025-02-12,social,desktop
8472,790,2025-06-01,email,desktop
8473,1189,2025-01-31,paid_ads,desktop
8474,384,2025-02-23,paid_ads,mobile_web
8475,4,2025-04-02,email,mobile_app
8476,372,2025-06-25,direct,mobile_app
8477,1016,2025-02-08,organic,desktop
8478,643,2025-03-02,organic,mobile_app
8479,1128,2025-05-10,organic,mobile_app
8480,1029,2025-05-19,organic,desktop
8481,612,2025-04-19,social,mobile_web
8482,266,2025-04-23,organic,mobile_app
8483,143,2025-06-01,paid_ads,mobile_app
8484,646,2025-01-18,direct,desktop
8485,219,2025-03-27,organic,mobile_app
8486,101,2025-02-26,paid_ads,mobile_app
8487,523,2025-03-02,paid_ads,mobile_app
8488,21,2025-04-13,social,mobile_app
8489,696,2025-04-01,email,mobile_app
8490,588,2025-05-28,paid_ads,mobile_app
8491,656,2025-06-18,organic,mobile_app
8492,890,2025-02-02,paid_ads,mobile_app
8493,1013,2025-05-06,paid_ads,mobile_app
8494,792,2025-05-27,email,mobile_web
8495,602,2025-06-24,direct,mobile_web
8496,735,2025-01-28,paid_ads,mobile_web
8497,1183,2025-02-10,social,mobile_app
8498,491,2025-05-22,direct,mobile_web
8499,248,2025-04-20,paid_ads,desktop
8500,813,2025-01-12,social,desktop
8501,166,2025-02-25,paid_ads,mobile_app
8502,207,2025-03-27,organic,mobile_app
8503,470,2025-02-21,social,mobile_web
8504,697,2025-05-15,paid_ads,mobile_web
8505,809,2025-06-09,organic,mobile_web
8506,418,2025-03-17,paid_ads,desktop
8507,323,2025-01-06,paid_ads,mobile_app
8508,372,2025-03-09,organic,mobile_app
8509,427,2025-04-18,email,mobile_app
8510,145,2025-04-15,direct,mobile_app
8511,1080,2025-04-27,social,mobile_web
8512,917,2025-01-02,email,mobile_web
8513,1131,2025-02-04,direct,desktop
8514,927,2025-02-16,organic,desktop
8515,714,2025-05-12,organic,mobile_app
8516,113,2025-06-18,paid_ads,desktop
8517,610,2025-01-08,direct,mobile_app
8518,786,2025-06-24,organic,mobile_app
8519,682,2025-01-14,direct,mobile_app
8520,1119,2025-03-29,social,mobile_app
8521,1157,2025-06-09,email,mobile_app
8522,530,2025-01-20,organic,mobile_app
8523,209,2025-06-16,organic,mobile_app
8524,743,2025-01-09,organic,desktop
8525,629,2025-03-16,organic,desktop
8526,1083,2025-06-26,social,mobile_web
8527,340,2025-06-08,paid_ads,mobile_web
8528,722,2025-05-10,email,mobile_app
8529,1084,2025-04-06,organic,mobile_app
8530,605,2025-02-20,organic,mobile_app
8531,900,2025-04-18,direct,mobile_app
8532,830,2025-06-21,organic,mobile_web
8533,1139,2025-03-02,direct,mobile_web
8534,620,2025-04-24,direct,mobile_app
8535,1147,2025-05-06,direct,mobile_app
8536,1185,2025-01-18,social,mobile_app
8537,975,2025-05-31,social,mobile_app
8538,624,2025-02-24,organic,mobile_app
8539,709,2025-01-23,organic,mobile_web
8540,140,2025-06-16,paid_ads,mobile_app
8541,477,2025-04-22,social,mobile_web
8542,1095,2025-01-11,social,mobile_app
8543,143,2025-02-05,paid_ads,mobile_app
8544,125,2025-05-03,social,mobile_app
8545,1151,2025-01-19,direct,mobile_web
8546,197,2025-03-03,organic,mobile_app
8547,452,2025-03-08,direct,mobile_web
8548,249,2025-04-30,social,mobile_app
8549,1131,2025-02-26,paid_ads,mobile_app
8550,1004,2025-05-01,paid_ads,mobile_app
8551,1077,2025-02-27,organic,mobile_app
8552,595,2025-05-31,paid_ads,mobile_web
8553,431,2025-03-29,organic,mobile_web
8554,232,2025-02-26,paid_ads,desktop
8555,995,2025-04-10,paid_ads,mobile_app
8556,1099,2025-01-20,direct,mobile_app
8557,72,2025-03-24,social,mobile_app
8558,853,2025-04-22,email,mobile_app
8559,713,2025-06-14,social,mobile_web
8560,264,2025-06-15,social,mobile_web
8561,1067,2025-03-18,paid_ads,mobile_app
8562,606,2025-05-09,social,mobile_app
8563,796,2025-03-16,organic,desktop
8564,228,2025-05-16,social,desktop
8565,1000,2025-05-11,paid_ads,mobile_app
8566,336,2025-06-10,paid_ads,mobile_app
8567,752,2025-01-29,paid_ads,mobile_web
8568,395,2025-06-20,social,mobile_app
8569,694,2025-06-16,direct,mobile_app
8570,474,2025-02-18,social,mobile_web
8571,1193,2025-05-10,email,mobile_app
8572,1200,2025-05-10,direct,desktop
8573,1004,2025-04-25,paid_ads,mobile_web
8574,848,2025-05-13,paid_ads,mobile_app
8575,546,2025-06-25,organic,desktop
8576,1054,2025-05-08,paid_ads,mobile_app
8577,111,2025-01-30,paid_ads,mobile_app
8578,148,2025-06-20,paid_ads,desktop
8579,605,2025-01-31,paid_ads,desktop
8580,292,2025-03-22,paid_ads,desktop
8581,957,2025-01-31,direct,mobile_app
8582,43,2025-03-25,paid_ads,mobile_web
8583,527,2025-06-13,organic,mobile_web
8584,501,2025-01-22,organic,mobile_app
8585,231,2025-03-29,paid_ads,mobile_web
8586,964,2025-01-29,social,mobile_web
8587,477,2025-04-21,paid_ads,mobile_app
8588,262,2025-03-05,paid_ads,mobile_web
8589,750,2025-01-01,email,mobile_app
8590,451,2025-05-29,paid_ads,mobile_app
8591,494,2025-03-17,paid_ads,mobile_app
8592,1136,2025-06-26,email,mobile_app
8593,1123,2025-03-14,organic,mobile_app
8594,1184,2025-04-30,paid_ads,mobile_app
8595,524,2025-01-07,paid_ads,mobile_app
8596,41,2025-01-07,direct,mobile_app
8597,1082,2025-01-05,paid_ads,mobile_app
8598,147,2025-06-17,paid_ads,mobile_app
8599,546,2025-01-10,social,mobile_app
8600,915,2025-03-29,paid_ads,mobile_web
8601,564,2025-03-18,paid_ads,mobile_web
8602,414,2025-01-07,direct,mobile_app
8603,751,2025-01-22,direct,desktop
8604,766,2025-04-22,email,mobile_web
8605,577,2025-04-06,organic,mobile_web
8606,703,2025-04-29,direct,desktop
8607,631,2025-01-13,email,mobile_app
8608,370,2025-06-26,paid_ads,mobile_web
8609,429,2025-04-28,social,desktop
8610,888,2025-05-19,social,mobile_web
8611,758,2025-02-19,social,mobile_app
8612,492,2025-06-28,organic,mobile_web
8613,493,2025-04-23,paid_ads,mobile_app
8614,69,2025-01-01,organic,mobile_app
8615,986,2025-04-23,organic,mobile_web
8616,788,2025-04-09,direct,desktop
8617,614,2025-02-28,organic,mobile_app
8618,840,2025-04-04,social,mobile_app
8619,702,2025-03-05,paid_ads,mobile_app
8620,59,2025-06-05,organic,mobile_app
8621,56,2025-04-07,social,mobile_app
8622,902,2025-06-18,organic,mobile_app
8623,1089,2025-04-16,social,desktop
8624,893,2025-06-16,email,desktop
8625,990,2025-04-27,social,mobile_app
8626,325,2025-01-25,social,mobile_web
8627,491,2025-02-16,paid_ads,mobile_web
8628,811,2025-01-11,organic,mobile_app
8629,382,2025-02-23,social,mobile_web
8630,609,2025-06-20,direct,mobile_web
8631,421,2025-04-24,social,mobile_web
8632,1162,2025-01-06,social,mobile_app
8633,716,2025-05-13,organic,mobile_app
8634,675,2025-06-02,organic,mobile_app
8635,714,2025-04-27,organic,mobile_app
8636,1030,2025-04-15,email,desktop
8637,1050,2025-01-05,email,mobile_web
8638,463,2025-01-29,organic,desktop
8639,353,2025-06-15,email,desktop
8640,830,2025-04-22,email,mobile_web
8641,771,2025-04-11,organic,mobile_app
8642,63,2025-02-18,paid_ads,mobile_app
8643,376,2025-06-04,paid_ads,desktop
8644,86,2025-05-27,direct,mobile_app
8645,231,2025-02-10,social,mobile_web
8646,406,2025-02-26,social,mobile_app
8647,730,2025-03-12,social,mobile_web
8648,1195,2025-03-27,email,mobile_web
8649,1032,2025-04-16,social,mobile_web
8650,459,2025-05-10,direct,mobile_web
8651,466,2025-04-08,paid_ads,mobile_app
8652,195,2025-01-16,organic,mobile_app
8653,323,2025-06-10,social,mobile_web
8654,924,2025-01-05,organic,mobile_app
8655,236,2025-06-26,direct,mobile_app
8656,152,2025-04-29,email,mobile_app
8657,245,2025-06-01,paid_ads,desktop
8658,832,2025-04-06,direct,desktop
8659,746,2025-05-01,organic,desktop
8660,171,2025-06-27,direct,mobile_app
8661,278,2025-06-11,paid_ads,mobile_web
8662,200,2025-05-18,social,mobile_app
8663,675,2025-02-28,social,mobile_web
8664,604,2025-05-08,organic,desktop
8665,604,2025-02-08,paid_ads,mobile_app
8666,763,2025-05-09,social,desktop
8667,402,2025-05-12,organic,mobile_app
8668,371,2025-01-14,social,mobile_app
8669,371,2025-04-02,direct,mobile_web
8670,462,2025-03-14,organic,mobile_app
8671,1044,2025-01-17,direct,mobile_web
8672,870,2025-02-15,direct,mobile_app
8673,111,2025-01-07,organic,desktop
8674,889,2025-01-20,organic,mobile_app
8675,590,2025-02-14,paid_ads,mobile_app
8676,301,2025-03-03,email,mobile_web
8677,819,2025-05-19,direct,mobile_app
8678,891,2025-03-22,organic,desktop
8679,329,2025-03-07,paid_ads,mobile_app
8680,1005,2025-06-24,social,mobile_web
8681,1178,2025-03-28,paid_ads,mobile_web
8682,672,2025-03-20,social,mobile_app
8683,214,2025-06-29,social,desktop
8684,1076,2025-02-09,paid_ads,mobile_web
8685,173,2025-06-26,email,mobile_app
8686,126,2025-05-08,organic,mobile_app
8687,1098,2025-05-16,paid_ads,mobile_app
8688,875,2025-02-05,social,mobile_app
8689,1132,2025-04-02,social,mobile_app
8690,319,2025-06-22,paid_ads,mobile_web
8691,1153,2025-05-28,email,mobile_app
8692,110,2025-05-26,paid_ads,mobile_app
8693,329,2025-01-23,direct,desktop
8694,659,2025-01-26,paid_ads,mobile_app
8695,9,2025-02-25,organic,desktop
8696,725,2025-03-07,organic,mobile_app
8697,332,2025-03-16,organic,mobile_app
8698,494,2025-05-26,social,mobile_web
8699,515,2025-05-14,paid_ads,mobile_web
8700,285,2025-01-08,direct,mobile_web
8701,826,2025-05-17,paid_ads,mobile_app
8702,564,2025-02-18,direct,mobile_app
8703,169,2025-02-05,organic,mobile_app
8704,579,2025-04-28,paid_ads,mobile_app
8705,1073,2025-05-30,paid_ads,mobile_web
8706,361,2025-03-12,direct,mobile_web
8707,13,2025-03-01,organic,mobile_app
8708,990,2025-06-02,direct,mobile_app
8709,499,2025-06-07,paid_ads,mobile_app
8710,427,2025-03-26,paid_ads,desktop
8711,415,2025-03-30,social,mobile_web
8712,379,2025-01-22,organic,mobile_app
8713,989,2025-02-23,paid_ads,mobile_app
8714,145,2025-06-02,paid_ads,mobile_web
8715,275,2025-01-18,organic,mobile_app
8716,928,2025-04-23,paid_ads,mobile_app
8717,346,2025-04-04,paid_ads,mobile_app
8718,569,2025-02-26,email,mobile_app
8719,622,2025-06-28,direct,desktop
8720,51,2025-01-30,email,mobile_app
8721,700,2025-03-16,social,desktop
8722,233,2025-05-26,paid_ads,mobile_web
8723,1020,2025-05-10,organic,mobile_web
8724,820,2025-05-14,paid_ads,mobile_app
8725,891,2025-02-07,direct,mobile_web
8726,914,2025-04-01,direct,mobile_app
8727,1033,2025-03-04,organic,mobile_app
8728,689,2025-02-18,organic,mobile_app
8729,634,2025-05-09,paid_ads,mobile_web
8730,57,2025-06-25,organic,mobile_app
8731,807,2025-02-20,social,mobile_app
8732,1120,2025-03-12,organic,mobile_web
8733,991,2025-02-02,paid_ads,mobile_app
8734,358,2025-02-02,organic,mobile_app
8735,782,2025-01-23,email,mobile_app
8736,345,2025-04-01,direct,desktop
8737,1092,2025-05-27,email,mobile_web
8738,287,2025-02-21,paid_ads,desktop
8739,118,2025-02-03,organic,mobile_app
8740,815,2025-01-28,direct,mobile_web
8741,1066,2025-04-11,organic,mobile_web
8742,738,2025-06-06,paid_ads,mobile_web
8743,901,2025-04-08,organic,mobile_web
8744,488,2025-03-21,email,mobile_web
8745,1048,2025-05-19,paid_ads,desktop
8746,829,2025-02-26,paid_ads,desktop
8747,558,2025-04-02,direct,mobile_web
8748,458,2025-06-27,direct,mobile_app
8749,173,2025-06-15,paid_ads,mobile_app
8750,975,2025-01-19,direct,mobile_app
8751,1014,2025-03-20,social,mobile_web
8752,135,2025-04-28,paid_ads,mobile_app
8753,816,2025-05-18,organic,mobile_web
8754,678,2025-02-15,organic,mobile_app
8755,674,2025-04-14,organic,mobile_web
8756,62,2025-05-24,paid_ads,mobile_web
8757,301,2025-02-06,organic,mobile_app
8758,817,2025-05-26,organic,mobile_app
8759,1118,2025-02-08,paid_ads,desktop
8760,191,2025-01-18,paid_ads,mobile_web
8761,70,2025-05-20,direct,mobile_app
8762,353,2025-05-03,social,mobile_app
8763,759,2025-02-22,paid_ads,mobile_app
8764,930,2025-04-13,email,mobile_web
8765,1041,2025-01-14,paid_ads,mobile_app
8766,992,2025-01-26,email,mobile_web
8767,866,2025-04-17,paid_ads,mobile_web
8768,722,2025-03-19,email,desktop
8769,560,2025-05-11,email,mobile_web
8770,162,2025-05-06,paid_ads,mobile_app
8771,7,2025-02-17,social,mobile_web
8772,109,2025-03-23,social,mobile_app
8773,792,2025-02-26,paid_ads,mobile_app
8774,737,2025-05-12,social,desktop
8775,809,2025-04-04,email,desktop
8776,151,2025-02-16,organic,mobile_web
8777,142,2025-01-25,direct,mobile_app
8778,458,2025-05-16,social,mobile_app
8779,506,2025-04-18,paid_ads,desktop
8780,399,2025-01-03,organic,mobile_web
8781,215,2025-02-05,social,mobile_app
8782,1112,2025-06-02,paid_ads,desktop
8783,984,2025-03-20,direct,mobile_app
8784,396,2025-01-16,paid_ads,mobile_app
8785,591,2025-06-21,organic,mobile_app
8786,1116,2025-04-07,organic,mobile_web
8787,820,2025-04-05,paid_ads,mobile_app
8788,629,2025-03-28,direct,mobile_app
8789,866,2025-05-27,paid_ads,desktop
8790,541,2025-03-09,paid_ads,mobile_app
8791,696,2025-02-01,social,mobile_web
8792,1101,2025-05-19,organic,mobile_app
8793,861,2025-06-21,direct,desktop
8794,93,2025-02-13,paid_ads,mobile_app
8795,911,2025-06-12,paid_ads,mobile_app
8796,908,2025-06-18,paid_ads,desktop
8797,94,2025-04-28,direct,mobile_web
8798,366,2025-05-11,organic,desktop
8799,75,2025-04-19,organic,mobile_web
8800,440,2025-03-17,paid_ads,mobile_app
8801,903,2025-03-31,paid_ads,mobile_app
8802,363,2025-02-27,organic,desktop
8803,735,2025-02-13,organic,mobile_app
8804,983,2025-04-06,email,mobile_app
8805,1161,2025-05-10,social,mobile_web
8806,544,2025-01-20,organic,desktop
8807,451,2025-01-11,social,mobile_app
8808,817,2025-03-18,social,mobile_app
8809,740,2025-04-18,organic,mobile_app
8810,344,2025-06-22,organic,mobile_app
8811,496,2025-06-06,social,mobile_app
8812,1008,2025-01-25,social,desktop
8813,1106,2025-05-06,social,mobile_app
8814,821,2025-01-03,organic,mobile_web
8815,567,2025-03-14,direct,mobile_web
8816,59,2025-05-09,direct,desktop
8817,117,2025-02-12,paid_ads,desktop
8818,61,2025-06-15,direct,mobile_app
8819,735,2025-06-25,social,mobile_app
8820,1070,2025-03-23,social,mobile_app
8821,146,2025-03-29,social,mobile_app
8822,593,2025-02-14,direct,mobile_web
8823,629,2025-03-01,direct,mobile_app
8824,943,2025-05-12,direct,mobile_app
8825,135,2025-03-15,social,mobile_app
8826,65,2025-06-05,direct,mobile_web
8827,157,2025-02-07,social,desktop
8828,506,2025-03-12,social,mobile_app
8829,470,2025-02-17,direct,mobile_app
8830,286,2025-05-19,paid_ads,mobile_app
8831,300,2025-05-17,organic,desktop
8832,224,2025-02-25,organic,mobile_app
8833,878,2025-05-02,paid_ads,mobile_web
8834,1115,2025-02-23,social,mobile_app
8835,1041,2025-06-08,direct,mobile_app
8836,616,2025-06-16,social,mobile_web
8837,110,2025-05-24,organic,mobile_web
8838,364,2025-01-20,direct,desktop
8839,132,2025-04-21,social,mobile_app
8840,701,2025-06-02,organic,desktop
8841,872,2025-03-21,organic,mobile_web
8842,263,2025-01-14,paid_ads,desktop
8843,249,2025-05-02,paid_ads,mobile_web
8844,706,2025-04-08,paid_ads,mobile_app
8845,920,2025-03-21,paid_ads,mobile_app
8846,808,2025-04-27,email,mobile_app
8847,623,2025-03-26,organic,mobile_app
8848,1050,2025-02-11,organic,mobile_app
8849,1015,2025-06-23,paid_ads,mobile_web
8850,382,2025-05-09,email,desktop
8851,121,2025-01-07,social,mobile_app
8852,2,2025-03-10,organic,mobile_app
8853,786,2025-04-26,direct,mobile_app
8854,1170,2025-03-03,email,desktop
8855,395,2025-03-09,direct,mobile_web
8856,95,2025-02-05,organic,mobile_web
8857,240,2025-04-25,email,mobile_web
8858,214,2025-04-25,email,mobile_web
8859,911,2025-02-05,direct,mobile_web
8860,653,2025-04-16,organic,mobile_app
8861,1138,2025-06-24,email,mobile_app
8862,30,2025-06-23,social,mobile_web
8863,456,2025-01-26,paid_ads,desktop
8864,1195,2025-05-03,email,mobile_app
8865,492,2025-06-29,organic,mobile_web
8866,456,2025-05-21,organic,mobile_app
8867,1193,2025-05-12,direct,mobile_app
8868,685,2025-04-18,social,desktop
8869,384,2025-06-25,social,mobile_app
8870,675,2025-02-08,organic,desktop
8871,276,2025-05-26,paid_ads,mobile_app
8872,844,2025-01-02,direct,mobile_app
8873,560,2025-05-24,organic,mobile_app
8874,16,2025-06-14,organic,desktop
8875,297,2025-06-07,direct,mobile_app
8876,1142,2025-06-26,paid_ads,mobile_app
8877,1042,2025-03-09,organic,mobile_app
8878,1049,2025-05-24,organic,mobile_app
8879,1126,2025-05-08,paid_ads,mobile_app
8880,473,2025-01-03,paid_ads,mobile_app
8881,239,2025-06-24,paid_ads,mobile_app
8882,1159,2025-06-22,email,mobile_app
8883,741,2025-06-16,paid_ads,mobile_app
8884,252,2025-01-06,direct,mobile_app
8885,841,2025-01-08,social,desktop
8886,673,2025-02-28,social,mobile_app
8887,320,2025-02-03,organic,mobile_app
8888,318,2025-02-08,email,desktop
8889,667,2025-06-04,organic,mobile_app
8890,242,2025-03-21,email,mobile_app
8891,237,2025-02-17,social,mobile_app
8892,596,2025-01-18,direct,mobile_app
8893,30,2025-03-02,social,desktop
8894,472,2025-05-16,organic,mobile_app
8895,621,2025-06-15,social,mobile_web
8896,1002,2025-04-22,direct,mobile_app
8897,234,2025-03-29,organic,mobile_app
8898,132,2025-04-18,direct,desktop
8899,17,2025-04-21,organic,mobile_web
8900,540,2025-04-15,direct,mobile_app
8901,811,2025-05-08,social,mobile_web
8902,1153,2025-01-24,organic,mobile_web
8903,674,2025-01-27,organic,mobile_web
8904,109,2025-06-14,social,mobile_app
8905,1104,2025-01-20,paid_ads,mobile_web
8906,1002,2025-05-10,email,desktop
8907,1019,2025-05-13,organic,mobile_web
8908,139,2025-06-10,organic,desktop
8909,119,2025-03-28,organic,desktop
8910,282,2025-03-17,social,mobile_web
8911,604,2025-05-18,email,desktop
8912,559,2025-01-29,paid_ads,mobile_app
8913,395,2025-05-13,organic,mobile_web
8914,770,2025-03-01,organic,mobile_app
8915,1101,2025-06-25,organic,mobile_web
8916,1007,2025-01-03,organic,mobile_web
8917,425,2025-04-03,paid_ads,mobile_web
8918,1080,2025-05-13,paid_ads,mobile_app
8919,959,2025-02-16,social,desktop
8920,347,2025-04-10,paid_ads,desktop
8921,654,2025-01-21,organic,desktop
8922,975,2025-03-20,social,mobile_app
8923,970,2025-04-01,direct,mobile_app
8924,439,2025-05-09,paid_ads,mobile_web
8925,20,2025-06-19,paid_ads,mobile_app
8926,1120,2025-04-25,organic,mobile_web
8927,1078,2025-02-27,paid_ads,mobile_app
8928,1078,2025-01-15,organic,desktop
8929,159,2025-06-21,organic,mobile_web
8930,48,2025-05-14,organic,mobile_app
8931,1024,2025-01-22,paid_ads,mobile_app
8932,153,2025-03-06,organic,desktop
8933,777,2025-03-11,email,mobile_app
8934,673,2025-05-21,email,mobile_app
8935,50,2025-05-07,organic,mobile_app
8936,909,2025-05-04,direct,mobile_app
8937,1123,2025-03-25,organic,mobile_app
8938,720,2025-01-16,social,mobile_app
8939,888,2025-03-11,paid_ads,mobile_web
8940,723,2025-01-19,paid_ads,mobile_app
8941,1082,2025-06-08,email,mobile_web
8942,110,2025-05-10,social,mobile_app
8943,637,2025-01-25,email,mobile_app
8944,351,2025-06-14,organic,mobile_web
8945,726,2025-06-07,direct,mobile_app
8946,251,2025-03-27,social,mobile_app
8947,972,2025-04-14,email,mobile_web
8948,358,2025-02-21,paid_ads,mobile_web
8949,1035,2025-04-02,paid_ads,mobile_app
8950,258,2025-02-05,paid_ads,mobile_app
8951,785,2025-06-10,paid_ads,mobile_web
8952,823,2025-05-17,direct,mobile_web
8953,258,2025-04-29,organic,mobile_app
8954,958,2025-03-29,organic,desktop
8955,441,2025-06-14,social,mobile_app
8956,55,2025-06-10,email,mobile_app
8957,655,2025-05-16,social,mobile_app
8958,1023,2025-06-22,organic,mobile_app
8959,1129,2025-03-04,paid_ads,desktop
8960,450,2025-04-28,email,mobile_web
8961,655,2025-02-10,social,mobile_web
8962,494,2025-06-19,organic,mobile_web
8963,375,2025-04-13,paid_ads,desktop
8964,743,2025-06-10,social,mobile_app
8965,270,2025-04-10,organic,desktop
8966,350,2025-01-27,organic,mobile_web
8967,507,2025-05-31,organic,mobile_web
8968,179,2025-05-28,organic,mobile_app
8969,725,2025-03-26,paid_ads,mobile_app
8970,495,2025-05-29,email,mobile_web
8971,121,2025-06-19,organic,mobile_web
8972,619,2025-01-27,paid_ads,mobile_web
8973,720,2025-05-02,organic,mobile_app
8974,440,2025-03-28,paid_ads,mobile_app
8975,49,2025-05-24,social,mobile_app
8976,1198,2025-03-05,social,mobile_web
8977,1125,2025-03-11,social,mobile_web
8978,1127,2025-01-15,paid_ads,mobile_app
8979,512,2025-02-06,direct,mobile_app
8980,323,2025-04-24,paid_ads,mobile_app
8981,708,2025-05-14,social,mobile_web
8982,796,2025-01-24,paid_ads,mobile_web
8983,1178,2025-03-04,organic,desktop
8984,404,2025-06-15,organic,desktop
8985,786,2025-04-08,paid_ads,mobile_web
8986,356,2025-04-23,organic,mobile_web
8987,573,2025-01-18,direct,mobile_web
8988,989,2025-04-29,organic,mobile_web
8989,122,2025-02-02,direct,mobile_app
8990,325,2025-06-17,email,mobile_app
8991,796,2025-05-18,paid_ads,mobile_web
8992,3,2025-02-24,organic,desktop
8993,607,2025-06-10,email,mobile_app
8994,492,2025-05-05,organic,mobile_app
8995,242,2025-01-31,direct,mobile_app
8996,734,2025-06-28,email,mobile_app
8997,5,2025-03-28,organic,desktop
8998,606,2025-04-09,organic,mobile_app
8999,113,2025-01-14,organic,mobile_web
9000,1027,2025-02-17,social,mobile_app
9001,1020,2025-02-24,social,mobile_app
9002,1025,2025-05-13,social,mobile_app
9003,102,2025-01-01,organic,desktop
9004,221,2025-01-31,social,mobile_app
9005,25,2025-03-13,social,mobile_app
9006,778,2025-06-29,social,mobile_app
9007,624,2025-02-23,social,mobile_web
9008,486,2025-03-24,organic,mobile_app
9009,567,2025-01-20,organic,mobile_web
9010,557,2025-02-28,social,desktop
9011,467,2025-05-04,organic,mobile_app
9012,508,2025-01-10,organic,desktop
9013,369,2025-04-12,email,desktop
9014,647,2025-05-13,paid_ads,mobile_app
9015,790,2025-01-13,email,desktop
9016,1190,2025-03-11,social,mobile_web
9017,526,2025-06-24,paid_ads,desktop
9018,400,2025-01-27,direct,mobile_app
9019,885,2025-04-14,email,desktop
9020,636,2025-01-25,paid_ads,mobile_app
9021,216,2025-01-25,social,mobile_web
9022,521,2025-01-16,social,desktop
9023,385,2025-06-22,direct,mobile_app
9024,805,2025-04-24,social,mobile_web
9025,836,2025-04-16,email,mobile_app
9026,1157,2025-06-06,organic,desktop
9027,833,2025-01-17,paid_ads,mobile_app
9028,573,2025-05-24,paid_ads,mobile_web
9029,251,2025-05-31,direct,mobile_web
9030,881,2025-03-01,paid_ads,mobile_web
9031,637,2025-02-08,paid_ads,mobile_app
9032,1123,2025-04-22,social,mobile_app
9033,329,2025-03-06,paid_ads,mobile_app
9034,748,2025-05-05,paid_ads,mobile_web
9035,647,2025-02-27,direct,mobile_app
9036,880,2025-02-27,email,mobile_app
9037,902,2025-04-04,social,mobile_app
9038,479,2025-05-01,paid_ads,mobile_web
9039,906,2025-06-11,paid_ads,mobile_web
9040,812,2025-01-21,social,mobile_app
9041,926,2025-04-17,social,mobile_app
9042,158,2025-03-11,direct,desktop
9043,1040,2025-05-31,email,mobile_app
9044,1123,2025-05-16,paid_ads,mobile_app
9045,1187,2025-06-13,email,mobile_web
9046,88,2025-02-25,paid_ads,mobile_app
9047,620,2025-03-14,paid_ads,mobile_web
9048,181,2025-01-26,paid_ads,mobile_web
9049,1150,2025-06-19,paid_ads,mobile_web
9050,957,2025-05-29,paid_ads,desktop
9051,1072,2025-05-01,organic,mobile_web
9052,550,2025-06-09,social,mobile_web
9053,88,2025-04-28,organic,mobile_web
9054,666,2025-06-05,paid_ads,mobile_app
9055,778,2025-03-13,direct,mobile_web
9056,1050,2025-02-15,organic,mobile_web
9057,989,2025-02-01,social,mobile_web
9058,299,2025-01-12,organic,mobile_app
9059,356,2025-04-04,social,desktop
9060,1138,2025-05-18,social,mobile_app
9061,666,2025-02-23,email,mobile_app
9062,32,2025-06-14,social,desktop
9063,85,2025-01-01,social,desktop
9064,418,2025-05-02,organic,desktop
9065,677,2025-04-07,social,mobile_app
9066,806,2025-06-26,social,mobile_app
9067,870,2025-02-08,organic,mobile_app
9068,565,2025-01-28,organic,mobile_app
9069,712,2025-05-25,paid_ads,mobile_web
9070,218,2025-01-27,social,mobile_app
9071,549,2025-06-17,organic,mobile_app
9072,950,2025-02-20,organic,desktop
9073,247,2025-04-05,paid_ads,mobile_app
9074,403,2025-02-03,direct,mobile_app
9075,632,2025-03-23,email,mobile_app
9076,527,2025-04-11,organic,mobile_web
9077,421,2025-03-30,paid_ads,mobile_app
9078,1027,2025-04-01,paid_ads,mobile_web
9079,773,2025-01-03,social,mobile_web
9080,456,2025-04-01,direct,mobile_app
9081,532,2025-05-20,organic,mobile_app
9082,905,2025-01-10,email,mobile_web
9083,453,2025-05-17,social,desktop
9084,780,2025-04-28,organic,mobile_app
9085,1146,2025-01-01,direct,desktop
9086,808,2025-03-17,organic,mobile_app
9087,1018,2025-06-06,organic,mobile_web
9088,147,2025-04-17,social,desktop
9089,888,2025-01-13,direct,desktop
9090,331,2025-03-01,paid_ads,mobile_app
9091,508,2025-02-10,direct,mobile_web
9092,183,2025-04-12,paid_ads,mobile_app
9093,578,2025-01-28,social,mobile_app
9094,253,2025-03-30,organic,mobile_web
9095,830,2025-02-22,direct,mobile_app
9096,175,2025-04-30,paid_ads,desktop
9097,1094,2025-03-20,paid_ads,mobile_web
9098,456,2025-06-13,organic,desktop
9099,1048,2025-01-31,direct,mobile_app
9100,437,2025-02-20,direct,mobile_web
9101,34,2025-06-27,email,mobile_app
9102,829,2025-01-08,paid_ads,mobile_web
9103,515,2025-06-29,direct,mobile_app
9104,549,2025-01-27,organic,mobile_app
9105,819,2025-01-12,paid_ads,mobile_web
9106,329,2025-05-19,email,mobile_app
9107,566,2025-04-09,paid_ads,mobile_web
9108,797,2025-05-08,organic,mobile_web
9109,635,2025-06-01,organic,mobile_app
9110,390,2025-05-31,email,mobile_web
9111,580,2025-03-23,organic,mobile_web
9112,927,2025-03-03,direct,mobile_app
9113,687,2025-05-17,email,mobile_web
9114,1124,2025-04-22,paid_ads,mobile_app
9115,535,2025-05-12,paid_ads,mobile_web
9116,1065,2025-02-25,social,desktop
9117,538,2025-01-18,paid_ads,desktop
9118,334,2025-01-15,direct,desktop
9119,546,2025-01-21,direct,mobile_app
9120,842,2025-02-28,organic,mobile_app
9121,445,2025-02-08,paid_ads,mobile_app
9122,553,2025-03-12,email,mobile_web
9123,77,2025-03-30,organic,mobile_web
9124,301,2025-05-12,organic,mobile_app
9125,614,2025-04-08,paid_ads,mobile_app
9126,339,2025-04-23,organic,mobile_app
9127,1072,2025-03-31,organic,mobile_app
9128,883,2025-03-24,social,mobile_web
9129,867,2025-06-24,organic,mobile_web
9130,78,2025-06-14,organic,desktop
9131,148,2025-03-22,paid_ads,mobile_app
9132,714,2025-05-07,paid_ads,mobile_web
9133,812,2025-01-12,social,mobile_app
9134,913,2025-03-18,paid_ads,mobile_app
9135,580,2025-06-18,social,mobile_app
9136,798,2025-06-20,direct,mobile_app
9137,1147,2025-05-22,social,desktop
9138,1061,2025-04-28,email,mobile_web
9139,644,2025-06-16,direct,desktop
9140,382,2025-05-27,organic,desktop
9141,179,2025-04-24,direct,mobile_app
9142,990,2025-05-25,organic,mobile_app
9143,82,2025-02-25,paid_ads,mobile_web
9144,628,2025-01-31,organic,mobile_app
9145,488,2025-02-08,paid_ads,desktop
9146,395,2025-06-27,social,mobile_app
9147,305,2025-04-05,paid_ads,mobile_app
9148,71,2025-03-23,organic,mobile_web
9149,64,2025-02-02,paid_ads,mobile_app
9150,547,2025-02-16,email,mobile_web
9151,655,2025-01-22,social,mobile_web
9152,206,2025-05-28,email,desktop
9153,536,2025-03-17,paid_ads,mobile_web
9154,1145,2025-04-19,organic,desktop
9155,383,2025-01-01,organic,mobile_web
9156,13,2025-03-16,direct,mobile_app
9157,414,2025-03-19,paid_ads,mobile_web
9158,942,2025-05-18,organic,mobile_app
9159,576,2025-01-29,social,mobile_web
9160,259,2025-01-30,social,mobile_app
9161,378,2025-03-07,direct,mobile_web
9162,625,2025-05-07,social,mobile_app
9163,581,2025-04-30,paid_ads,mobile_web
9164,1178,2025-03-23,email,mobile_app
9165,458,2025-03-30,organic,mobile_app
9166,643,2025-01-08,organic,mobile_app
9167,613,2025-06-24,organic,mobile_web
9168,490,2025-04-28,social,mobile_app
9169,704,2025-04-16,paid_ads,mobile_app
9170,1105,2025-06-20,social,mobile_app
9171,94,2025-06-25,paid_ads,mobile_app
9172,451,2025-03-26,direct,mobile_app
9173,751,2025-04-02,organic,mobile_web
9174,200,2025-06-04,social,mobile_app
9175,58,2025-01-22,organic,mobile_app
9176,1186,2025-02-16,direct,mobile_web
9177,1200,2025-01-29,organic,mobile_app
9178,523,2025-06-24,paid_ads,mobile_app
9179,1005,2025-06-04,social,mobile_app
9180,286,2025-03-11,social,desktop
9181,810,2025-04-03,email,mobile_web
9182,34,2025-05-10,organic,mobile_app
9183,692,2025-04-13,social,mobile_web
9184,1081,2025-06-09,email,desktop
9185,307,2025-03-04,social,mobile_app
9186,1041,2025-01-12,paid_ads,mobile_web
9187,771,2025-02-14,social,mobile_web
9188,599,2025-06-26,paid_ads,mobile_app
9189,26,2025-01-03,social,mobile_web
9190,446,2025-04-22,organic,mobile_web
9191,59,2025-06-14,email,mobile_app
9192,264,2025-05-25,organic,mobile_app
9193,255,2025-03-28,direct,mobile_web
9194,1078,2025-05-15,paid_ads,mobile_app
9195,882,2025-06-02,paid_ads,mobile_app
9196,447,2025-01-10,organic,mobile_app
9197,1168,2025-06-26,direct,desktop
9198,420,2025-03-30,organic,mobile_app
9199,86,2025-03-13,organic,mobile_app
9200,342,2025-04-16,organic,desktop
9201,32,2025-04-16,direct,mobile_web
9202,758,2025-03-27,organic,mobile_app
9203,960,2025-05-06,social,mobile_app
9204,885,2025-04-30,organic,desktop
9205,23,2025-05-29,organic,mobile_web
9206,974,2025-03-13,paid_ads,mobile_app
9207,472,2025-02-25,paid_ads,desktop
9208,235,2025-01-30,organic,desktop
9209,1126,2025-03-21,paid_ads,mobile_web
9210,105,2025-04-16,social,mobile_web
9211,175,2025-02-23,direct,mobile_web
9212,451,2025-02-16,email,mobile_app
9213,314,2025-04-04,paid_ads,mobile_app
9214,181,2025-06-16,paid_ads,mobile_app
9215,651,2025-04-12,organic,mobile_web
9216,505,2025-03-11,organic,mobile_app
9217,774,2025-05-25,organic,desktop
9218,84,2025-04-08,paid_ads,desktop
9219,443,2025-02-05,organic,mobile_web
9220,272,2025-03-01,email,mobile_app
9221,513,2025-05-18,organic,mobile_web
9222,344,2025-01-29,organic,mobile_app
9223,663,2025-02-11,social,mobile_app
9224,243,2025-01-24,social,mobile_web
9225,231,2025-03-13,organic,mobile_app
9226,21,2025-02-04,social,mobile_app
9227,1019,2025-05-24,social,mobile_app
9228,1200,2025-03-16,organic,mobile_app
9229,1047,2025-04-14,organic,mobile_app
9230,674,2025-06-20,paid_ads,mobile_web
9231,290,2025-05-27,direct,mobile_web
9232,96,2025-06-26,social,mobile_web
9233,425,2025-06-09,social,mobile_app
9234,1198,2025-01-20,email,mobile_app
9235,402,2025-01-03,direct,mobile_app
9236,486,2025-04-04,social,mobile_web
9237,340,2025-04-15,email,mobile_app
9238,596,2025-05-12,paid_ads,mobile_app
9239,993,2025-06-20,social,mobile_web
9240,973,2025-04-28,social,mobile_app
9241,462,2025-04-17,paid_ads,mobile_web
9242,747,2025-02-18,email,mobile_web
9243,635,2025-03-17,paid_ads,mobile_web
9244,867,2025-05-27,paid_ads,mobile_app
9245,211,2025-02-28,organic,mobile_app
9246,1022,2025-05-06,organic,mobile_web
9247,749,2025-05-19,direct,desktop
9248,461,2025-02-06,social,mobile_app
9249,841,2025-04-23,organic,mobile_web
9250,539,2025-05-06,organic,mobile_web
9251,409,2025-06-28,organic,mobile_app
9252,654,2025-04-26,email,desktop
9253,781,2025-06-28,organic,mobile_app
9254,983,2025-02-07,direct,mobile_app
9255,399,2025-05-24,direct,mobile_app
9256,224,2025-04-05,direct,mobile_app
9257,190,2025-02-12,social,desktop
9258,1088,2025-02-10,organic,mobile_app
9259,1194,2025-05-06,organic,mobile_app
9260,469,2025-04-08,organic,desktop
9261,259,2025-05-26,organic,mobile_web
9262,1011,2025-03-07,direct,mobile_app
9263,124,2025-03-31,email,mobile_app
9264,1114,2025-01-11,paid_ads,mobile_web
9265,75,2025-04-04,social,mobile_app
9266,588,2025-05-24,direct,mobile_app
9267,885,2025-02-06,paid_ads,mobile_web
9268,1008,2025-03-23,direct,mobile_app
9269,895,2025-01-19,social,mobile_app
9270,522,2025-06-25,organic,desktop
9271,1009,2025-05-27,direct,mobile_app
9272,963,2025-06-16,paid_ads,mobile_app
9273,872,2025-01-27,organic,mobile_web
9274,317,2025-01-20,organic,mobile_app
9275,830,2025-04-22,paid_ads,desktop
9276,298,2025-04-13,paid_ads,mobile_app
9277,567,2025-04-04,organic,mobile_web
9278,1106,2025-04-15,paid_ads,mobile_app
9279,813,2025-06-28,direct,mobile_app
9280,1005,2025-02-21,email,desktop
9281,679,2025-06-09,social,mobile_web
9282,829,2025-01-13,organic,mobile_web
9283,297,2025-01-05,organic,mobile_app
9284,294,2025-02-13,organic,mobile_web
9285,333,2025-01-10,social,mobile_app
9286,1198,2025-02-10,paid_ads,mobile_app
9287,1052,2025-05-23,email,mobile_app
9288,1035,2025-02-17,paid_ads,mobile_app
9289,1094,2025-01-16,paid_ads,mobile_web
9290,686,2025-03-15,direct,mobile_web
9291,777,2025-06-28,social,desktop
9292,1019,2025-04-02,social,mobile_app
9293,898,2025-01-22,paid_ads,mobile_app
9294,1031,2025-05-16,direct,mobile_app
9295,207,2025-02-08,paid_ads,mobile_app
9296,13,2025-04-01,social,mobile_app
9297,631,2025-06-21,direct,mobile_web
9298,655,2025-03-30,social,mobile_app
9299,894,2025-06-21,paid_ads,mobile_web
9300,963,2025-03-18,paid_ads,mobile_app
9301,624,2025-05-19,organic,mobile_app
9302,376,2025-01-27,paid_ads,mobile_app
9303,203,2025-06-14,paid_ads,desktop
9304,793,2025-03-09,paid_ads,desktop
9305,315,2025-02-18,social,mobile_web
9306,1098,2025-03-15,direct,mobile_web
9307,465,2025-02-17,email,desktop
9308,189,2025-04-07,social,mobile_app
9309,273,2025-06-09,paid_ads,mobile_app
9310,1170,2025-01-21,social,mobile_web
9311,1134,2025-04-29,social,desktop
9312,868,2025-01-14,email,desktop
9313,931,2025-01-15,organic,mobile_web
9314,43,2025-01-28,social,mobile_app
9315,816,2025-01-15,direct,mobile_app
9316,489,2025-02-20,paid_ads,desktop
9317,245,2025-05-20,paid_ads,mobile_app
9318,1142,2025-05-24,social,mobile_app
9319,25,2025-01-27,direct,mobile_app
9320,735,2025-06-09,paid_ads,mobile_app
9321,929,2025-04-16,paid_ads,mobile_web
9322,489,2025-04-18,social,mobile_app
9323,1052,2025-03-06,paid_ads,mobile_app
9324,989,2025-03-19,email,mobile_web
9325,113,2025-05-14,organic,mobile_app
9326,169,2025-03-03,paid_ads,mobile_web
9327,1079,2025-02-02,organic,mobile_web
9328,408,2025-03-22,direct,mobile_app
9329,81,2025-05-12,social,mobile_app
9330,981,2025-05-09,paid_ads,mobile_web
9331,643,2025-03-08,paid_ads,desktop
9332,1087,2025-05-28,direct,mobile_web
9333,205,2025-05-31,paid_ads,mobile_app
9334,7,2025-06-08,organic,mobile_app
9335,320,2025-03-13,paid_ads,mobile_app
9336,1081,2025-05-30,email,mobile_app
9337,232,2025-03-14,organic,mobile_web
9338,232,2025-06-04,social,desktop
9339,1063,2025-06-05,email,mobile_web
9340,678,2025-01-08,direct,mobile_web
9341,38,2025-01-20,direct,mobile_app
9342,952,2025-02-17,organic,desktop
9343,284,2025-04-26,direct,mobile_app
9344,924,2025-03-31,paid_ads,desktop
9345,714,2025-04-01,paid_ads,mobile_web
9346,976,2025-04-04,email,mobile_web
9347,371,2025-02-10,direct,mobile_app
9348,1016,2025-04-12,email,mobile_app
9349,1115,2025-01-31,organic,mobile_web
9350,921,2025-06-26,organic,mobile_app
9351,921,2025-05-20,email,mobile_app
9352,4,2025-03-10,paid_ads,mobile_web
9353,908,2025-06-10,email,mobile_app
9354,219,2025-06-01,paid_ads,mobile_app
9355,511,2025-05-10,paid_ads,mobile_app
9356,1004,2025-03-20,organic,mobile_web
9357,778,2025-01-29,organic,mobile_app
9358,322,2025-01-24,email,mobile_app
9359,6,2025-02-05,email,desktop
9360,155,2025-03-18,paid_ads,desktop
9361,394,2025-02-12,paid_ads,mobile_app
9362,220,2025-06-27,organic,mobile_app
9363,205,2025-02-22,organic,mobile_app
9364,141,2025-04-04,organic,mobile_app
9365,934,2025-05-16,paid_ads,mobile_app
9366,1024,2025-03-16,organic,mobile_app
9367,988,2025-04-07,paid_ads,desktop
9368,44,2025-06-11,organic,mobile_web
9369,921,2025-05-14,paid_ads,mobile_app
9370,1081,2025-04-21,organic,desktop
9371,701,2025-03-18,social,mobile_app
9372,337,2025-03-11,email,mobile_app
9373,276,2025-01-09,social,desktop
9374,840,2025-01-16,social,desktop
9375,781,2025-02-09,direct,mobile_web
9376,940,2025-05-25,social,mobile_web
9377,989,2025-04-23,organic,mobile_web
9378,161,2025-06-18,paid_ads,mobile_app
9379,367,2025-05-27,social,mobile_app
9380,932,2025-02-19,social,mobile_app
9381,721,2025-06-29,paid_ads,mobile_web
9382,847,2025-02-02,paid_ads,mobile_app
9383,454,2025-01-24,email,mobile_app
9384,848,2025-03-25,organic,mobile_web
9385,264,2025-01-13,direct,desktop
9386,501,2025-02-03,direct,mobile_app
9387,920,2025-02-09,organic,mobile_web
9388,528,2025-05-26,direct,mobile_web
9389,924,2025-02-20,social,mobile_app
9390,969,2025-03-31,paid_ads,mobile_app
9391,314,2025-04-07,organic,mobile_app
9392,835,2025-03-22,direct,mobile_web
9393,719,2025-04-19,email,mobile_web
9394,1197,2025-06-02,paid_ads,mobile_web
9395,285,2025-03-08,paid_ads,desktop
9396,932,2025-01-22,organic,mobile_app
9397,15,2025-06-15,direct,mobile_app
9398,936,2025-03-05,social,mobile_app
9399,257,2025-05-17,organic,mobile_app
9400,617,2025-05-03,organic,mobile_web
9401,494,2025-03-28,direct,mobile_app
9402,279,2025-03-24,organic,mobile_app
9403,198,2025-03-21,paid_ads,mobile_app
9404,660,2025-06-04,paid_ads,mobile_app
9405,563,2025-03-22,direct,mobile_web
9406,1058,2025-03-08,paid_ads,desktop
9407,836,2025-05-23,email,mobile_web
9408,615,2025-04-09,paid_ads,mobile_app
9409,27,2025-05-23,direct,mobile_app
9410,496,2025-03-06,organic,mobile_app
9411,535,2025-04-19,direct,desktop
9412,157,2025-06-18,paid_ads,mobile_app
9413,781,2025-04-17,paid_ads,desktop
9414,103,2025-01-18,paid_ads,mobile_app
9415,946,2025-05-18,organic,mobile_app
9416,1134,2025-03-07,organic,mobile_web
9417,208,2025-05-17,email,mobile_web
9418,433,2025-03-24,paid_ads,mobile_web
9419,1170,2025-06-15,email,mobile_app
9420,904,2025-05-07,organic,mobile_app
9421,322,2025-04-23,paid_ads,mobile_web
9422,229,2025-04-21,organic,mobile_app
9423,551,2025-03-09,organic,desktop
9424,766,2025-01-13,email,desktop
9425,920,2025-02-21,organic,mobile_app
9426,830,2025-05-02,social,mobile_app
9427,934,2025-06-15,paid_ads,mobile_web
9428,933,2025-04-14,paid_ads,mobile_app
9429,1191,2025-01-04,email,mobile_app
9430,1049,2025-06-06,organic,desktop
9431,860,2025-01-31,organic,desktop
9432,635,2025-01-12,organic,desktop
9433,1008,2025-02-13,organic,mobile_app
9434,321,2025-02-09,direct,mobile_web
9435,347,2025-06-27,organic,mobile_web
9436,381,2025-06-19,social,mobile_web
9437,966,2025-04-10,organic,mobile_app
9438,284,2025-02-22,social,desktop
9439,1005,2025-04-22,email,mobile_app
9440,670,2025-01-20,social,mobile_app
9441,736,2025-06-24,email,mobile_app
9442,675,2025-05-29,paid_ads,mobile_app
9443,126,2025-06-01,organic,mobile_web
9444,241,2025-01-15,organic,mobile_app
9445,1034,2025-01-05,paid_ads,desktop
9446,1072,2025-06-03,direct,mobile_app
9447,733,2025-06-10,social,desktop
9448,1073,2025-06-25,email,mobile_web
9449,930,2025-02-21,direct,desktop
9450,347,2025-03-03,direct,mobile_app
9451,1132,2025-02-24,direct,mobile_web
9452,688,2025-01-06,paid_ads,desktop
9453,534,2025-03-03,direct,mobile_web
9454,386,2025-05-19,paid_ads,mobile_app
9455,249,2025-03-26,paid_ads,mobile_app
9456,197,2025-05-23,social,desktop
9457,1100,2025-06-01,paid_ads,mobile_web
9458,41,2025-06-28,paid_ads,mobile_app
9459,433,2025-02-15,paid_ads,desktop
9460,62,2025-04-22,social,mobile_app
9461,139,2025-01-21,email,mobile_app
9462,871,2025-05-25,organic,mobile_web
9463,296,2025-06-04,email,desktop
9464,942,2025-02-08,organic,desktop
9465,689,2025-03-04,direct,desktop
9466,1086,2025-01-23,direct,mobile_app
9467,1108,2025-01-26,organic,mobile_app
9468,464,2025-03-17,organic,mobile_web
9469,206,2025-03-05,organic,mobile_app
9470,1007,2025-02-15,direct,mobile_app
9471,513,2025-02-15,organic,mobile_web
9472,80,2025-03-17,organic,mobile_web
9473,478,2025-04-08,paid_ads,mobile_app
9474,930,2025-05-13,social,mobile_app
9475,1177,2025-01-31,email,mobile_app
9476,1145,2025-06-15,social,mobile_app
9477,378,2025-02-27,email,mobile_web
9478,455,2025-03-05,organic,mobile_web
9479,1151,2025-05-20,email,mobile_app
9480,701,2025-04-18,direct,mobile_app
9481,20,2025-01-12,organic,desktop
9482,824,2025-04-30,paid_ads,mobile_app
9483,117,2025-01-29,direct,desktop
9484,770,2025-05-30,email,desktop
9485,651,2025-06-17,paid_ads,mobile_app
9486,649,2025-05-14,paid_ads,desktop
9487,646,2025-02-14,direct,mobile_web
9488,924,2025-06-21,social,mobile_web
9489,448,2025-01-08,direct,mobile_web
9490,174,2025-01-16,organic,mobile_web
9491,603,2025-04-25,direct,mobile_app
9492,420,2025-02-14,organic,mobile_app
9493,894,2025-05-11,direct,mobile_app
9494,359,2025-03-21,organic,desktop
9495,399,2025-02-08,organic,mobile_app
9496,55,2025-06-23,organic,mobile_app
9497,228,2025-01-18,email,mobile_web
9498,292,2025-02-13,paid_ads,desktop
9499,1162,2025-06-12,social,mobile_web
9500,557,2025-06-12,paid_ads,mobile_app
9501,558,2025-04-04,email,mobile_app
9502,477,2025-05-25,organic,mobile_web
9503,940,2025-02-05,social,desktop
9504,861,2025-01-22,organic,mobile_web
9505,126,2025-01-28,organic,mobile_app
9506,601,2025-01-01,social,mobile_app
9507,406,2025-01-10,direct,mobile_app
9508,1059,2025-04-09,direct,mobile_app
9509,992,2025-02-07,direct,mobile_app
9510,327,2025-01-14,social,mobile_app
9511,328,2025-05-15,paid_ads,desktop
9512,578,2025-06-12,email,mobile_app
9513,1144,2025-05-18,organic,mobile_web
9514,342,2025-04-10,paid_ads,mobile_app
9515,534,2025-05-06,organic,mobile_web
9516,1077,2025-04-03,paid_ads,mobile_app
9517,294,2025-05-07,direct,mobile_app
9518,832,2025-03-06,social,mobile_app
9519,366,2025-04-02,email,mobile_app
9520,62,2025-01-14,paid_ads,desktop
9521,855,2025-06-27,paid_ads,mobile_app
9522,137,2025-04-02,direct,desktop
9523,1148,2025-05-11,social,mobile_app
9524,1063,2025-03-17,organic,mobile_app
9525,1060,2025-03-07,paid_ads,mobile_app
9526,221,2025-03-20,social,mobile_web
9527,206,2025-05-12,organic,mobile_app
9528,1035,2025-06-15,paid_ads,mobile_app
9529,860,2025-05-12,paid_ads,mobile_app
9530,1102,2025-01-19,paid_ads,mobile_web
9531,1170,2025-06-10,paid_ads,desktop
9532,670,2025-05-25,organic,mobile_app
9533,614,2025-02-01,organic,mobile_app
9534,847,2025-06-13,email,mobile_app
9535,26,2025-05-20,direct,mobile_app
9536,692,2025-03-16,social,mobile_web
9537,455,2025-02-23,direct,mobile_web
9538,332,2025-04-22,social,mobile_web
9539,932,2025-02-20,organic,mobile_web
9540,1065,2025-01-02,social,mobile_app
9541,749,2025-03-23,direct,mobile_app
9542,141,2025-05-02,social,mobile_web
9543,906,2025-02-08,social,desktop
9544,107,2025-06-07,email,mobile_app
9545,1170,2025-06-17,email,desktop
9546,312,2025-02-20,social,mobile_app
9547,1189,2025-04-27,organic,mobile_web
9548,1157,2025-02-08,paid_ads,desktop
9549,759,2025-06-08,email,mobile_web
9550,503,2025-02-03,organic,desktop
9551,969,2025-01-01,paid_ads,mobile_app
9552,760,2025-03-16,organic,mobile_web
9553,1013,2025-02-26,email,desktop
9554,885,2025-06-03,organic,mobile_web
9555,47,2025-02-11,paid_ads,desktop
9556,118,2025-03-10,social,mobile_app
9557,637,2025-01-06,organic,desktop
9558,1104,2025-02-02,paid_ads,mobile_app
9559,852,2025-02-12,direct,mobile_app
9560,326,2025-03-14,direct,mobile_app
9561,832,2025-04-18,organic,desktop
9562,1081,2025-01-05,social,mobile_app
9563,621,2025-06-18,email,mobile_web
9564,1102,2025-04-08,social,mobile_web
9565,1004,2025-04-07,direct,mobile_web
9566,967,2025-06-11,direct,mobile_app
9567,381,2025-01-06,paid_ads,mobile_app
9568,703,2025-06-01,direct,mobile_web
9569,210,2025-01-01,paid_ads,mobile_app
9570,1134,2025-06-23,social,desktop
9571,504,2025-04-13,organic,mobile_app
9572,172,2025-03-13,social,mobile_app
9573,992,2025-04-12,email,mobile_web
9574,1193,2025-03-17,paid_ads,mobile_app
9575,526,2025-03-13,direct,mobile_app
9576,553,2025-04-10,paid_ads,mobile_web
9577,226,2025-03-21,email,desktop
9578,1008,2025-02-23,organic,mobile_app
9579,62,2025-02-08,organic,mobile_app
9580,373,2025-01-09,social,mobile_app
9581,666,2025-01-14,organic,desktop
9582,1097,2025-05-05,social,mobile_app
9583,352,2025-04-02,organic,mobile_app
9584,142,2025-06-03,email,mobile_app
9585,539,2025-06-01,organic,mobile_web
9586,529,2025-02-08,direct,mobile_web
9587,793,2025-06-26,direct,mobile_app
9588,1089,2025-01-15,paid_ads,mobile_app
9589,265,2025-06-26,email,mobile_web
9590,956,2025-01-06,organic,mobile_app
9591,338,2025-06-18,email,mobile_app
9592,391,2025-05-15,direct,mobile_app
9593,102,2025-02-07,social,desktop
9594,698,2025-06-05,organic,mobile_app
9595,1157,2025-05-20,social,mobile_app
9596,486,2025-02-28,organic,desktop
9597,129,2025-06-15,social,desktop
9598,541,2025-04-08,email,mobile_app
9599,1098,2025-04-23,organic,mobile_web
9600,51,2025-02-11,paid_ads,mobile_app
9601,1198,2025-03-25,social,mobile_web
9602,912,2025-04-13,organic,desktop
9603,672,2025-01-11,organic,desktop
9604,346,2025-05-10,organic,mobile_app
9605,113,2025-05-18,organic,mobile_web
9606,645,2025-03-20,direct,mobile_app
9607,875,2025-05-29,organic,mobile_web
9608,926,2025-04-03,paid_ads,mobile_app
9609,1042,2025-05-01,social,mobile_app
9610,84,2025-06-19,email,mobile_app
9611,277,2025-02-22,paid_ads,mobile_app
9612,81,2025-04-11,email,mobile_app
9613,790,2025-03-24,social,mobile_web
9614,718,2025-03-22,organic,mobile_app
9615,19,2025-03-10,paid_ads,mobile_app
9616,143,2025-05-23,organic,mobile_app
9617,74,2025-05-31,paid_ads,mobile_app
9618,155,2025-03-20,paid_ads,mobile_app
9619,823,2025-04-06,paid_ads,mobile_app
9620,1054,2025-05-05,organic,mobile_app
9621,397,2025-01-20,email,mobile_web
9622,593,2025-02-07,direct,mobile_app
9623,141,2025-04-30,social,mobile_app
9624,1147,2025-03-16,organic,mobile_app
9625,725,2025-06-05,paid_ads,mobile_app
9626,800,2025-05-09,social,mobile_web
9627,1084,2025-03-13,social,mobile_web
9628,843,2025-01-27,social,mobile_app
9629,1085,2025-01-11,organic,mobile_app
9630,863,2025-06-24,organic,mobile_app
9631,682,2025-05-13,email,mobile_app
9632,1112,2025-04-16,paid_ads,mobile_app
9633,1087,2025-05-02,organic,mobile_app
9634,669,2025-01-26,direct,mobile_app
9635,656,2025-04-02,direct,mobile_web
9636,543,2025-01-02,paid_ads,mobile_app
9637,710,2025-06-23,organic,mobile_web
9638,114,2025-05-06,paid_ads,mobile_app
9639,205,2025-02-11,paid_ads,mobile_app
9640,699,2025-01-28,paid_ads,mobile_app
9641,661,2025-05-27,email,mobile_web
9642,880,2025-01-09,organic,mobile_app
9643,924,2025-02-20,paid_ads,mobile_app
9644,680,2025-06-05,organic,mobile_app
9645,240,2025-04-14,paid_ads,mobile_app
9646,203,2025-01-16,direct,mobile_app
9647,1019,2025-03-10,social,mobile_app
9648,1188,2025-05-29,paid_ads,desktop
9649,678,2025-06-06,direct,mobile_app
9650,1024,2025-04-24,organic,mobile_app
9651,349,2025-06-12,social,mobile_web
9652,526,2025-01-19,paid_ads,mobile_app
9653,292,2025-04-06,paid_ads,mobile_app
9654,825,2025-04-26,organic,mobile_app
9655,730,2025-02-17,direct,mobile_app
9656,1187,2025-03-14,organic,desktop
9657,1174,2025-05-08,organic,desktop
9658,147,2025-05-01,paid_ads,mobile_web
9659,690,2025-02-16,organic,mobile_app
9660,631,2025-04-22,social,mobile_app
9661,640,2025-05-03,organic,desktop
9662,1086,2025-05-28,social,mobile_web
9663,733,2025-06-06,email,mobile_app
9664,465,2025-01-07,paid_ads,desktop
9665,796,2025-05-04,organic,mobile_app
9666,1154,2025-05-11,direct,mobile_app
9667,114,2025-05-28,direct,mobile_web
9668,72,2025-01-28,social,mobile_app
9669,197,2025-03-11,organic,mobile_app
9670,919,2025-05-23,paid_ads,mobile_app
9671,280,2025-06-15,direct,desktop
9672,441,2025-01-11,organic,desktop
9673,1016,2025-06-11,direct,mobile_web
9674,629,2025-01-17,paid_ads,mobile_web
9675,243,2025-02-28,social,mobile_app
9676,1167,2025-02-20,social,mobile_web
9677,921,2025-04-08,paid_ads,mobile_web
9678,905,2025-03-13,organic,mobile_web
9679,209,2025-01-13,email,mobile_web
9680,734,2025-06-21,social,mobile_web
9681,244,2025-02-21,paid_ads,mobile_web
9682,552,2025-05-31,direct,mobile_app
9683,503,2025-04-18,paid_ads,desktop
9684,977,2025-05-22,organic,mobile_app
9685,943,2025-03-16,social,mobile_web
9686,701,2025-06-12,paid_ads,mobile_web
9687,267,2025-01-06,organic,mobile_app
9688,1024,2025-03-31,organic,mobile_app
9689,781,2025-02-13,paid_ads,mobile_web
9690,62,2025-06-20,email,desktop
9691,257,2025-01-01,direct,desktop
9692,211,2025-03-25,organic,mobile_app
9693,522,2025-01-19,direct,desktop
9694,194,2025-06-10,paid_ads,desktop
9695,698,2025-03-15,direct,desktop
9696,989,2025-06-07,organic,desktop
9697,370,2025-06-22,paid_ads,mobile_app
9698,1134,2025-04-28,paid_ads,desktop
9699,141,2025-06-02,paid_ads,mobile_app
9700,1189,2025-06-15,paid_ads,mobile_app
9701,701,2025-01-20,paid_ads,mobile_app
9702,236,2025-02-17,direct,mobile_app
9703,774,2025-03-09,social,mobile_app
9704,10,2025-02-02,email,mobile_web
9705,851,2025-02-12,paid_ads,mobile_app
9706,53,2025-02-20,organic,desktop
9707,626,2025-06-28,direct,desktop
9708,720,2025-03-06,paid_ads,mobile_app
9709,276,2025-06-15,paid_ads,desktop
9710,1047,2025-01-29,direct,mobile_app
9711,635,2025-01-21,organic,mobile_web
9712,378,2025-04-14,email,desktop
9713,343,2025-02-22,social,mobile_web
9714,381,2025-06-11,email,mobile_app
9715,8,2025-06-08,paid_ads,mobile_web
9716,697,2025-04-23,social,mobile_web
9717,662,2025-02-03,social,mobile_web
9718,589,2025-02-24,email,mobile_app
9719,888,2025-01-11,direct,mobile_web
9720,1157,2025-02-08,paid_ads,mobile_web
9721,110,2025-06-02,social,mobile_app
9722,839,2025-03-10,organic,mobile_app
9723,667,2025-05-15,organic,mobile_web
9724,600,2025-05-18,social,mobile_app
9725,437,2025-06-14,organic,mobile_app
9726,640,2025-01-31,social,mobile_app
9727,290,2025-03-31,email,mobile_web
9728,327,2025-06-05,social,mobile_app
9729,211,2025-06-24,paid_ads,mobile_app
9730,255,2025-05-15,social,mobile_app
9731,964,2025-02-22,email,mobile_web
9732,482,2025-01-21,social,mobile_app
9733,375,2025-05-24,paid_ads,mobile_app
9734,816,2025-02-28,organic,mobile_app
9735,878,2025-01-17,organic,mobile_web
9736,151,2025-06-11,direct,mobile_web
9737,911,2025-04-08,organic,mobile_app
9738,492,2025-04-15,direct,desktop
9739,330,2025-01-09,organic,mobile_web
9740,1030,2025-04-27,social,mobile_web
9741,407,2025-01-21,direct,mobile_app
9742,217,2025-02-18,organic,mobile_web
9743,764,2025-03-14,direct,mobile_app
9744,452,2025-01-25,direct,mobile_web
9745,349,2025-06-27,organic,mobile_app
9746,532,2025-05-25,organic,desktop
9747,376,2025-06-18,paid_ads,mobile_app
9748,1064,2025-03-29,organic,mobile_app
9749,1025,2025-03-14,paid_ads,mobile_app
9750,913,2025-05-04,organic,mobile_app
9751,319,2025-04-21,organic,mobile_app
9752,446,2025-03-12,direct,mobile_app
9753,716,2025-04-16,social,mobile_web
9754,69,2025-03-11,social,mobile_app
9755,863,2025-06-11,organic,mobile_app
9756,801,2025-02-28,paid_ads,mobile_app
9757,734,2025-06-20,email,mobile_web
9758,1012,2025-04-27,email,mobile_app
9759,633,2025-04-27,organic,mobile_app
9760,17,2025-05-02,direct,mobile_web
9761,281,2025-04-09,organic,mobile_web
9762,437,2025-05-09,email,mobile_app
9763,690,2025-02-14,email,mobile_web
9764,710,2025-02-06,direct,mobile_web
9765,612,2025-03-27,social,mobile_app
9766,392,2025-01-13,paid_ads,mobile_app
9767,577,2025-04-17,organic,mobile_web
9768,653,2025-05-27,paid_ads,mobile_web
9769,35,2025-06-10,paid_ads,mobile_web
9770,578,2025-02-28,social,mobile_web
9771,408,2025-05-15,direct,mobile_app
9772,480,2025-03-20,email,desktop
9773,814,2025-03-30,social,mobile_app
9774,862,2025-05-01,email,mobile_web
9775,139,2025-05-04,paid_ads,desktop
9776,129,2025-04-28,paid_ads,mobile_web
9777,728,2025-06-02,organic,mobile_app
9778,1180,2025-02-09,paid_ads,desktop
9779,755,2025-02-08,organic,desktop
9780,981,2025-03-06,organic,mobile_web
9781,333,2025-06-07,organic,mobile_web
9782,344,2025-06-16,email,mobile_app
9783,64,2025-01-15,social,mobile_app
9784,944,2025-02-28,paid_ads,mobile_web
9785,150,2025-04-30,email,desktop
9786,1052,2025-02-12,direct,mobile_app
9787,1007,2025-03-22,email,mobile_app
9788,663,2025-01-07,organic,mobile_app
9789,310,2025-06-23,email,mobile_web
9790,740,2025-04-28,paid_ads,mobile_web
9791,859,2025-06-01,organic,mobile_app
9792,323,2025-05-08,paid_ads,mobile_app
9793,6,2025-01-29,organic,mobile_web
9794,412,2025-02-16,email,mobile_app
9795,797,2025-01-23,paid_ads,mobile_app
9796,1026,2025-04-08,paid_ads,desktop
9797,1152,2025-04-10,organic,mobile_app
9798,542,2025-05-07,direct,mobile_app
9799,422,2025-06-04,email,mobile_app
9800,1136,2025-01-12,direct,mobile_web
9801,89,2025-06-20,organic,mobile_web
9802,135,2025-05-05,social,mobile_app
9803,438,2025-01-28,direct,mobile_app
9804,650,2025-05-11,email,desktop
9805,3,2025-05-02,email,mobile_app
9806,1182,2025-04-10,social,mobile_app
9807,157,2025-03-25,direct,mobile_app
9808,764,2025-05-24,organic,desktop
9809,913,2025-06-03,direct,mobile_app
9810,509,2025-04-10,paid_ads,mobile_app
9811,957,2025-04-02,direct,desktop
9812,462,2025-06-11,paid_ads,mobile_app
9813,125,2025-03-22,direct,mobile_web
9814,1144,2025-03-09,direct,mobile_app
9815,1171,2025-06-27,paid_ads,mobile_web
9816,1066,2025-06-29,paid_ads,mobile_app
9817,409,2025-02-15,email,desktop
9818,615,2025-04-29,organic,mobile_app
9819,1131,2025-02-09,organic,mobile_web
9820,339,2025-03-22,email,desktop
9821,1169,2025-01-13,social,mobile_app
9822,685,2025-02-16,email,mobile_web
9823,356,2025-05-20,email,desktop
9824,550,2025-03-03,paid_ads,mobile_app
9825,710,2025-05-16,paid_ads,mobile_app
9826,268,2025-03-14,email,mobile_app
9827,255,2025-01-10,direct,mobile_app
9828,163,2025-03-06,direct,mobile_app
9829,581,2025-06-15,organic,desktop
9830,343,2025-05-07,social,mobile_web
9831,643,2025-04-08,email,desktop
9832,238,2025-06-17,social,desktop
9833,368,2025-05-14,direct,mobile_app
9834,866,2025-02-19,organic,mobile_app
9835,961,2025-02-14,social,mobile_web
9836,557,2025-06-24,organic,mobile_app
9837,1013,2025-01-15,paid_ads,mobile_app
9838,986,2025-01-02,organic,mobile_app
9839,682,2025-03-05,direct,mobile_app
9840,532,2025-05-03,paid_ads,mobile_app
9841,1137,2025-05-08,paid_ads,desktop
9842,502,2025-05-01,email,desktop
9843,344,2025-03-25,paid_ads,mobile_app
9844,337,2025-03-24,organic,mobile_app
9845,144,2025-04-26,direct,mobile_web
9846,945,2025-03-18,direct,mobile_app
9847,1194,2025-03-12,social,mobile_web
9848,145,2025-03-27,organic,mobile_web
9849,318,2025-05-04,paid_ads,mobile_app
9850,944,2025-04-11,paid_ads,mobile_app
9851,220,2025-02-21,paid_ads,desktop
9852,216,2025-05-11,paid_ads,mobile_app
9853,747,2025-05-31,email,mobile_app
9854,416,2025-01-24,direct,mobile_app
9855,136,2025-02-22,social,mobile_web
9856,488,2025-06-11,paid_ads,mobile_app
9857,144,2025-01-12,direct,mobile_web
9858,925,2025-01-26,social,desktop
9859,365,2025-05-30,direct,mobile_app
9860,156,2025-04-03,email,mobile_web
9861,183,2025-06-22,organic,mobile_web
9862,864,2025-06-27,email,desktop
9863,793,2025-01-02,organic,mobile_web
9864,217,2025-05-10,direct,mobile_app
9865,927,2025-05-02,social,desktop
9866,688,2025-01-04,paid_ads,mobile_web
9867,789,2025-05-09,organic,mobile_web
9868,1,2025-04-01,organic,mobile_web
9869,1142,2025-01-25,organic,mobile_app
9870,338,2025-05-27,social,mobile_web
9871,185,2025-01-09,paid_ads,desktop
9872,695,2025-04-24,organic,mobile_web
9873,1036,2025-03-25,paid_ads,desktop
9874,638,2025-04-06,social,mobile_app
9875,507,2025-02-04,paid_ads,desktop
9876,199,2025-02-28,paid_ads,mobile_app
9877,1193,2025-04-07,paid_ads,mobile_web
9878,1082,2025-01-05,organic,mobile_app
9879,113,2025-02-14,organic,mobile_app
9880,61,2025-05-25,email,mobile_app
9881,547,2025-06-03,organic,mobile_app
9882,1011,2025-05-22,direct,mobile_web
9883,538,2025-02-06,paid_ads,mobile_app
9884,299,2025-03-01,direct,mobile_app
9885,541,2025-01-24,paid_ads,mobile_app
9886,347,2025-01-12,organic,mobile_app
9887,159,2025-06-04,organic,mobile_app
9888,1007,2025-04-17,organic,mobile_app
9889,544,2025-05-15,paid_ads,mobile_app
9890,740,2025-04-13,paid_ads,mobile_web
9891,129,2025-06-23,organic,mobile_app
9892,719,2025-05-31,social,mobile_app
9893,880,2025-02-06,email,mobile_app
9894,126,2025-01-23,organic,mobile_web
9895,1157,2025-04-28,social,desktop
9896,217,2025-03-27,paid_ads,mobile_app
9897,970,2025-04-16,direct,mobile_app
9898,570,2025-03-30,direct,mobile_web
9899,1069,2025-06-19,email,mobile_web
9900,350,2025-03-28,direct,mobile_app
9901,239,2025-06-02,direct,mobile_web
9902,1052,2025-01-18,social,mobile_app
9903,745,2025-02-19,paid_ads,mobile_app
9904,624,2025-04-15,email,desktop
9905,1121,2025-03-15,organic,mobile_web
9906,524,2025-04-16,social,mobile_web
9907,681,2025-03-03,direct,mobile_app
9908,1015,2025-03-24,organic,mobile_app
9909,1118,2025-02-17,social,mobile_app
9910,357,2025-03-07,organic,mobile_app
9911,721,2025-04-21,organic,mobile_app
9912,83,2025-03-19,organic,desktop
9913,1083,2025-02-27,social,mobile_app
9914,82,2025-02-04,social,mobile_app
9915,466,2025-02-15,paid_ads,mobile_app
9916,173,2025-04-26,organic,mobile_web
9917,217,2025-01-24,paid_ads,mobile_app
9918,722,2025-01-27,paid_ads,desktop
9919,1078,2025-05-06,paid_ads,mobile_web
9920,168,2025-03-12,social,mobile_app
9921,343,2025-04-15,email,mobile_app
9922,419,2025-05-14,organic,mobile_web
9923,221,2025-05-27,email,mobile_app
9924,1137,2025-03-26,direct,desktop
9925,276,2025-05-11,direct,mobile_web
9926,445,2025-05-13,organic,desktop
9927,616,2025-03-07,email,mobile_app
9928,906,2025-02-22,email,mobile_web
9929,442,2025-05-19,organic,mobile_app
9930,417,2025-02-12,direct,mobile_app
9931,19,2025-04-09,paid_ads,mobile_app
9932,237,2025-03-31,email,mobile_web
9933,320,2025-01-27,social,mobile_web
9934,474,2025-04-30,organic,mobile_app
9935,545,2025-05-10,email,mobile_app
9936,947,2025-01-17,social,mobile_web
9937,731,2025-06-09,organic,mobile_web
9938,228,2025-03-20,organic,desktop
9939,259,2025-02-23,paid_ads,mobile_app
9940,188,2025-05-18,paid_ads,desktop
9941,462,2025-01-09,paid_ads,mobile_web
9942,889,2025-05-09,paid_ads,mobile_app
9943,28,2025-05-01,social,mobile_web
9944,1002,2025-02-20,direct,mobile_app
9945,172,2025-04-14,social,desktop
9946,286,2025-03-16,email,mobile_app
9947,142,2025-02-03,email,mobile_app
9948,573,2025-05-08,organic,mobile_app
9949,509,2025-03-08,direct,mobile_web
9950,871,2025-03-16,social,mobile_web
9951,1101,2025-04-14,paid_ads,mobile_app
9952,987,2025-02-16,paid_ads,desktop
9953,785,2025-03-26,organic,desktop
9954,343,2025-01-17,paid_ads,mobile_app
9955,472,2025-06-02,paid_ads,mobile_web
9956,321,2025-02-09,paid_ads,mobile_app
9957,214,2025-06-21,social,mobile_app
9958,884,2025-06-14,organic,mobile_app
9959,1007,2025-05-19,direct,mobile_app
9960,924,2025-03-20,paid_ads,mobile_app
9961,660,2025-06-15,organic,desktop
9962,285,2025-05-18,organic,desktop
9963,207,2025-02-19,organic,mobile_app
9964,1195,2025-05-07,direct,mobile_web
9965,755,2025-01-11,direct,mobile_app
9966,164,2025-05-29,organic,mobile_app
9967,494,2025-04-19,paid_ads,mobile_app
9968,839,2025-01-18,paid_ads,mobile_web
9969,54,2025-03-04,direct,mobile_web
9970,1113,2025-02-11,organic,mobile_app
9971,769,2025-03-06,paid_ads,mobile_web
9972,1024,2025-06-14,organic,mobile_web
9973,804,2025-04-22,paid_ads,desktop
9974,178,2025-05-09,email,mobile_web
9975,956,2025-02-05,direct,desktop
9976,1062,2025-06-28,social,mobile_app
9977,514,2025-01-02,paid_ads,desktop
9978,1000,2025-03-07,direct,mobile_web
9979,812,2025-06-13,direct,desktop
9980,538,2025-02-24,organic,mobile_app
9981,671,2025-02-09,email,mobile_app
9982,381,2025-04-26,paid_ads,mobile_web
9983,773,2025-05-26,direct,mobile_web
9984,124,2025-04-24,direct,mobile_web
9985,587,2025-02-12,paid_ads,mobile_web
9986,234,2025-05-14,paid_ads,desktop
9987,101,2025-03-13,email,mobile_app
9988,936,2025-03-05,organic,mobile_app
9989,132,2025-05-18,organic,desktop
9990,1101,2025-05-16,organic,mobile_app
9991,639,2025-03-14,organic,desktop
9992,397,2025-06-28,email,mobile_app
9993,1010,2025-05-08,email,mobile_app
9994,184,2025-05-23,social,desktop
9995,725,2025-01-22,email,mobile_web
9996,200,2025-04-19,social,mobile_app
9997,117,2025-05-06,organic,mobile_app
9998,983,2025-04-21,organic,mobile_web
9999,497,2025-05-22,organic,mobile_web
10000,165,2025-03-24,email,mobile_app
10001,767,2025-01-19,organic,mobile_app
10002,1044,2025-01-31,email,mobile_app
10003,701,2025-05-11,paid_ads,mobile_app
10004,360,2025-03-13,organic,desktop
10005,193,2025-01-29,direct,mobile_app
10006,620,2025-04-29,organic,mobile_app
10007,200,2025-04-01,social,mobile_app
10008,900,2025-03-07,direct,mobile_app
10009,644,2025-01-18,email,mobile_app
10010,622,2025-06-01,organic,mobile_web
10011,1182,2025-06-09,organic,mobile_web
10012,82,2025-03-11,paid_ads,mobile_app
10013,257,2025-01-02,email,mobile_app
10014,543,2025-05-29,email,mobile_app
10015,709,2025-05-27,email,mobile_web
10016,292,2025-04-18,organic,desktop
10017,215,2025-05-04,paid_ads,mobile_app
10018,429,2025-06-27,paid_ads,desktop
10019,250,2025-04-27,organic,mobile_app
10020,266,2025-03-04,email,mobile_app
10021,563,2025-01-24,paid_ads,mobile_app
10022,513,2025-05-29,paid_ads,mobile_app
10023,201,2025-06-17,social,desktop
10024,965,2025-01-30,organic,desktop
10025,64,2025-05-15,paid_ads,desktop
10026,158,2025-06-19,organic,mobile_app
10027,205,2025-05-13,organic,mobile_app
10028,419,2025-05-22,email,mobile_app
10029,542,2025-02-07,paid_ads,mobile_app
10030,700,2025-06-11,email,mobile_web
10031,671,2025-02-15,direct,mobile_app
10032,931,2025-02-22,paid_ads,desktop
10033,60,2025-03-03,paid_ads,mobile_app
10034,561,2025-02-14,direct,mobile_app
10035,27,2025-05-29,paid_ads,mobile_app
10036,902,2025-04-12,organic,mobile_app
10037,280,2025-06-02,direct,mobile_app
10038,1155,2025-01-30,organic,mobile_app
10039,780,2025-06-15,organic,desktop
10040,537,2025-02-16,social,mobile_app
10041,1173,2025-03-15,paid_ads,desktop
10042,523,2025-05-26,direct,mobile_app
10043,567,2025-03-18,social,mobile_web
10044,1109,2025-04-29,paid_ads,mobile_web
10045,225,2025-06-08,paid_ads,mobile_app
10046,113,2025-06-18,organic,desktop
10047,727,2025-04-12,email,mobile_app
10048,779,2025-06-17,social,mobile_app
10049,440,2025-02-23,direct,mobile_app
10050,885,2025-01-09,organic,mobile_app
10051,423,2025-01-19,organic,mobile_app
10052,908,2025-06-21,organic,mobile_app
10053,597,2025-05-30,organic,mobile_web
10054,349,2025-04-19,direct,mobile_web
10055,256,2025-03-25,organic,desktop
10056,499,2025-04-29,social,mobile_app
10057,22,2025-03-13,organic,mobile_app
10058,966,2025-01-15,social,mobile_app
10059,161,2025-04-25,organic,mobile_app
10060,52,2025-02-07,direct,mobile_app
10061,71,2025-01-31,social,mobile_web
10062,731,2025-05-25,social,desktop
10063,673,2025-04-18,email,mobile_app
10064,28,2025-05-19,email,mobile_web
10065,631,2025-03-12,paid_ads,mobile_app
10066,320,2025-05-04,email,desktop
10067,777,2025-05-31,social,mobile_web
10068,539,2025-02-01,organic,mobile_app
10069,765,2025-03-22,social,mobile_app
10070,1098,2025-04-10,organic,mobile_app
10071,935,2025-06-22,paid_ads,mobile_app
10072,338,2025-06-20,organic,mobile_app
10073,246,2025-05-17,paid_ads,desktop
10074,393,2025-06-29,social,desktop
10075,1156,2025-01-12,paid_ads,mobile_app
10076,191,2025-05-29,organic,mobile_web
10077,291,2025-03-25,paid_ads,mobile_app
10078,1196,2025-03-31,direct,mobile_app
10079,693,2025-03-07,email,mobile_web
10080,1194,2025-03-25,paid_ads,mobile_app
10081,783,2025-05-15,paid_ads,desktop
10082,158,2025-05-30,email,mobile_app
10083,366,2025-04-08,social,desktop
10084,969,2025-02-19,paid_ads,mobile_app
10085,991,2025-06-28,social,mobile_web
10086,464,2025-03-19,paid_ads,mobile_app
10087,1166,2025-04-24,direct,mobile_app
10088,100,2025-04-15,organic,mobile_web
10089,761,2025-05-26,paid_ads,mobile_app
10090,714,2025-05-14,direct,mobile_web
10091,660,2025-06-19,organic,mobile_app
10092,1003,2025-01-08,organic,mobile_app
10093,1047,2025-01-18,paid_ads,mobile_app
10094,127,2025-05-06,social,mobile_web
10095,355,2025-04-14,paid_ads,desktop
10096,309,2025-06-16,email,desktop
10097,365,2025-05-31,organic,mobile_app
10098,127,2025-02-27,direct,mobile_app
10099,7,2025-03-20,direct,mobile_web
10100,90,2025-04-30,email,mobile_app
10101,1100,2025-05-28,paid_ads,mobile_app
10102,818,2025-03-26,email,mobile_web
10103,739,2025-02-08,social,mobile_web
10104,970,2025-04-18,direct,desktop
10105,1012,2025-05-23,paid_ads,mobile_app
10106,1016,2025-03-07,social,desktop
10107,157,2025-05-14,direct,desktop
10108,249,2025-06-26,organic,mobile_app
10109,251,2025-05-02,organic,mobile_app
10110,161,2025-02-16,paid_ads,mobile_web
10111,791,2025-05-16,direct,mobile_web
10112,1177,2025-01-04,organic,mobile_app
10113,805,2025-06-04,social,mobile_app
10114,661,2025-01-07,paid_ads,mobile_app
10115,789,2025-03-12,organic,mobile_app
10116,1151,2025-05-14,organic,desktop
10117,455,2025-06-22,organic,desktop
10118,73,2025-06-07,organic,mobile_web
10119,730,2025-05-20,organic,mobile_app
10120,688,2025-04-04,social,mobile_app
10121,321,2025-05-14,organic,desktop
10122,723,2025-05-16,organic,mobile_web
10123,273,2025-05-24,paid_ads,mobile_app
10124,111,2025-06-07,direct,desktop
10125,42,2025-05-01,paid_ads,desktop
10126,101,2025-02-28,direct,desktop
10127,921,2025-01-02,email,mobile_app
10128,257,2025-01-12,email,mobile_app
10129,706,2025-01-01,email,mobile_app
10130,771,2025-04-20,email,desktop
10131,845,2025-02-27,email,desktop
10132,483,2025-05-28,social,mobile_app
10133,332,2025-06-11,organic,mobile_app
10134,91,2025-06-17,organic,mobile_web
10135,507,2025-05-23,social,mobile_web
10136,1086,2025-04-23,social,mobile_app
10137,145,2025-06-21,organic,mobile_web
10138,656,2025-05-10,social,mobile_app
10139,857,2025-06-21,direct,desktop
10140,576,2025-03-17,social,mobile_app
10141,260,2025-03-20,paid_ads,desktop
10142,395,2025-02-23,direct,mobile_app
10143,202,2025-03-04,email,mobile_app
10144,141,2025-03-05,paid_ads,desktop
10145,938,2025-05-15,paid_ads,mobile_app
10146,1012,2025-03-31,email,desktop
10147,543,2025-02-10,paid_ads,mobile_app
10148,191,2025-04-07,direct,mobile_app
10149,973,2025-01-23,organic,desktop
10150,255,2025-06-22,organic,mobile_web
10151,841,2025-04-29,paid_ads,mobile_web
10152,866,2025-05-09,paid_ads,mobile_app
10153,396,2025-01-27,direct,mobile_app
10154,813,2025-05-30,organic,mobile_app
10155,2,2025-01-07,organic,mobile_app
10156,583,2025-01-26,direct,mobile_web
10157,1037,2025-01-19,paid_ads,desktop
10158,769,2025-04-01,paid_ads,desktop
10159,1015,2025-03-02,organic,mobile_app
10160,690,2025-03-05,organic,mobile_app
10161,1100,2025-04-12,organic,mobile_app
10162,992,2025-03-03,organic,mobile_web
10163,901,2025-03-01,direct,mobile_web
10164,145,2025-02-13,organic,mobile_app
10165,54,2025-04-08,paid_ads,desktop
10166,1041,2025-02-11,paid_ads,mobile_app
10167,79,2025-02-22,social,mobile_app
10168,1106,2025-05-30,paid_ads,mobile_web
10169,1145,2025-02-12,social,mobile_web
10170,532,2025-03-10,organic,mobile_app
10171,421,2025-05-21,social,mobile_app
10172,857,2025-03-16,paid_ads,desktop
10173,15,2025-03-28,direct,mobile_app
10174,335,2025-06-19,social,mobile_app
10175,277,2025-05-18,organic,mobile_app
10176,828,2025-01-08,paid_ads,mobile_app
10177,948,2025-04-22,direct,mobile_app
10178,568,2025-04-12,organic,desktop
10179,78,2025-03-22,direct,mobile_app
10180,142,2025-05-12,paid_ads,mobile_app
10181,652,2025-04-02,direct,mobile_app
10182,1074,2025-06-25,social,mobile_web
10183,398,2025-06-14,organic,mobile_app
10184,945,2025-03-15,social,desktop
10185,389,2025-05-21,email,desktop
10186,241,2025-03-25,social,desktop
10187,651,2025-01-01,social,mobile_app
10188,792,2025-03-08,organic,mobile_app
10189,822,2025-05-04,social,mobile_app
10190,514,2025-03-25,email,mobile_app
10191,204,2025-04-22,paid_ads,mobile_app
10192,236,2025-03-09,paid_ads,mobile_web
10193,267,2025-01-02,social,mobile_web
10194,509,2025-04-29,paid_ads,mobile_app
10195,267,2025-02-26,organic,mobile_app
10196,846,2025-05-06,paid_ads,desktop
10197,126,2025-06-13,direct,mobile_app
10198,904,2025-01-01,paid_ads,mobile_app
10199,499,2025-04-09,email,desktop
10200,61,2025-05-25,direct,mobile_app
10201,444,2025-06-08,email,mobile_app
10202,798,2025-05-26,organic,mobile_app
10203,972,2025-05-16,direct,desktop
10204,908,2025-05-06,direct,mobile_web
10205,184,2025-02-01,paid_ads,mobile_app
10206,178,2025-01-07,direct,mobile_web
10207,358,2025-03-07,paid_ads,mobile_app
10208,575,2025-05-09,direct,mobile_app
10209,110,2025-04-16,social,mobile_app
10210,785,2025-01-01,paid_ads,mobile_web
10211,814,2025-04-21,social,mobile_app
10212,789,2025-02-18,paid_ads,desktop
10213,401,2025-04-27,email,mobile_app
10214,634,2025-03-03,organic,desktop
10215,1141,2025-04-09,email,mobile_web
10216,904,2025-02-27,direct,mobile_app
10217,87,2025-04-26,organic,mobile_web
10218,30,2025-06-09,organic,mobile_app
10219,433,2025-01-08,paid_ads,mobile_web
10220,397,2025-03-20,paid_ads,mobile_app
10221,1136,2025-01-20,organic,mobile_web
10222,685,2025-02-18,paid_ads,mobile_web
10223,1123,2025-04-01,organic,desktop
10224,623,2025-03-05,paid_ads,mobile_web
10225,1088,2025-03-01,social,mobile_app
10226,170,2025-05-23,direct,mobile_web
10227,1037,2025-06-20,paid_ads,desktop
10228,309,2025-01-14,paid_ads,mobile_web
10229,477,2025-01-26,email,mobile_app
10230,615,2025-01-25,social,mobile_app
10231,226,2025-01-17,paid_ads,mobile_app
10232,665,2025-01-12,social,mobile_app
10233,491,2025-06-26,organic,mobile_web
10234,426,2025-06-19,organic,mobile_app
10235,526,2025-04-12,social,mobile_app
10236,895,2025-05-09,organic,desktop
10237,660,2025-01-21,paid_ads,mobile_app
10238,340,2025-01-25,social,mobile_web
10239,645,2025-05-22,direct,mobile_app
10240,128,2025-05-14,paid_ads,mobile_app
10241,812,2025-04-15,direct,desktop
10242,461,2025-02-07,organic,desktop
10243,275,2025-01-14,paid_ads,mobile_web
10244,85,2025-04-23,direct,mobile_web
10245,368,2025-02-23,paid_ads,mobile_web
10246,182,2025-05-15,paid_ads,mobile_app
10247,27,2025-03-01,organic,mobile_web
10248,1046,2025-01-29,paid_ads,mobile_app
10249,739,2025-01-06,paid_ads,mobile_app
10250,302,2025-05-16,email,mobile_app
10251,1179,2025-06-18,social,mobile_web
10252,1170,2025-06-21,direct,desktop
10253,1127,2025-01-30,social,mobile_web
10254,466,2025-03-07,social,mobile_app
10255,745,2025-02-12,organic,mobile_app
10256,90,2025-06-15,paid_ads,mobile_app
10257,866,2025-01-23,paid_ads,mobile_app
10258,685,2025-06-26,paid_ads,mobile_web
10259,487,2025-06-18,paid_ads,mobile_app
10260,1018,2025-01-08,social,mobile_app
10261,982,2025-01-10,social,mobile_app
10262,887,2025-03-29,social,mobile_web
10263,985,2025-06-01,email,mobile_web
10264,810,2025-03-11,email,mobile_app
10265,44,2025-02-11,social,desktop
10266,716,2025-03-17,organic,mobile_app
10267,898,2025-01-27,organic,mobile_app
10268,619,2025-05-17,direct,mobile_app
10269,263,2025-02-21,paid_ads,mobile_app
10270,125,2025-04-23,direct,mobile_app
10271,981,2025-06-16,direct,mobile_app
10272,88,2025-05-13,organic,mobile_app
10273,606,2025-05-20,direct,mobile_app
10274,136,2025-03-09,organic,mobile_web
10275,236,2025-05-29,paid_ads,mobile_web
10276,411,2025-02-27,paid_ads,mobile_app
10277,1188,2025-05-10,direct,mobile_app
10278,893,2025-03-29,paid_ads,mobile_app
10279,871,2025-05-24,social,mobile_web
10280,1043,2025-05-17,social,mobile_app
10281,756,2025-03-10,organic,mobile_web
10282,408,2025-05-07,organic,mobile_app
10283,887,2025-01-15,paid_ads,mobile_app
10284,34,2025-02-03,organic,mobile_app
10285,57,2025-05-03,email,mobile_app
10286,8,2025-05-06,direct,mobile_app
10287,1145,2025-01-09,social,mobile_web
10288,333,2025-05-10,paid_ads,desktop
10289,684,2025-02-24,direct,desktop
10290,604,2025-03-13,organic,mobile_web
10291,560,2025-01-27,paid_ads,desktop
10292,894,2025-06-09,paid_ads,mobile_app
10293,666,2025-05-17,organic,mobile_web
10294,448,2025-06-20,organic,mobile_web
10295,1155,2025-03-11,direct,mobile_web
10296,684,2025-04-22,paid_ads,mobile_web
10297,590,2025-05-16,social,mobile_web
10298,1195,2025-01-18,social,desktop
10299,475,2025-02-12,direct,desktop
10300,548,2025-05-27,organic,mobile_app
10301,714,2025-06-29,direct,mobile_app
10302,822,2025-04-01,social,mobile_web
10303,474,2025-02-11,organic,mobile_web
10304,991,2025-03-22,social,mobile_app
10305,1183,2025-03-29,organic,mobile_app
10306,637,2025-04-04,paid_ads,mobile_web
10307,985,2025-06-01,organic,mobile_web
10308,682,2025-02-04,organic,mobile_web
10309,1083,2025-02-06,organic,mobile_app
10310,1088,2025-03-09,direct,mobile_app
10311,1107,2025-03-12,organic,mobile_app
10312,232,2025-01-27,social,mobile_app
10313,573,2025-04-21,organic,mobile_app
10314,1079,2025-03-16,social,mobile_web
10315,435,2025-02-26,organic,mobile_app
10316,74,2025-01-12,paid_ads,mobile_app
10317,38,2025-06-14,direct,mobile_app
10318,355,2025-04-25,paid_ads,mobile_app
10319,1138,2025-04-23,organic,mobile_web
10320,565,2025-03-02,email,mobile_web
10321,731,2025-05-01,organic,mobile_app
10322,14,2025-05-12,paid_ads,mobile_app
10323,528,2025-05-19,social,desktop
10324,378,2025-04-25,paid_ads,mobile_app
10325,489,2025-02-15,direct,mobile_web
10326,819,2025-05-02,paid_ads,desktop
10327,508,2025-03-01,organic,mobile_app
10328,403,2025-03-25,social,mobile_web
10329,175,2025-02-24,paid_ads,mobile_app
10330,646,2025-06-02,paid_ads,mobile_app
10331,671,2025-02-01,direct,mobile_app
10332,269,2025-04-28,organic,mobile_web
10333,1147,2025-02-14,social,mobile_app
10334,385,2025-02-13,organic,mobile_app
10335,66,2025-04-03,direct,desktop
10336,104,2025-01-19,email,desktop
10337,136,2025-03-31,email,mobile_app
10338,593,2025-05-27,social,mobile_web
10339,668,2025-03-17,organic,desktop
10340,903,2025-04-04,direct,mobile_app
10341,330,2025-05-04,email,mobile_web
10342,572,2025-06-15,paid_ads,mobile_app
10343,562,2025-02-12,email,mobile_app
10344,932,2025-05-22,email,desktop
10345,373,2025-02-14,paid_ads,mobile_app
10346,312,2025-02-28,paid_ads,mobile_app
10347,37,2025-01-28,direct,mobile_app
10348,420,2025-01-17,paid_ads,mobile_app
10349,378,2025-02-16,organic,desktop
10350,296,2025-05-18,organic,mobile_app
10351,886,2025-01-03,email,mobile_app
10352,611,2025-06-03,organic,mobile_app
10353,503,2025-04-15,direct,mobile_app
10354,907,2025-05-17,paid_ads,mobile_app
10355,635,2025-05-21,paid_ads,mobile_app
10356,919,2025-02-01,paid_ads,mobile_app
10357,35,2025-01-22,organic,desktop
10358,71,2025-03-24,paid_ads,desktop
10359,1107,2025-06-01,social,mobile_app
10360,685,2025-05-14,paid_ads,desktop
10361,133,2025-04-14,direct,mobile_app
10362,266,2025-02-17,organic,mobile_app
10363,571,2025-05-08,paid_ads,mobile_app
10364,518,2025-02-18,paid_ads,desktop
10365,274,2025-02-19,paid_ads,mobile_web
10366,536,2025-03-26,direct,desktop
10367,544,2025-02-18,organic,desktop
10368,637,2025-01-11,social,mobile_app
10369,172,2025-04-01,social,mobile_web
10370,1087,2025-05-08,paid_ads,mobile_app
10371,1078,2025-06-07,organic,mobile_app
10372,703,2025-06-03,email,mobile_app
10373,1036,2025-04-11,direct,mobile_app
10374,201,2025-01-14,organic,mobile_app
10375,403,2025-01-24,organic,mobile_app
10376,728,2025-02-03,paid_ads,mobile_app
10377,1183,2025-03-19,organic,mobile_app
10378,1038,2025-06-21,social,mobile_app
10379,762,2025-01-11,direct,desktop
10380,123,2025-03-15,paid_ads,mobile_app
10381,572,2025-03-18,paid_ads,desktop
10382,680,2025-03-25,email,mobile_web
10383,1119,2025-01-21,organic,mobile_app
10384,559,2025-03-17,direct,mobile_web
10385,194,2025-03-29,organic,mobile_app
10386,586,2025-04-16,paid_ads,mobile_web
10387,908,2025-01-17,paid_ads,mobile_app
10388,386,2025-02-16,social,mobile_app
10389,1095,2025-04-08,paid_ads,desktop
10390,586,2025-02-07,direct,desktop
10391,790,2025-04-08,organic,mobile_web
10392,268,2025-03-26,organic,mobile_web
10393,409,2025-02-12,direct,mobile_app
10394,1182,2025-01-06,direct,mobile_app
10395,242,2025-03-13,social,mobile_app
10396,651,2025-05-31,direct,mobile_app
10397,117,2025-03-23,direct,mobile_app
10398,594,2025-05-22,organic,desktop
10399,329,2025-02-18,social,mobile_web
10400,1182,2025-03-26,email,mobile_app
10401,569,2025-03-13,direct,mobile_app
10402,1140,2025-05-10,email,mobile_web
10403,107,2025-03-28,organic,mobile_app
10404,666,2025-02-17,direct,desktop
10405,77,2025-06-02,email,mobile_app
10406,545,2025-04-06,paid_ads,mobile_web
10407,400,2025-05-09,paid_ads,mobile_app
10408,251,2025-02-22,organic,mobile_app
10409,500,2025-04-26,social,mobile_app
10410,631,2025-04-04,organic,mobile_app
10411,361,2025-03-20,email,desktop
10412,305,2025-03-15,organic,mobile_app
10413,242,2025-02-23,organic,mobile_app
10414,200,2025-05-16,direct,mobile_web
10415,345,2025-03-02,email,mobile_web
10416,517,2025-04-04,organic,mobile_app
10417,1095,2025-02-04,paid_ads,mobile_web
10418,776,2025-01-31,social,mobile_app
10419,301,2025-04-17,paid_ads,desktop
10420,879,2025-01-30,paid_ads,mobile_app
10421,1190,2025-04-28,email,mobile_web
10422,135,2025-04-07,paid_ads,desktop
10423,839,2025-05-24,paid_ads,mobile_web
10424,300,2025-01-16,direct,mobile_web
10425,198,2025-02-06,direct,mobile_web
10426,34,2025-03-10,social,mobile_app
10427,359,2025-01-09,social,mobile_web
10428,841,2025-01-17,social,mobile_app
10429,1020,2025-03-16,direct,mobile_web
10430,966,2025-06-25,paid_ads,desktop
10431,742,2025-04-04,direct,mobile_web
10432,215,2025-01-22,direct,mobile_app
10433,248,2025-03-04,organic,mobile_web
10434,818,2025-04-22,organic,mobile_web
10435,271,2025-06-19,direct,mobile_app
10436,258,2025-02-19,paid_ads,mobile_web
10437,85,2025-03-28,direct,mobile_app
10438,880,2025-01-12,email,mobile_app
10439,41,2025-03-21,organic,mobile_app
10440,667,2025-01-31,organic,mobile_web
10441,775,2025-01-28,organic,mobile_web
10442,219,2025-06-28,paid_ads,mobile_app
10443,702,2025-02-17,direct,mobile_app
10444,736,2025-05-01,paid_ads,mobile_app
10445,212,2025-03-29,paid_ads,mobile_app
10446,1138,2025-04-26,paid_ads,mobile_app
10447,1184,2025-04-02,organic,desktop
10448,450,2025-04-18,paid_ads,desktop
10449,485,2025-06-26,organic,mobile_web
10450,116,2025-04-10,organic,mobile_app
10451,942,2025-02-22,paid_ads,mobile_web
10452,746,2025-03-31,organic,mobile_app
10453,1020,2025-03-13,organic,mobile_app
10454,817,2025-02-05,paid_ads,mobile_app
10455,10,2025-03-12,organic,desktop
10456,390,2025-03-16,direct,mobile_web
10457,876,2025-06-03,direct,mobile_app
10458,1097,2025-01-14,direct,desktop
10459,24,2025-03-15,organic,mobile_web
10460,312,2025-04-30,paid_ads,mobile_app
10461,1103,2025-02-24,paid_ads,mobile_app
10462,510,2025-02-10,paid_ads,desktop
10463,219,2025-03-26,email,mobile_app
10464,831,2025-02-25,paid_ads,desktop
10465,198,2025-06-02,paid_ads,mobile_app
10466,961,2025-01-30,social,mobile_web
10467,169,2025-03-26,social,desktop
10468,865,2025-02-28,social,mobile_app
10469,268,2025-04-21,paid_ads,mobile_web
10470,192,2025-01-29,organic,mobile_web
10471,411,2025-02-22,paid_ads,mobile_app
10472,1190,2025-01-07,social,mobile_web
10473,644,2025-01-02,direct,mobile_web
10474,995,2025-02-07,social,desktop
10475,238,2025-02-19,organic,mobile_app
10476,1056,2025-02-25,direct,mobile_app
10477,691,2025-04-06,email,desktop
10478,144,2025-03-02,paid_ads,mobile_app
10479,1001,2025-03-06,paid_ads,mobile_app
10480,498,2025-04-02,paid_ads,mobile_app
10481,639,2025-04-26,social,mobile_app
10482,1114,2025-05-17,email,mobile_app
10483,57,2025-05-08,direct,mobile_app
10484,622,2025-01-09,social,mobile_app
10485,40,2025-06-26,paid_ads,mobile_app
10486,586,2025-01-06,paid_ads,mobile_app
10487,416,2025-06-07,email,mobile_web
10488,932,2025-03-07,social,mobile_web
10489,1179,2025-02-21,organic,desktop
10490,393,2025-01-22,direct,mobile_app
10491,837,2025-02-25,social,mobile_app
10492,431,2025-06-04,direct,mobile_web
10493,874,2025-05-15,social,mobile_web
10494,33,2025-05-09,organic,mobile_app
10495,168,2025-03-17,paid_ads,mobile_app
10496,280,2025-06-25,direct,mobile_web
10497,46,2025-03-18,social,desktop
10498,61,2025-02-09,social,desktop
10499,140,2025-01-04,email,mobile_app
10500,751,2025-04-11,organic,mobile_app
10501,417,2025-05-22,paid_ads,mobile_app
10502,174,2025-06-23,email,mobile_app
10503,577,2025-02-18,organic,desktop
10504,513,2025-05-16,paid_ads,mobile_web
10505,358,2025-02-21,social,mobile_app
10506,1057,2025-02-09,organic,mobile_web
10507,882,2025-06-16,organic,mobile_app
10508,136,2025-02-05,paid_ads,mobile_app
10509,834,2025-05-28,organic,mobile_app
10510,397,2025-05-20,organic,mobile_web
10511,580,2025-01-29,email,mobile_web
10512,827,2025-06-26,organic,mobile_app
10513,67,2025-04-25,paid_ads,mobile_web
10514,601,2025-06-15,organic,mobile_app
10515,844,2025-05-08,social,mobile_web
10516,255,2025-01-31,paid_ads,mobile_web
10517,271,2025-05-08,direct,mobile_web
10518,481,2025-03-22,organic,mobile_app
10519,500,2025-06-25,organic,mobile_web
10520,510,2025-02-18,social,mobile_app
10521,743,2025-05-28,organic,mobile_app
10522,1039,2025-03-15,organic,desktop
10523,746,2025-06-24,direct,mobile_app
10524,713,2025-05-23,organic,mobile_web
10525,887,2025-05-12,email,mobile_web
10526,1087,2025-01-27,organic,mobile_app
10527,711,2025-03-12,paid_ads,mobile_app
10528,38,2025-02-28,organic,desktop
10529,785,2025-03-21,email,mobile_app
10530,1055,2025-06-14,organic,mobile_app
10531,450,2025-01-30,paid_ads,mobile_web
10532,1084,2025-05-30,direct,mobile_web
10533,444,2025-03-12,social,desktop
10534,809,2025-01-15,paid_ads,desktop
10535,410,2025-02-19,paid_ads,mobile_web
10536,1009,2025-05-20,direct,mobile_web
10537,936,2025-04-03,email,desktop
10538,391,2025-01-08,organic,mobile_app
10539,488,2025-03-28,paid_ads,mobile_web
10540,896,2025-05-26,organic,mobile_web
10541,600,2025-01-04,direct,mobile_app
10542,212,2025-01-30,paid_ads,desktop
10543,203,2025-02-08,social,mobile_app
10544,252,2025-06-14,organic,desktop
10545,977,2025-01-14,direct,desktop
10546,884,2025-02-27,paid_ads,mobile_web
10547,540,2025-02-02,direct,mobile_web
10548,828,2025-05-26,paid_ads,mobile_app
10549,401,2025-03-24,direct,mobile_app
10550,686,2025-06-16,social,mobile_app
10551,1069,2025-06-02,organic,mobile_app
10552,849,2025-03-07,paid_ads,mobile_app
10553,605,2025-04-25,organic,mobile_app
10554,104,2025-01-27,organic,mobile_app
10555,1181,2025-02-03,paid_ads,desktop
10556,634,2025-04-20,social,mobile_web
10557,1117,2025-02-12,social,desktop
10558,114,2025-03-29,paid_ads,mobile_app
10559,733,2025-02-01,organic,mobile_app
10560,585,2025-01-06,direct,mobile_app
10561,14,2025-02-12,paid_ads,mobile_web
10562,1147,2025-04-09,paid_ads,mobile_web
10563,776,2025-01-22,paid_ads,mobile_app
10564,383,2025-06-23,email,mobile_app
10565,1035,2025-02-06,paid_ads,desktop
10566,694,2025-05-16,paid_ads,mobile_web
10567,1175,2025-02-23,direct,mobile_web
10568,673,2025-04-26,direct,mobile_app
10569,497,2025-03-27,email,mobile_app
10570,6,2025-05-25,organic,mobile_web
10571,5,2025-03-03,paid_ads,mobile_app
10572,202,2025-01-26,social,mobile_web
10573,622,2025-04-19,paid_ads,desktop
10574,544,2025-01-03,paid_ads,mobile_app
10575,1089,2025-04-02,email,mobile_web
10576,1134,2025-01-19,social,mobile_web
10577,914,2025-04-02,direct,mobile_app
10578,103,2025-04-06,organic,mobile_web
10579,76,2025-02-18,email,mobile_app
10580,1016,2025-02-08,social,mobile_web
10581,1047,2025-01-09,social,mobile_web
10582,1159,2025-05-15,social,mobile_app
10583,548,2025-02-28,paid_ads,mobile_web
10584,575,2025-01-31,organic,mobile_web
10585,1031,2025-04-16,email,mobile_app
10586,1000,2025-04-07,social,mobile_web
10587,387,2025-05-10,social,mobile_app
10588,292,2025-04-10,social,desktop
10589,205,2025-04-28,direct,mobile_app
10590,1066,2025-02-05,email,mobile_app
10591,769,2025-04-11,email,mobile_app
10592,292,2025-01-23,paid_ads,mobile_web
10593,1162,2025-03-13,email,mobile_web
10594,333,2025-02-11,social,desktop
10595,253,2025-04-18,email,mobile_web
10596,437,2025-06-28,email,mobile_app
10597,8,2025-01-22,social,mobile_app
10598,134,2025-03-02,social,mobile_app
10599,393,2025-02-23,paid_ads,mobile_web
10600,962,2025-03-23,direct,mobile_app
10601,837,2025-01-01,direct,mobile_app
10602,669,2025-04-28,social,mobile_web
10603,450,2025-01-23,paid_ads,mobile_app
10604,82,2025-02-28,organic,mobile_app
10605,828,2025-04-09,organic,mobile_app
10606,407,2025-05-01,organic,desktop
10607,784,2025-05-28,social,mobile_web
10608,1097,2025-01-03,paid_ads,mobile_app
10609,524,2025-03-30,organic,desktop
10610,299,2025-06-17,paid_ads,mobile_app
10611,404,2025-06-08,organic,mobile_web
10612,635,2025-05-19,organic,mobile_web
10613,734,2025-02-13,paid_ads,desktop
10614,536,2025-06-13,email,desktop
10615,216,2025-01-12,paid_ads,mobile_web
10616,109,2025-03-09,organic,mobile_app
10617,368,2025-06-11,social,desktop
10618,684,2025-04-02,direct,desktop
10619,357,2025-03-22,social,mobile_app
10620,188,2025-06-26,direct,desktop
10621,935,2025-02-05,organic,mobile_app
10622,311,2025-02-10,organic,mobile_web
10623,785,2025-01-16,paid_ads,mobile_web
10624,370,2025-06-03,social,desktop
10625,185,2025-01-07,organic,mobile_app
10626,483,2025-04-11,organic,mobile_web
10627,756,2025-05-27,organic,mobile_app
10628,287,2025-01-29,social,desktop
10629,377,2025-06-15,social,mobile_app
10630,370,2025-03-03,paid_ads,mobile_app
10631,1146,2025-02-19,organic,mobile_app
10632,546,2025-02-08,email,mobile_web
10633,902,2025-01-08,social,mobile_app
10634,874,2025-01-22,organic,desktop
10635,668,2025-01-28,paid_ads,mobile_app
10636,257,2025-06-09,organic,mobile_web
10637,1116,2025-06-17,direct,desktop
10638,507,2025-06-02,organic,mobile_app
10639,850,2025-01-09,direct,desktop
10640,476,2025-01-25,paid_ads,mobile_app
10641,707,2025-06-10,organic,mobile_app
10642,775,2025-03-01,email,mobile_app
10643,312,2025-03-31,email,mobile_app
10644,422,2025-01-01,organic,mobile_app
10645,764,2025-06-24,organic,mobile_web
10646,330,2025-03-22,direct,mobile_app
10647,442,2025-02-17,social,mobile_web
10648,920,2025-05-02,email,mobile_app
10649,626,2025-01-24,direct,desktop
10650,585,2025-04-01,direct,mobile_app
10651,1171,2025-03-30,paid_ads,mobile_app
10652,268,2025-06-13,direct,mobile_app
10653,782,2025-03-09,paid_ads,desktop
10654,483,2025-06-04,organic,mobile_web
10655,864,2025-06-07,email,desktop
10656,675,2025-01-20,direct,desktop
10657,624,2025-06-29,email,mobile_app
10658,922,2025-01-01,social,mobile_app
10659,424,2025-05-20,email,mobile_web
10660,130,2025-06-07,organic,mobile_app
10661,307,2025-01-20,organic,mobile_app
10662,986,2025-02-17,paid_ads,mobile_app
10663,55,2025-06-20,paid_ads,mobile_web
10664,767,2025-03-18,organic,mobile_app
10665,1079,2025-05-09,paid_ads,mobile_app
10666,702,2025-05-31,organic,desktop
10667,718,2025-06-15,organic,desktop
10668,428,2025-01-20,direct,mobile_app
10669,758,2025-03-25,social,desktop
10670,919,2025-06-12,paid_ads,mobile_app
10671,643,2025-01-13,paid_ads,mobile_web
10672,877,2025-03-02,social,mobile_app
10673,835,2025-05-31,email,mobile_app
10674,796,2025-02-17,paid_ads,mobile_web
10675,490,2025-06-21,social,mobile_app
10676,499,2025-03-14,direct,mobile_app
10677,382,2025-06-03,organic,mobile_web
10678,969,2025-04-03,social,mobile_web
10679,1131,2025-03-04,social,mobile_web
10680,780,2025-05-06,organic,mobile_app
10681,614,2025-01-23,organic,mobile_app
10682,98,2025-02-19,email,mobile_app
10683,1012,2025-06-03,social,mobile_app
10684,488,2025-03-31,organic,mobile_web
10685,349,2025-04-07,social,mobile_app
10686,962,2025-02-16,social,mobile_web
10687,201,2025-04-22,organic,mobile_app
10688,981,2025-04-21,organic,mobile_web
10689,748,2025-05-07,social,mobile_app
10690,819,2025-03-25,organic,mobile_app
10691,1122,2025-03-01,paid_ads,mobile_app
10692,1149,2025-03-15,paid_ads,mobile_app
10693,435,2025-06-25,paid_ads,mobile_app
10694,974,2025-03-20,paid_ads,desktop
10695,1149,2025-04-27,direct,desktop
10696,359,2025-05-09,social,mobile_app
10697,254,2025-06-25,email,mobile_web
10698,194,2025-02-24,social,mobile_web
10699,866,2025-05-05,social,mobile_app
10700,274,2025-03-12,email,mobile_app
10701,1059,2025-03-09,paid_ads,desktop
10702,1063,2025-06-29,organic,mobile_app
10703,1105,2025-01-01,direct,mobile_web
10704,283,2025-06-21,organic,mobile_app
10705,312,2025-06-16,social,mobile_app
10706,68,2025-06-14,paid_ads,mobile_web
10707,429,2025-03-19,paid_ads,mobile_app
10708,653,2025-04-15,organic,mobile_web
10709,702,2025-02-01,organic,mobile_app
10710,774,2025-02-08,social,mobile_app
10711,709,2025-05-12,organic,mobile_app
10712,797,2025-01-15,organic,mobile_app
10713,201,2025-01-26,social,mobile_web
10714,1035,2025-04-29,email,mobile_web
10715,451,2025-05-28,email,mobile_app
10716,81,2025-04-30,social,desktop
10717,609,2025-04-14,social,mobile_app
10718,630,2025-05-28,organic,desktop
10719,886,2025-05-28,organic,mobile_app
10720,293,2025-04-04,direct,mobile_app
10721,367,2025-03-23,email,mobile_app
10722,99,2025-01-05,direct,mobile_app
10723,850,2025-03-14,social,desktop
10724,98,2025-01-13,organic,desktop
10725,800,2025-06-17,paid_ads,mobile_app
10726,1070,2025-02-04,paid_ads,mobile_web
10727,309,2025-04-12,direct,mobile_app
10728,886,2025-03-10,organic,desktop
10729,484,2025-02-23,organic,mobile_web
10730,531,2025-03-07,social,mobile_web
10731,551,2025-06-28,paid_ads,mobile_app
10732,466,2025-01-04,organic,desktop
10733,315,2025-02-19,direct,mobile_web
10734,979,2025-04-13,direct,mobile_app
10735,371,2025-02-08,email,desktop
10736,84,2025-04-24,paid_ads,mobile_app
10737,537,2025-01-26,direct,mobile_app
10738,1070,2025-05-18,paid_ads,mobile_web
10739,714,2025-03-24,social,mobile_app
10740,317,2025-05-25,organic,mobile_web
10741,809,2025-02-28,paid_ads,mobile_app
10742,1169,2025-03-22,social,mobile_web
10743,662,2025-01-20,social,mobile_app
10744,46,2025-02-14,direct,mobile_app
10745,202,2025-06-26,paid_ads,desktop
10746,568,2025-04-29,social,mobile_web
10747,437,2025-05-31,organic,mobile_app
10748,125,2025-04-16,social,desktop
10749,990,2025-02-16,organic,mobile_app
10750,431,2025-03-09,paid_ads,desktop
10751,970,2025-05-23,organic,mobile_app
10752,823,2025-06-26,direct,mobile_web
10753,373,2025-03-26,paid_ads,mobile_app
10754,237,2025-02-02,organic,mobile_web
10755,175,2025-06-04,direct,mobile_app
10756,260,2025-05-31,organic,desktop
10757,451,2025-06-11,direct,mobile_web
10758,381,2025-06-17,organic,mobile_app
10759,58,2025-03-13,social,mobile_web
10760,820,2025-03-18,email,mobile_app
10761,417,2025-04-16,paid_ads,mobile_app
10762,1175,2025-05-14,direct,mobile_app
10763,752,2025-05-03,paid_ads,mobile_app
10764,881,2025-04-04,organic,mobile_app
10765,1083,2025-04-08,paid_ads,mobile_app
10766,134,2025-02-28,organic,mobile_app
10767,122,2025-04-16,social,mobile_web
10768,1190,2025-04-11,direct,mobile_app
10769,449,2025-03-12,social,mobile_web
10770,1113,2025-04-21,direct,mobile_web
10771,207,2025-02-28,paid_ads,mobile_web
10772,840,2025-03-17,paid_ads,mobile_app
10773,821,2025-05-13,direct,mobile_web
10774,1120,2025-01-13,direct,mobile_app
10775,1146,2025-03-14,direct,mobile_app
10776,1168,2025-01-26,social,mobile_app
10777,82,2025-03-20,organic,mobile_app
10778,303,2025-02-19,organic,mobile_web
10779,955,2025-06-22,paid_ads,mobile_app
10780,822,2025-03-02,email,mobile_app
10781,968,2025-05-21,organic,mobile_app
10782,663,2025-05-23,organic,mobile_app
10783,88,2025-01-23,paid_ads,mobile_app
10784,873,2025-01-30,paid_ads,mobile_web
10785,1176,2025-04-24,paid_ads,mobile_app
10786,917,2025-05-20,organic,mobile_web
10787,198,2025-01-08,organic,mobile_web
10788,455,2025-03-29,direct,mobile_app
10789,731,2025-01-04,social,mobile_web
10790,1184,2025-03-22,paid_ads,mobile_app
10791,274,2025-03-17,organic,mobile_app
10792,906,2025-05-16,organic,mobile_app
10793,89,2025-06-10,email,desktop
10794,685,2025-06-18,email,desktop
10795,24,2025-01-12,social,desktop
10796,26,2025-05-17,organic,mobile_app
10797,505,2025-01-27,paid_ads,mobile_app
10798,612,2025-01-05,paid_ads,mobile_web
10799,374,2025-01-26,direct,mobile_app
10800,939,2025-05-01,direct,desktop
10801,316,2025-01-10,organic,mobile_web
10802,297,2025-04-30,paid_ads,mobile_web
10803,913,2025-06-20,paid_ads,desktop
10804,1107,2025-04-29,social,mobile_web
10805,802,2025-01-04,social,desktop
10806,1004,2025-03-28,social,mobile_app
10807,85,2025-03-15,paid_ads,mobile_app
10808,877,2025-01-27,organic,mobile_web
10809,964,2025-06-07,organic,mobile_app
10810,564,2025-05-31,paid_ads,desktop
10811,740,2025-02-24,organic,mobile_app
10812,432,2025-02-15,direct,desktop
10813,3,2025-06-12,paid_ads,mobile_web
10814,592,2025-05-09,organic,mobile_web
10815,653,2025-04-17,organic,mobile_app
10816,599,2025-04-18,direct,mobile_web
10817,64,2025-02-16,social,mobile_app
10818,15,2025-01-18,organic,mobile_web
10819,1183,2025-02-24,organic,mobile_web
10820,798,2025-02-20,organic,mobile_app
10821,380,2025-05-19,paid_ads,mobile_app
10822,13,2025-02-18,social,mobile_web
10823,304,2025-05-20,organic,mobile_web
10824,857,2025-05-31,direct,mobile_app
10825,1100,2025-06-16,social,mobile_web
10826,261,2025-04-06,organic,mobile_web
10827,235,2025-01-19,paid_ads,mobile_app
10828,215,2025-04-27,organic,mobile_app
10829,1053,2025-02-12,social,desktop
10830,441,2025-05-21,email,mobile_web
10831,619,2025-02-19,organic,mobile_app
10832,907,2025-02-04,paid_ads,mobile_web
10833,839,2025-01-04,direct,mobile_app
10834,964,2025-04-13,organic,mobile_app
10835,226,2025-01-04,social,desktop
10836,221,2025-05-13,direct,mobile_app
10837,177,2025-03-30,paid_ads,mobile_app
10838,297,2025-01-07,direct,desktop
10839,865,2025-05-01,direct,mobile_app
10840,87,2025-02-06,paid_ads,mobile_web
10841,730,2025-01-09,social,desktop
10842,529,2025-05-16,paid_ads,mobile_web
10843,933,2025-04-09,direct,mobile_app
10844,73,2025-02-23,organic,mobile_app
10845,852,2025-02-08,social,mobile_app
10846,430,2025-06-19,paid_ads,desktop
10847,261,2025-05-03,organic,mobile_app
10848,516,2025-04-05,organic,mobile_app
10849,820,2025-05-09,social,mobile_app
10850,143,2025-01-09,organic,desktop
10851,603,2025-06-05,email,mobile_app
10852,1009,2025-06-16,social,mobile_web
10853,908,2025-06-09,organic,mobile_app
10854,1016,2025-04-28,paid_ads,mobile_app
10855,810,2025-06-09,email,mobile_web
10856,843,2025-06-08,direct,mobile_app
10857,484,2025-03-03,email,mobile_app
10858,881,2025-02-04,paid_ads,desktop
10859,1034,2025-06-20,social,desktop
10860,927,2025-02-26,paid_ads,mobile_web
10861,208,2025-06-09,direct,mobile_web
10862,290,2025-03-28,social,mobile_app
10863,542,2025-02-15,organic,mobile_web
10864,561,2025-05-02,email,desktop
10865,1169,2025-02-26,organic,desktop
10866,393,2025-04-02,social,mobile_web
10867,371,2025-03-16,email,mobile_app
10868,843,2025-05-09,social,mobile_app
10869,963,2025-01-30,email,mobile_web
10870,1033,2025-04-01,organic,mobile_app
10871,237,2025-01-16,direct,desktop
10872,352,2025-06-21,email,mobile_app
10873,583,2025-05-01,direct,mobile_app
10874,897,2025-02-22,paid_ads,desktop
10875,539,2025-04-15,paid_ads,desktop
10876,349,2025-06-16,paid_ads,mobile_app
10877,1059,2025-02-09,organic,mobile_app
10878,644,2025-01-10,organic,mobile_app
10879,642,2025-01-22,paid_ads,desktop
10880,64,2025-03-25,organic,mobile_web
10881,608,2025-05-30,paid_ads,desktop
10882,282,2025-03-02,email,mobile_app
10883,817,2025-03-29,organic,mobile_web
10884,267,2025-02-01,organic,mobile_app
10885,782,2025-05-19,paid_ads,mobile_web
10886,925,2025-02-28,paid_ads,mobile_app
10887,304,2025-06-06,direct,desktop
10888,798,2025-02-26,organic,mobile_app
10889,1198,2025-04-03,direct,mobile_app
10890,824,2025-05-16,social,mobile_app
10891,544,2025-03-16,direct,mobile_app
10892,525,2025-05-11,paid_ads,mobile_app
10893,149,2025-06-24,email,desktop
10894,593,2025-06-01,social,desktop
10895,714,2025-02-18,email,mobile_web
10896,689,2025-01-09,direct,desktop
10897,1199,2025-02-18,paid_ads,desktop
10898,157,2025-05-09,social,mobile_app
10899,876,2025-04-21,organic,mobile_app
10900,670,2025-04-09,paid_ads,mobile_web
10901,180,2025-01-24,social,mobile_app
10902,80,2025-06-02,organic,mobile_web
10903,729,2025-03-09,paid_ads,mobile_app
10904,1190,2025-02-17,social,mobile_app
10905,16,2025-06-23,paid_ads,mobile_app
10906,108,2025-01-25,organic,mobile_app
10907,1089,2025-01-08,paid_ads,desktop
10908,62,2025-06-14,social,mobile_app
10909,319,2025-06-18,direct,mobile_app
10910,332,2025-04-07,email,mobile_app
10911,95,2025-05-15,email,mobile_app
10912,388,2025-06-20,email,mobile_app
10913,734,2025-06-20,email,mobile_web
10914,581,2025-05-16,paid_ads,mobile_app
10915,217,2025-02-15,paid_ads,desktop
10916,294,2025-05-03,organic,mobile_app
10917,1172,2025-04-08,email,mobile_app
10918,152,2025-04-05,organic,mobile_web
10919,177,2025-05-12,paid_ads,mobile_app
10920,830,2025-03-18,paid_ads,mobile_app
10921,996,2025-04-30,paid_ads,mobile_app
10922,1174,2025-02-21,direct,desktop
10923,435,2025-04-11,social,mobile_app
10924,1151,2025-02-22,organic,mobile_app
10925,1031,2025-02-28,organic,mobile_web
10926,128,2025-05-09,organic,mobile_web
10927,1018,2025-02-05,paid_ads,mobile_web
10928,307,2025-04-12,direct,mobile_web
10929,232,2025-03-21,paid_ads,mobile_app
10930,438,2025-06-24,organic,mobile_web
10931,877,2025-06-03,organic,mobile_app
10932,83,2025-04-22,email,mobile_app
10933,1129,2025-06-20,email,mobile_web
10934,569,2025-04-05,organic,mobile_web
10935,961,2025-06-15,organic,mobile_web
10936,612,2025-06-10,organic,mobile_app
10937,986,2025-01-11,paid_ads,mobile_web
10938,231,2025-05-26,organic,mobile_web
10939,489,2025-06-02,social,mobile_web
10940,539,2025-05-24,social,mobile_app
10941,65,2025-03-03,social,mobile_app
10942,1044,2025-06-11,organic,desktop
10943,556,2025-02-05,paid_ads,mobile_app
10944,743,2025-02-20,organic,mobile_app
10945,402,2025-06-24,email,mobile_app
10946,632,2025-02-12,organic,mobile_app
10947,799,2025-06-26,email,mobile_app
10948,373,2025-03-25,organic,mobile_app
10949,745,2025-01-25,direct,mobile_app
10950,85,2025-06-09,social,mobile_app
10951,828,2025-06-16,paid_ads,mobile_app
10952,955,2025-04-30,direct,mobile_web
10953,341,2025-03-16,direct,mobile_app
10954,646,2025-01-24,email,mobile_web
10955,531,2025-02-26,direct,mobile_app
10956,396,2025-01-23,organic,mobile_app
10957,1170,2025-06-15,paid_ads,mobile_app
10958,1074,2025-04-03,social,mobile_web
10959,1069,2025-06-21,paid_ads,mobile_app
10960,8,2025-02-11,direct,mobile_web
10961,763,2025-06-23,organic,mobile_app
10962,1157,2025-05-08,organic,mobile_app
10963,1163,2025-01-25,organic,desktop
10964,394,2025-06-19,paid_ads,mobile_app
10965,1084,2025-06-06,paid_ads,desktop
10966,946,2025-06-02,social,mobile_app
10967,883,2025-01-20,paid_ads,mobile_app
10968,670,2025-03-29,social,mobile_app
10969,1200,2025-04-27,social,desktop
10970,868,2025-01-20,direct,desktop
10971,674,2025-05-12,organic,mobile_app
10972,908,2025-03-05,social,mobile_app
10973,458,2025-03-27,paid_ads,mobile_app
10974,898,2025-04-15,paid_ads,mobile_app
10975,646,2025-02-18,social,mobile_web
10976,357,2025-01-05,organic,mobile_web
10977,683,2025-06-24,social,mobile_web
10978,986,2025-02-18,paid_ads,desktop
10979,1086,2025-05-06,organic,mobile_web
10980,707,2025-05-29,direct,mobile_app
10981,138,2025-04-07,direct,mobile_web
10982,274,2025-04-15,direct,mobile_web
10983,355,2025-04-02,social,mobile_app
10984,580,2025-05-20,organic,mobile_web
10985,131,2025-06-09,paid_ads,mobile_app
10986,1187,2025-01-05,paid_ads,mobile_web
10987,125,2025-01-22,paid_ads,mobile_web
10988,798,2025-03-03,email,mobile_web
10989,165,2025-06-01,email,mobile_app
10990,553,2025-01-18,email,mobile_web
10991,603,2025-03-02,paid_ads,desktop
10992,298,2025-04-08,email,mobile_app
10993,357,2025-05-15,email,mobile_web
10994,143,2025-06-26,paid_ads,mobile_app
10995,993,2025-04-05,social,mobile_app
10996,855,2025-03-29,social,desktop
10997,1085,2025-02-06,social,mobile_web
10998,797,2025-05-14,paid_ads,desktop
10999,518,2025-02-13,organic,mobile_web
11000,89,2025-04-14,paid_ads,mobile_web
11001,30,2025-01-12,email,mobile_web
11002,18,2025-03-23,social,desktop
11003,719,2025-06-19,organic,desktop
11004,561,2025-05-11,paid_ads,mobile_app
11005,38,2025-05-01,social,mobile_web
11006,1078,2025-05-01,social,desktop
11007,624,2025-06-26,paid_ads,mobile_app
11008,1159,2025-01-21,email,mobile_web
11009,940,2025-05-22,organic,mobile_app
11010,300,2025-05-19,social,mobile_app
11011,1072,2025-01-13,social,mobile_app
11012,437,2025-03-04,paid_ads,mobile_app
11013,704,2025-06-26,organic,mobile_app
11014,1,2025-05-02,social,mobile_app
11015,856,2025-02-18,organic,mobile_app
11016,536,2025-06-23,social,mobile_app
11017,1176,2025-03-23,direct,mobile_app
11018,166,2025-02-25,email,mobile_app
11019,840,2025-01-11,paid_ads,mobile_app
11020,289,2025-05-06,organic,desktop
11021,281,2025-04-18,organic,mobile_app
11022,564,2025-02-17,paid_ads,mobile_web
11023,95,2025-04-07,organic,mobile_web
11024,974,2025-05-09,organic,mobile_app
11025,866,2025-03-23,social,mobile_web
11026,246,2025-06-22,paid_ads,mobile_app
11027,1111,2025-06-25,social,mobile_app
11028,305,2025-03-18,paid_ads,mobile_app
11029,715,2025-03-20,paid_ads,desktop
11030,871,2025-04-05,paid_ads,mobile_web
11031,1096,2025-02-11,organic,mobile_app
11032,677,2025-05-18,organic,desktop
11033,928,2025-02-16,organic,mobile_app
11034,366,2025-06-12,paid_ads,mobile_web
11035,443,2025-03-18,paid_ads,desktop
11036,736,2025-03-21,direct,mobile_web
11037,925,2025-04-10,social,mobile_app
11038,849,2025-05-20,paid_ads,mobile_app
11039,804,2025-04-28,paid_ads,desktop
11040,215,2025-04-12,organic,mobile_app
11041,511,2025-03-07,email,mobile_web
11042,537,2025-05-31,organic,mobile_web
11043,1169,2025-02-01,social,desktop
11044,203,2025-02-17,organic,mobile_app
11045,1077,2025-03-06,direct,mobile_web
11046,358,2025-01-18,email,mobile_web
11047,962,2025-02-08,paid_ads,mobile_web
11048,601,2025-04-13,paid_ads,desktop
11049,524,2025-01-12,organic,desktop
11050,358,2025-05-01,email,mobile_app
11051,119,2025-06-18,paid_ads,desktop
11052,576,2025-02-25,organic,mobile_app
11053,712,2025-02-11,organic,mobile_app
11054,834,2025-06-22,direct,desktop
11055,113,2025-01-11,direct,mobile_web
11056,1076,2025-04-20,direct,mobile_app
11057,1047,2025-04-08,direct,mobile_web
11058,1198,2025-04-23,organic,mobile_app
11059,1149,2025-01-06,organic,mobile_web
11060,12,2025-03-20,email,mobile_app
11061,294,2025-03-14,social,mobile_web
11062,425,2025-05-02,social,mobile_app
11063,783,2025-04-21,organic,desktop
11064,126,2025-05-03,organic,mobile_web
11065,347,2025-01-16,social,mobile_app
11066,1100,2025-03-08,paid_ads,mobile_app
11067,227,2025-03-10,organic,desktop
11068,491,2025-06-26,direct,mobile_app
11069,1025,2025-03-31,paid_ads,mobile_app
11070,922,2025-05-17,paid_ads,mobile_app
11071,487,2025-03-06,social,mobile_app
11072,1146,2025-04-09,direct,desktop
11073,340,2025-04-19,organic,desktop
11074,342,2025-03-09,organic,mobile_app
11075,551,2025-05-03,paid_ads,mobile_web
11076,160,2025-02-04,paid_ads,mobile_app
11077,581,2025-01-27,organic,desktop
11078,109,2025-02-09,organic,mobile_app
11079,828,2025-02-27,paid_ads,mobile_app
11080,581,2025-05-13,organic,mobile_web
11081,1171,2025-05-17,paid_ads,desktop
11082,120,2025-01-19,social,mobile_web
11083,278,2025-04-28,organic,mobile_web
11084,672,2025-01-24,direct,desktop
11085,733,2025-03-06,organic,mobile_app
11086,1079,2025-03-05,email,mobile_app
11087,1086,2025-01-10,organic,mobile_app
11088,612,2025-06-23,social,desktop
11089,1078,2025-01-03,direct,mobile_app
11090,180,2025-03-27,organic,mobile_web
11091,331,2025-06-23,organic,mobile_web
11092,673,2025-01-25,organic,desktop
11093,503,2025-05-12,organic,desktop
11094,890,2025-03-04,organic,mobile_app
11095,714,2025-06-04,social,desktop
11096,1047,2025-01-26,email,mobile_app
11097,649,2025-03-15,direct,mobile_app
11098,934,2025-04-24,organic,mobile_app
11099,1091,2025-06-20,organic,mobile_app
11100,381,2025-04-25,direct,mobile_app
11101,716,2025-04-21,organic,mobile_web
11102,1128,2025-02-08,direct,mobile_app
11103,1167,2025-06-01,social,mobile_web
11104,608,2025-05-23,direct,mobile_app
11105,485,2025-05-22,organic,mobile_app
11106,259,2025-05-15,organic,mobile_web
11107,564,2025-06-07,email,desktop
11108,362,2025-05-30,direct,mobile_app
11109,857,2025-05-01,paid_ads,mobile_app
11110,748,2025-06-15,organic,desktop
11111,188,2025-01-04,direct,mobile_web
11112,1122,2025-01-05,organic,mobile_app
11113,850,2025-05-29,email,mobile_web
11114,208,2025-05-01,social,desktop
11115,1136,2025-04-04,organic,mobile_web
11116,144,2025-03-25,paid_ads,mobile_app
11117,612,2025-05-14,paid_ads,desktop
11118,1088,2025-01-27,organic,desktop
11119,184,2025-05-26,direct,desktop
11120,591,2025-01-11,direct,mobile_app
11121,1148,2025-01-07,organic,mobile_web
11122,22,2025-03-04,paid_ads,mobile_app
11123,1179,2025-02-17,social,mobile_app
11124,894,2025-06-04,direct,desktop
11125,1079,2025-05-02,paid_ads,mobile_app
11126,1070,2025-05-11,organic,mobile_app
11127,923,2025-04-19,paid_ads,mobile_web
11128,285,2025-02-06,email,mobile_web
11129,955,2025-03-28,social,mobile_app
11130,504,2025-05-12,email,mobile_web
11131,1199,2025-04-26,social,mobile_web
11132,427,2025-02-06,direct,mobile_app
11133,913,2025-02-06,organic,mobile_app
11134,779,2025-03-28,paid_ads,mobile_app
11135,179,2025-04-01,paid_ads,mobile_app
11136,868,2025-02-14,social,mobile_app
11137,474,2025-01-06,organic,desktop
11138,1139,2025-01-17,paid_ads,mobile_web
11139,501,2025-01-13,social,mobile_app
11140,1127,2025-06-10,direct,mobile_app
11141,1105,2025-04-19,direct,mobile_app
11142,1024,2025-01-26,direct,mobile_web
11143,920,2025-02-26,direct,mobile_web
11144,571,2025-04-07,direct,mobile_app
11145,518,2025-01-06,direct,desktop
11146,538,2025-03-12,paid_ads,mobile_app
11147,638,2025-04-30,social,mobile_app
11148,539,2025-04-09,organic,desktop
11149,1154,2025-01-18,social,mobile_app
11150,796,2025-06-13,organic,mobile_app
11151,311,2025-06-18,direct,desktop
11152,1136,2025-02-22,organic,desktop
11153,1083,2025-03-15,organic,mobile_app
11154,484,2025-03-06,paid_ads,mobile_web
11155,152,2025-03-23,direct,mobile_web
11156,546,2025-03-20,paid_ads,mobile_web
11157,977,2025-03-20,social,mobile_web
11158,128,2025-01-25,social,mobile_web
11159,449,2025-04-09,organic,mobile_app
11160,432,2025-02-22,email,desktop
11161,984,2025-01-13,paid_ads,mobile_web
11162,302,2025-06-23,direct,mobile_app
11163,717,2025-04-26,paid_ads,desktop
11164,961,2025-05-11,direct,mobile_app
11165,1071,2025-05-06,direct,mobile_app
11166,602,2025-05-05,direct,desktop
11167,1045,2025-03-31,social,mobile_app
11168,32,2025-06-11,direct,mobile_web
11169,886,2025-02-21,paid_ads,mobile_web
11170,864,2025-01-21,paid_ads,mobile_app
11171,1182,2025-01-06,social,desktop
11172,472,2025-04-24,email,desktop
11173,905,2025-03-08,direct,mobile_web
11174,340,2025-02-10,paid_ads,mobile_app
11175,624,2025-05-15,organic,desktop
11176,161,2025-05-29,paid_ads,mobile_app
11177,1029,2025-06-15,organic,mobile_app
11178,959,2025-03-31,social,mobile_app
11179,54,2025-03-06,paid_ads,mobile_web
11180,899,2025-01-07,social,mobile_app
11181,903,2025-05-18,email,mobile_app
11182,1190,2025-03-16,paid_ads,mobile_app
11183,1047,2025-02-15,organic,mobile_app
11184,142,2025-01-04,organic,mobile_app
11185,596,2025-05-28,organic,mobile_app
11186,512,2025-04-28,organic,mobile_web
11187,134,2025-05-28,paid_ads,mobile_web
11188,860,2025-01-17,organic,mobile_app
11189,1189,2025-06-01,organic,mobile_app
11190,464,2025-03-20,organic,mobile_app
11191,825,2025-04-01,paid_ads,mobile_app
11192,1025,2025-02-13,social,mobile_app
11193,727,2025-05-21,organic,mobile_app
11194,134,2025-03-24,paid_ads,desktop
11195,738,2025-04-13,paid_ads,desktop
11196,371,2025-01-11,paid_ads,mobile_app
11197,627,2025-03-08,direct,mobile_web
11198,168,2025-01-04,social,desktop
11199,592,2025-02-20,social,mobile_app
11200,1024,2025-06-03,paid_ads,mobile_app
11201,1083,2025-01-01,organic,mobile_app
11202,1023,2025-06-18,social,mobile_app
11203,19,2025-01-10,email,mobile_app
11204,716,2025-06-10,direct,mobile_app
11205,1078,2025-03-20,paid_ads,mobile_web
11206,651,2025-03-20,organic,mobile_web
11207,1050,2025-03-08,organic,mobile_web
11208,70,2025-02-10,social,desktop
11209,603,2025-05-09,organic,mobile_app
11210,415,2025-04-13,social,mobile_app
11211,170,2025-03-04,direct,mobile_app
11212,645,2025-03-01,email,mobile_app
11213,743,2025-05-14,organic,desktop
11214,515,2025-06-14,social,mobile_web
11215,145,2025-02-10,email,mobile_app
11216,792,2025-05-24,paid_ads,desktop
11217,359,2025-05-18,social,mobile_web
11218,386,2025-04-25,paid_ads,mobile_app
11219,69,2025-05-18,direct,mobile_app
11220,152,2025-02-17,direct,mobile_app
11221,1080,2025-03-13,organic,mobile_web
11222,896,2025-03-19,direct,mobile_web
11223,478,2025-03-03,social,mobile_app
11224,1030,2025-03-05,organic,mobile_app
11225,629,2025-06-03,email,mobile_app
11226,540,2025-01-11,organic,mobile_app
11227,838,2025-05-29,paid_ads,mobile_app
11228,753,2025-01-02,paid_ads,mobile_app
11229,133,2025-03-26,direct,mobile_app
11230,751,2025-01-28,organic,mobile_app
11231,70,2025-05-20,paid_ads,mobile_app
11232,1116,2025-05-16,paid_ads,mobile_web
11233,840,2025-06-10,paid_ads,mobile_web
11234,159,2025-06-24,organic,desktop
11235,514,2025-05-26,organic,mobile_app
11236,594,2025-05-16,organic,mobile_app
11237,1035,2025-02-16,paid_ads,mobile_app
11238,428,2025-04-09,organic,desktop
11239,64,2025-06-20,direct,mobile_app
11240,925,2025-03-21,organic,mobile_app
11241,667,2025-03-28,organic,mobile_app
11242,1127,2025-06-25,social,mobile_app
11243,1189,2025-01-31,organic,mobile_web
11244,293,2025-03-29,organic,mobile_app
11245,94,2025-03-03,organic,mobile_web
11246,639,2025-04-22,social,mobile_web
11247,267,2025-03-10,direct,mobile_app
11248,335,2025-02-01,organic,mobile_web
11249,281,2025-06-09,paid_ads,mobile_app
11250,844,2025-05-12,email,mobile_app
11251,613,2025-05-23,social,mobile_web
11252,617,2025-02-14,direct,mobile_app
11253,846,2025-06-07,organic,mobile_app
11254,718,2025-04-20,paid_ads,desktop
11255,539,2025-05-17,organic,mobile_app
11256,377,2025-01-21,organic,mobile_app
11257,466,2025-01-18,direct,mobile_web
11258,365,2025-01-16,email,mobile_app
11259,990,2025-05-07,organic,mobile_app
11260,1077,2025-06-11,paid_ads,desktop
11261,689,2025-05-23,paid_ads,mobile_web
11262,9,2025-03-18,email,desktop
11263,1146,2025-04-24,direct,desktop
11264,1171,2025-06-18,paid_ads,mobile_app
11265,1181,2025-02-15,paid_ads,mobile_app
11266,768,2025-05-23,social,mobile_web
11267,735,2025-06-24,email,mobile_app
11268,197,2025-02-14,direct,desktop
11269,216,2025-04-13,social,mobile_web
11270,1142,2025-02-20,organic,mobile_app
11271,286,2025-04-30,social,mobile_app
11272,1200,2025-02-12,direct,mobile_app
11273,207,2025-05-29,paid_ads,mobile_web
11274,1007,2025-04-13,direct,mobile_app
11275,1132,2025-01-13,paid_ads,mobile_web
11276,69,2025-03-13,paid_ads,mobile_app
11277,690,2025-01-16,paid_ads,mobile_app
11278,889,2025-03-19,direct,mobile_app
11279,868,2025-04-18,email,mobile_app
11280,529,2025-03-20,social,mobile_app
11281,656,2025-04-19,email,mobile_web
11282,383,2025-01-25,paid_ads,desktop
11283,37,2025-06-20,social,mobile_app
11284,761,2025-04-04,paid_ads,desktop
11285,470,2025-05-11,social,mobile_web
11286,954,2025-06-22,paid_ads,mobile_web
11287,364,2025-02-18,direct,mobile_app
11288,681,2025-05-08,social,mobile_web
11289,47,2025-04-30,direct,mobile_app
11290,61,2025-06-03,organic,desktop
11291,259,2025-05-04,paid_ads,mobile_app
11292,405,2025-06-15,social,mobile_web
11293,143,2025-04-18,organic,desktop
11294,436,2025-01-05,paid_ads,mobile_web
11295,536,2025-01-11,paid_ads,mobile_web
11296,574,2025-06-12,organic,mobile_app
11297,263,2025-06-10,organic,desktop
11298,1065,2025-02-10,email,desktop
11299,208,2025-06-07,email,mobile_web
11300,471,2025-02-15,paid_ads,mobile_app
11301,161,2025-01-23,direct,mobile_app
11302,281,2025-06-03,organic,mobile_app
11303,1024,2025-06-15,social,mobile_web
11304,298,2025-01-05,organic,mobile_app
11305,850,2025-05-03,organic,desktop
11306,593,2025-02-15,paid_ads,mobile_app
11307,428,2025-04-13,direct,desktop
11308,954,2025-01-23,social,mobile_app
11309,349,2025-06-13,paid_ads,mobile_web
11310,610,2025-01-21,paid_ads,mobile_web
11311,487,2025-06-16,paid_ads,mobile_web
11312,960,2025-01-26,social,mobile_web
11313,1128,2025-06-23,paid_ads,mobile_app
11314,763,2025-02-19,social,mobile_web
11315,661,2025-04-13,paid_ads,desktop
11316,1046,2025-01-14,organic,mobile_web
11317,488,2025-06-18,organic,mobile_web
11318,631,2025-02-02,paid_ads,mobile_web
11319,220,2025-02-21,direct,mobile_app
11320,1121,2025-02-08,paid_ads,mobile_app
11321,903,2025-02-24,direct,mobile_app
11322,859,2025-06-23,direct,desktop
11323,239,2025-04-15,paid_ads,mobile_web
11324,845,2025-03-15,organic,mobile_web
11325,1082,2025-05-11,social,mobile_app
11326,968,2025-04-23,direct,mobile_web
11327,154,2025-01-24,paid_ads,mobile_web
11328,509,2025-01-02,organic,mobile_app
11329,777,2025-04-03,social,mobile_web
11330,1158,2025-01-23,organic,desktop
11331,59,2025-02-21,email,desktop
11332,705,2025-05-08,paid_ads,mobile_app
11333,1149,2025-02-08,paid_ads,mobile_web
11334,580,2025-02-12,organic,mobile_app
11335,719,2025-02-05,organic,mobile_web
11336,352,2025-06-13,paid_ads,mobile_app
11337,135,2025-02-01,social,mobile_web
11338,350,2025-06-14,social,desktop
11339,66,2025-03-26,direct,desktop
11340,961,2025-06-10,email,desktop
11341,229,2025-01-28,direct,mobile_app
11342,370,2025-03-22,paid_ads,mobile_app
11343,1189,2025-06-17,organic,mobile_app
11344,1090,2025-02-17,social,mobile_app
11345,432,2025-05-11,social,mobile_web
11346,767,2025-06-07,paid_ads,mobile_app
11347,745,2025-01-11,social,mobile_app
11348,695,2025-06-06,organic,mobile_app
11349,267,2025-01-20,direct,mobile_app
11350,627,2025-01-23,organic,mobile_app
11351,967,2025-01-05,direct,mobile_app
11352,574,2025-05-14,direct,mobile_app
11353,812,2025-03-21,social,mobile_app
11354,714,2025-05-04,email,mobile_web
11355,484,2025-01-17,email,mobile_app
11356,141,2025-04-27,paid_ads,desktop
11357,60,2025-01-04,email,mobile_app
11358,574,2025-01-30,organic,mobile_web
11359,110,2025-03-29,organic,mobile_app
11360,73,2025-01-12,organic,mobile_web
11361,11,2025-01-05,social,mobile_app
11362,836,2025-04-07,direct,mobile_app
11363,858,2025-05-26,paid_ads,desktop
11364,593,2025-04-17,organic,desktop
11365,483,2025-04-25,organic,mobile_web
11366,94,2025-06-07,direct,desktop
11367,283,2025-04-26,organic,mobile_web
11368,1011,2025-06-16,direct,mobile_app
11369,27,2025-03-09,paid_ads,mobile_app
11370,723,2025-01-25,organic,desktop
11371,1001,2025-05-15,direct,mobile_web
11372,106,2025-04-01,social,mobile_web
11373,1134,2025-01-08,email,mobile_app
11374,1064,2025-05-17,social,mobile_app
11375,254,2025-06-01,social,mobile_app
11376,818,2025-06-28,direct,mobile_app
11377,83,2025-01-01,paid_ads,mobile_app
11378,171,2025-01-08,email,mobile_app
11379,588,2025-03-12,organic,mobile_app
11380,681,2025-05-09,paid_ads,mobile_app
11381,196,2025-03-20,paid_ads,mobile_web
11382,302,2025-06-27,social,mobile_web
11383,955,2025-04-30,social,mobile_app
11384,922,2025-03-02,paid_ads,desktop
11385,777,2025-06-16,direct,desktop
11386,201,2025-02-15,paid_ads,mobile_app
11387,937,2025-04-01,direct,mobile_app
11388,684,2025-02-10,paid_ads,mobile_app
11389,1185,2025-03-13,direct,mobile_app
11390,243,2025-02-26,social,desktop
11391,1187,2025-05-02,organic,mobile_web
11392,105,2025-02-19,email,mobile_web
11393,857,2025-04-16,direct,mobile_app
11394,1041,2025-01-15,direct,mobile_app
11395,1187,2025-06-08,direct,mobile_app
11396,1019,2025-06-16,direct,mobile_web
11397,218,2025-05-23,paid_ads,desktop
11398,969,2025-05-05,organic,mobile_app
11399,482,2025-06-27,direct,mobile_web
11400,703,2025-06-21,direct,mobile_app
11401,695,2025-05-15,paid_ads,mobile_app
11402,777,2025-03-17,email,desktop
11403,694,2025-06-01,paid_ads,mobile_app
11404,557,2025-06-18,email,mobile_web
11405,868,2025-03-14,social,mobile_app
11406,783,2025-04-09,organic,mobile_app
11407,846,2025-02-20,email,mobile_web
11408,1042,2025-02-17,paid_ads,desktop
11409,961,2025-02-06,paid_ads,mobile_web
11410,920,2025-05-23,organic,mobile_app
11411,290,2025-04-16,direct,mobile_app
11412,51,2025-03-10,social,mobile_app
11413,225,2025-01-20,direct,mobile_app
11414,1049,2025-02-07,direct,mobile_app
11415,612,2025-06-21,social,mobile_web
11416,346,2025-05-13,direct,desktop
11417,1086,2025-02-14,organic,mobile_web
11418,310,2025-04-21,organic,desktop
11419,923,2025-02-06,social,mobile_app
11420,81,2025-01-26,social,mobile_app
11421,403,2025-04-27,direct,mobile_web
11422,888,2025-03-11,paid_ads,mobile_web
11423,526,2025-06-09,social,mobile_app
11424,234,2025-06-10,social,mobile_web
11425,478,2025-04-24,direct,mobile_app
11426,418,2025-06-19,direct,desktop
11427,300,2025-04-27,email,desktop
11428,1071,2025-03-22,social,mobile_app
11429,185,2025-04-05,direct,mobile_app
11430,519,2025-06-24,direct,mobile_web
11431,665,2025-02-02,social,mobile_app
11432,577,2025-03-13,organic,desktop
11433,177,2025-04-08,paid_ads,mobile_web
11434,1122,2025-04-12,social,mobile_app
11435,490,2025-04-01,direct,mobile_web
11436,329,2025-03-31,direct,mobile_app
11437,179,2025-02-08,direct,mobile_web
11438,349,2025-05-19,paid_ads,mobile_web
11439,178,2025-06-01,organic,mobile_app
11440,383,2025-05-10,organic,mobile_web
11441,419,2025-02-28,email,mobile_app
11442,688,2025-02-04,email,desktop
11443,1197,2025-05-28,direct,mobile_app
11444,918,2025-02-25,paid_ads,mobile_app
11445,346,2025-02-27,email,mobile_app
11446,1001,2025-03-30,paid_ads,desktop
11447,812,2025-06-26,email,mobile_web
11448,835,2025-04-28,organic,mobile_app
11449,286,2025-02-27,organic,desktop
11450,440,2025-03-08,email,mobile_app
11451,110,2025-05-23,email,mobile_app
11452,1089,2025-05-10,direct,mobile_app
11453,22,2025-03-06,paid_ads,mobile_app
11454,493,2025-05-28,organic,mobile_web
11455,132,2025-02-20,organic,mobile_app
11456,818,2025-03-06,paid_ads,mobile_web
11457,278,2025-06-05,email,mobile_app
11458,133,2025-02-04,paid_ads,mobile_app
11459,1012,2025-05-29,organic,mobile_app
11460,7,2025-04-24,organic,mobile_app
11461,759,2025-03-29,social,mobile_app
11462,938,2025-06-19,email,mobile_app
11463,893,2025-01-03,direct,desktop
11464,1094,2025-03-15,direct,mobile_web
11465,1027,2025-02-19,direct,mobile_web
11466,720,2025-03-13,organic,mobile_web
11467,445,2025-05-01,social,mobile_web
11468,983,2025-05-29,paid_ads,desktop
11469,198,2025-05-25,organic,desktop
11470,1070,2025-06-13,paid_ads,mobile_app
11471,985,2025-05-01,paid_ads,mobile_app
11472,917,2025-01-18,paid_ads,mobile_app
11473,940,2025-05-25,direct,mobile_web
11474,751,2025-05-04,organic,mobile_app
11475,1167,2025-01-07,social,mobile_web
11476,1121,2025-01-14,paid_ads,desktop
11477,623,2025-06-29,organic,mobile_app
11478,648,2025-05-04,paid_ads,mobile_app
11479,974,2025-01-05,paid_ads,mobile_app
11480,334,2025-01-02,email,mobile_app
11481,1007,2025-06-27,direct,mobile_app
11482,378,2025-03-11,email,mobile_app
11483,1096,2025-05-02,direct,mobile_web
11484,85,2025-03-27,paid_ads,mobile_app
11485,640,2025-01-23,organic,mobile_app
11486,283,2025-03-26,social,desktop
11487,891,2025-01-20,paid_ads,mobile_web
11488,288,2025-04-03,paid_ads,mobile_app
11489,321,2025-01-11,organic,desktop
11490,689,2025-06-24,direct,desktop
11491,147,2025-04-03,email,mobile_app
11492,576,2025-03-13,direct,mobile_web
11493,917,2025-04-14,direct,desktop
11494,287,2025-02-16,organic,mobile_web
11495,745,2025-05-02,organic,mobile_app
11496,475,2025-03-29,organic,mobile_app
11497,691,2025-05-21,direct,mobile_app
11498,167,2025-06-05,paid_ads,mobile_web
11499,183,2025-04-28,organic,mobile_app
11500,714,2025-03-11,social,mobile_app
11501,761,2025-04-17,organic,mobile_app
11502,153,2025-04-23,social,mobile_app
11503,6,2025-02-10,direct,mobile_app
11504,1101,2025-06-02,paid_ads,mobile_app
11505,984,2025-02-26,direct,mobile_app
11506,125,2025-06-09,paid_ads,mobile_web
11507,714,2025-02-23,social,mobile_web
11508,572,2025-02-20,organic,mobile_app
11509,33,2025-04-20,social,mobile_app
11510,74,2025-03-30,social,mobile_app
11511,728,2025-02-15,organic,mobile_app
11512,1024,2025-05-14,social,mobile_app
11513,625,2025-01-13,social,mobile_app
11514,1097,2025-03-18,organic,mobile_app
11515,378,2025-03-04,paid_ads,mobile_web
11516,1044,2025-05-20,paid_ads,mobile_web
11517,377,2025-06-08,social,mobile_app
11518,784,2025-05-10,social,mobile_web
11519,532,2025-06-12,organic,mobile_web
11520,1146,2025-02-24,email,desktop
11521,514,2025-02-24,direct,mobile_app
11522,8,2025-04-20,organic,mobile_web
11523,510,2025-01-08,organic,mobile_app
11524,937,2025-03-22,paid_ads,desktop
11525,565,2025-06-12,organic,mobile_app
11526,1165,2025-02-07,social,mobile_app
11527,889,2025-02-07,paid_ads,desktop
11528,846,2025-01-14,paid_ads,mobile_app
11529,338,2025-06-10,paid_ads,mobile_app
11530,1023,2025-03-31,social,mobile_web
11531,390,2025-04-26,email,mobile_app
11532,1131,2025-06-10,direct,mobile_app
11533,304,2025-03-22,paid_ads,desktop
11534,969,2025-06-25,social,mobile_app
11535,138,2025-03-11,paid_ads,mobile_app
11536,1100,2025-04-15,organic,mobile_app
11537,444,2025-02-10,email,mobile_app
11538,588,2025-06-08,email,mobile_web
11539,1062,2025-06-14,social,mobile_app
11540,1070,2025-06-16,social,mobile_web
11541,1167,2025-01-28,direct,mobile_app
11542,629,2025-02-04,organic,mobile_app
11543,623,2025-04-29,social,mobile_app
11544,351,2025-02-17,email,desktop
11545,730,2025-03-26,organic,mobile_app
11546,805,2025-01-17,social,mobile_web
11547,491,2025-01-24,organic,mobile_web
11548,328,2025-01-31,email,desktop
11549,971,2025-01-19,paid_ads,mobile_web
11550,338,2025-04-09,email,desktop
11551,625,2025-04-27,direct,mobile_app
11552,29,2025-01-09,organic,mobile_app
11553,460,2025-01-07,organic,mobile_web
11554,1079,2025-06-15,organic,mobile_app
11555,677,2025-04-29,paid_ads,desktop
11556,859,2025-04-05,email,mobile_web
11557,977,2025-03-02,social,mobile_web
11558,244,2025-02-16,email,mobile_app
11559,396,2025-02-15,direct,mobile_app
11560,304,2025-05-02,organic,mobile_app
11561,120,2025-05-20,social,mobile_app
11562,595,2025-01-14,paid_ads,desktop
11563,343,2025-03-31,organic,mobile_web
11564,915,2025-01-31,paid_ads,mobile_web
11565,1134,2025-04-01,organic,mobile_app
11566,578,2025-03-17,email,desktop
11567,691,2025-04-30,email,mobile_app
11568,888,2025-01-11,organic,mobile_web
11569,946,2025-05-03,social,mobile_web
11570,368,2025-03-25,email,mobile_app
11571,40,2025-05-06,organic,mobile_app
11572,998,2025-06-04,paid_ads,desktop
11573,951,2025-04-16,social,mobile_app
11574,291,2025-03-16,email,mobile_app
11575,757,2025-04-23,paid_ads,mobile_web
11576,1094,2025-06-25,paid_ads,mobile_web
11577,710,2025-04-08,email,mobile_web
11578,828,2025-02-24,social,desktop
11579,936,2025-03-27,social,mobile_app
11580,198,2025-06-02,paid_ads,mobile_app
11581,908,2025-02-02,social,mobile_app
11582,56,2025-01-27,social,desktop
11583,903,2025-01-23,paid_ads,mobile_app
11584,1178,2025-02-08,social,mobile_app
11585,568,2025-03-10,direct,mobile_app
11586,463,2025-02-08,organic,mobile_app
11587,333,2025-06-10,social,mobile_web
11588,569,2025-04-08,organic,mobile_app
11589,519,2025-06-28,organic,mobile_app
11590,576,2025-01-12,paid_ads,mobile_app
11591,1198,2025-04-22,paid_ads,mobile_app
11592,895,2025-03-16,organic,mobile_app
11593,1099,2025-04-04,organic,mobile_web
11594,1162,2025-01-15,social,mobile_app
11595,968,2025-04-28,organic,mobile_web
11596,583,2025-05-27,organic,desktop
11597,47,2025-05-04,social,mobile_app
11598,248,2025-03-30,organic,mobile_app
11599,1017,2025-01-10,paid_ads,mobile_app
11600,324,2025-04-16,social,mobile_app
11601,294,2025-06-15,email,mobile_app
11602,815,2025-03-09,organic,mobile_app
11603,933,2025-01-08,email,desktop
11604,1018,2025-03-14,direct,mobile_app
11605,721,2025-04-08,social,mobile_app
11606,1143,2025-06-04,organic,mobile_web
11607,59,2025-03-14,paid_ads,mobile_app
11608,706,2025-05-02,organic,desktop
11609,376,2025-05-08,direct,mobile_app
11610,783,2025-04-14,paid_ads,mobile_web
11611,646,2025-01-04,organic,mobile_app
11612,703,2025-05-04,paid_ads,mobile_web
11613,810,2025-01-02,direct,mobile_web
11614,1106,2025-01-06,paid_ads,mobile_app
11615,616,2025-04-23,direct,mobile_app
11616,985,2025-02-09,organic,mobile_app
11617,800,2025-03-18,email,mobile_app
11618,343,2025-05-06,direct,desktop
11619,894,2025-05-03,social,mobile_app
11620,1122,2025-06-05,paid_ads,mobile_app
11621,242,2025-02-17,social,mobile_app
11622,619,2025-04-11,organic,mobile_app
11623,749,2025-02-16,organic,mobile_app
11624,285,2025-04-07,organic,mobile_app
11625,493,2025-01-28,email,mobile_app
11626,852,2025-06-23,paid_ads,mobile_app
11627,154,2025-02-12,social,mobile_app
11628,488,2025-05-20,paid_ads,mobile_app
11629,1164,2025-05-09,paid_ads,mobile_app
11630,760,2025-05-29,organic,desktop
11631,852,2025-04-18,direct,mobile_app
11632,363,2025-06-27,organic,mobile_app
11633,1070,2025-01-01,social,desktop
11634,651,2025-03-31,paid_ads,mobile_app
11635,757,2025-02-07,direct,mobile_app
11636,349,2025-04-26,social,desktop
11637,16,2025-02-07,paid_ads,mobile_web
11638,1000,2025-01-14,email,mobile_app
11639,950,2025-04-20,social,mobile_web
11640,816,2025-05-02,email,mobile_app
11641,294,2025-02-28,social,mobile_app
11642,134,2025-03-12,paid_ads,desktop
11643,849,2025-04-06,organic,desktop
11644,529,2025-04-04,email,desktop
11645,508,2025-01-28,paid_ads,desktop
11646,719,2025-05-21,email,desktop
11647,450,2025-02-23,email,mobile_web
11648,722,2025-04-17,organic,mobile_app
11649,431,2025-05-02,email,mobile_app
11650,1116,2025-03-29,social,mobile_web
11651,927,2025-01-31,paid_ads,mobile_app
11652,730,2025-05-09,organic,mobile_app
11653,435,2025-04-27,social,mobile_app
11654,892,2025-03-25,organic,mobile_app
11655,487,2025-03-15,paid_ads,mobile_app
11656,471,2025-03-26,social,mobile_app
11657,732,2025-01-06,direct,mobile_app
11658,36,2025-06-02,social,mobile_web
11659,1041,2025-01-13,direct,mobile_app
11660,1033,2025-06-09,paid_ads,mobile_app
11661,63,2025-02-08,paid_ads,mobile_app
11662,863,2025-03-27,organic,mobile_app
11663,970,2025-02-09,paid_ads,mobile_app
11664,318,2025-04-07,email,desktop
11665,467,2025-06-09,paid_ads,mobile_web
11666,668,2025-05-25,social,mobile_app
11667,815,2025-02-08,email,mobile_web
11668,824,2025-05-04,paid_ads,mobile_app
11669,423,2025-02-28,direct,mobile_app
11670,567,2025-02-07,email,mobile_app
11671,590,2025-02-26,paid_ads,desktop
11672,371,2025-06-18,organic,mobile_web
11673,229,2025-05-12,paid_ads,desktop
11674,715,2025-06-15,direct,mobile_web
11675,1141,2025-05-01,organic,mobile_web
11676,722,2025-02-15,paid_ads,mobile_web
11677,1032,2025-02-05,organic,mobile_app
11678,80,2025-05-04,organic,mobile_web
11679,518,2025-05-20,social,mobile_app
11680,845,2025-04-14,email,mobile_app
11681,812,2025-04-27,direct,desktop
11682,438,2025-06-15,direct,mobile_web
11683,861,2025-03-18,organic,mobile_app
11684,999,2025-01-05,organic,mobile_app
11685,698,2025-05-31,direct,mobile_web
11686,495,2025-01-12,paid_ads,mobile_app
11687,320,2025-06-16,social,mobile_web
11688,167,2025-01-04,paid_ads,mobile_app
11689,429,2025-01-10,organic,mobile_app
11690,534,2025-06-29,organic,mobile_app
11691,178,2025-02-10,organic,mobile_app
11692,903,2025-05-20,organic,mobile_app
11693,221,2025-06-18,paid_ads,mobile_web
11694,846,2025-05-19,direct,mobile_app
11695,492,2025-04-04,direct,mobile_app
11696,2,2025-06-08,paid_ads,mobile_web
11697,486,2025-01-21,paid_ads,mobile_app
11698,52,2025-02-11,paid_ads,desktop
11699,1012,2025-01-25,paid_ads,mobile_app
11700,870,2025-05-05,organic,mobile_app
11701,301,2025-03-04,organic,mobile_app
11702,217,2025-06-05,organic,mobile_app
11703,1154,2025-01-23,organic,mobile_app
11704,233,2025-04-11,social,mobile_app
11705,566,2025-01-09,email,mobile_web
11706,716,2025-02-15,social,mobile_app
11707,833,2025-05-25,organic,mobile_app
11708,468,2025-02-05,paid_ads,mobile_app
11709,548,2025-03-05,social,mobile_web
11710,22,2025-01-22,paid_ads,mobile_web
11711,424,2025-04-02,organic,desktop
11712,452,2025-06-01,paid_ads,mobile_app
11713,823,2025-05-05,direct,mobile_app
11714,777,2025-05-02,social,mobile_app
11715,107,2025-01-23,organic,desktop
11716,67,2025-04-30,paid_ads,desktop
11717,730,2025-06-17,email,desktop
11718,733,2025-04-16,direct,mobile_web
11719,737,2025-03-11,organic,mobile_web
11720,1187,2025-05-28,paid_ads,mobile_web
11721,793,2025-02-21,email,mobile_app
11722,398,2025-05-17,email,mobile_web
11723,356,2025-03-05,direct,mobile_app
11724,646,2025-03-01,social,mobile_app
11725,1170,2025-04-27,organic,mobile_web
11726,890,2025-01-01,social,mobile_app
11727,999,2025-04-18,organic,mobile_web
11728,917,2025-02-02,email,mobile_app
11729,124,2025-05-31,direct,mobile_app
11730,217,2025-05-31,organic,mobile_app
11731,697,2025-02-07,organic,mobile_app
11732,1055,2025-01-21,organic,mobile_web
11733,686,2025-03-05,paid_ads,mobile_app
11734,897,2025-05-11,organic,desktop
11735,211,2025-06-01,paid_ads,desktop
11736,367,2025-05-30,paid_ads,mobile_app
11737,581,2025-04-07,paid_ads,desktop
11738,593,2025-06-27,organic,mobile_app
11739,209,2025-04-13,paid_ads,mobile_app
11740,423,2025-01-02,direct,mobile_app
11741,518,2025-02-07,direct,mobile_web
11742,749,2025-04-13,paid_ads,mobile_app
11743,768,2025-04-15,social,mobile_app
11744,815,2025-04-02,social,mobile_app
11745,4,2025-01-11,organic,mobile_web
11746,248,2025-03-03,organic,mobile_app
11747,1078,2025-05-31,social,desktop
11748,518,2025-03-22,email,mobile_app
11749,538,2025-03-26,organic,mobile_app
11750,579,2025-05-24,organic,mobile_app
11751,304,2025-04-08,email,mobile_web
11752,229,2025-03-24,paid_ads,mobile_app
11753,705,2025-05-11,email,mobile_app
11754,814,2025-05-27,email,mobile_web
11755,1131,2025-03-31,organic,mobile_app
11756,1081,2025-03-28,direct,desktop
11757,1031,2025-01-24,social,desktop
11758,101,2025-05-29,social,desktop
11759,753,2025-01-14,organic,mobile_web
11760,323,2025-04-07,organic,mobile_app
11761,628,2025-01-05,organic,mobile_app
11762,216,2025-04-14,direct,mobile_app
11763,1011,2025-06-21,direct,mobile_web
11764,268,2025-03-17,organic,mobile_app
11765,141,2025-02-16,social,mobile_web
11766,617,2025-01-22,direct,mobile_app
11767,536,2025-03-29,organic,desktop
11768,505,2025-02-27,paid_ads,mobile_web
11769,1011,2025-06-21,organic,mobile_app
11770,496,2025-01-16,social,mobile_app
11771,620,2025-06-29,direct,mobile_app
11772,194,2025-02-11,email,desktop
11773,771,2025-04-14,paid_ads,mobile_app
11774,977,2025-04-17,social,mobile_app
11775,834,2025-05-19,organic,mobile_web
11776,109,2025-04-11,organic,mobile_app
11777,187,2025-06-02,organic,mobile_app
11778,1159,2025-06-23,paid_ads,mobile_web
11779,896,2025-03-10,organic,mobile_web
11780,403,2025-05-10,organic,desktop
11781,345,2025-06-12,organic,mobile_web
11782,571,2025-01-04,paid_ads,mobile_app
11783,618,2025-05-03,paid_ads,mobile_app
11784,537,2025-01-31,social,mobile_app
11785,524,2025-06-17,direct,mobile_app
11786,46,2025-03-03,paid_ads,mobile_app
11787,213,2025-03-26,organic,mobile_app
11788,879,2025-03-17,paid_ads,desktop
11789,15,2025-04-23,organic,mobile_app
11790,552,2025-02-11,direct,mobile_app
11791,1191,2025-05-17,paid_ads,mobile_web
11792,405,2025-02-16,organic,desktop
11793,1131,2025-01-08,organic,desktop
11794,219,2025-06-13,direct,mobile_web
11795,585,2025-03-25,social,mobile_web
11796,863,2025-03-14,organic,mobile_app
11797,163,2025-03-23,paid_ads,mobile_web
11798,933,2025-04-20,email,mobile_app
11799,1190,2025-03-05,social,mobile_web
11800,278,2025-01-02,email,mobile_app
11801,121,2025-02-25,social,mobile_app
11802,310,2025-01-12,organic,mobile_app
11803,892,2025-01-20,email,mobile_web
11804,849,2025-06-26,email,mobile_app
11805,245,2025-05-03,social,mobile_app
11806,272,2025-03-22,paid_ads,mobile_web
11807,641,2025-03-15,direct,mobile_web
11808,232,2025-06-18,email,mobile_app
11809,812,2025-05-19,paid_ads,desktop
11810,1147,2025-02-08,direct,mobile_web
11811,904,2025-02-24,direct,mobile_app
11812,1028,2025-05-25,email,desktop
11813,10,2025-04-19,organic,mobile_app
11814,345,2025-01-12,direct,mobile_app
11815,1157,2025-01-29,paid_ads,desktop
11816,1152,2025-05-14,organic,mobile_app
11817,235,2025-01-19,social,mobile_app
11818,535,2025-05-24,social,mobile_web
11819,422,2025-06-13,paid_ads,mobile_app
11820,483,2025-01-26,direct,mobile_app
11821,608,2025-03-25,paid_ads,desktop
11822,1103,2025-02-22,paid_ads,mobile_app
11823,581,2025-02-24,direct,mobile_web
11824,241,2025-01-06,direct,mobile_app
11825,266,2025-01-01,organic,mobile_app
11826,803,2025-03-20,organic,desktop
11827,417,2025-02-15,organic,desktop
11828,770,2025-01-26,email,mobile_app
11829,1119,2025-01-08,direct,mobile_app
11830,687,2025-02-13,paid_ads,mobile_web
11831,312,2025-05-13,social,mobile_app
11832,152,2025-03-02,email,mobile_web
11833,1170,2025-01-07,paid_ads,mobile_app
11834,503,2025-06-17,email,mobile_app
11835,203,2025-03-07,direct,mobile_app
11836,746,2025-02-14,paid_ads,mobile_app
11837,18,2025-06-09,paid_ads,desktop
11838,343,2025-02-08,direct,mobile_app
11839,617,2025-06-13,email,mobile_web
11840,425,2025-02-05,paid_ads,mobile_app
11841,137,2025-02-13,email,mobile_web
11842,9,2025-04-22,social,mobile_app
11843,994,2025-02-23,direct,desktop
11844,677,2025-01-26,email,mobile_web
11845,506,2025-02-21,email,mobile_app
11846,194,2025-04-18,organic,desktop
11847,35,2025-03-26,paid_ads,mobile_app
11848,77,2025-05-23,email,mobile_app
11849,1082,2025-06-24,organic,mobile_app
11850,926,2025-01-24,email,mobile_app
11851,563,2025-06-21,paid_ads,mobile_web
11852,782,2025-06-04,paid_ads,mobile_app
11853,571,2025-05-04,paid_ads,mobile_app
11854,873,2025-01-17,social,mobile_web
11855,25,2025-01-14,paid_ads,mobile_web
11856,233,2025-01-03,paid_ads,mobile_app
11857,751,2025-04-26,social,mobile_app
11858,343,2025-05-04,social,mobile_app
11859,283,2025-02-16,social,mobile_app
11860,22,2025-02-25,email,mobile_web
11861,73,2025-06-22,organic,mobile_app
11862,1073,2025-02-24,organic,mobile_app
11863,693,2025-01-29,direct,mobile_web
11864,370,2025-02-08,paid_ads,desktop
11865,790,2025-01-12,direct,desktop
11866,656,2025-04-10,email,mobile_app
11867,975,2025-05-17,organic,mobile_web
11868,277,2025-01-08,social,mobile_app
11869,836,2025-03-02,social,mobile_app
11870,357,2025-03-13,paid_ads,desktop
11871,1189,2025-03-11,paid_ads,mobile_app
11872,167,2025-03-17,paid_ads,mobile_app
11873,689,2025-01-25,email,mobile_app
11874,494,2025-04-29,email,mobile_app
11875,707,2025-01-31,direct,mobile_app
11876,469,2025-06-26,social,mobile_web
11877,326,2025-06-09,paid_ads,mobile_app
11878,437,2025-02-03,direct,mobile_web
11879,837,2025-02-15,paid_ads,mobile_app
11880,210,2025-03-10,paid_ads,desktop
11881,647,2025-03-18,organic,mobile_app
11882,1098,2025-01-28,email,mobile_web
11883,474,2025-06-12,organic,mobile_app
11884,140,2025-04-22,organic,mobile_app
11885,830,2025-05-01,email,mobile_app
11886,662,2025-03-11,paid_ads,desktop
11887,600,2025-01-22,email,mobile_app
11888,753,2025-02-02,organic,mobile_app
11889,129,2025-01-18,paid_ads,desktop
11890,422,2025-01-07,email,mobile_app
11891,579,2025-02-11,organic,mobile_app
11892,532,2025-06-11,organic,mobile_web
11893,700,2025-04-08,paid_ads,mobile_web
11894,4,2025-03-09,direct,mobile_web
11895,124,2025-01-08,social,mobile_app
11896,49,2025-05-31,social,mobile_app
11897,733,2025-06-04,organic,mobile_web
11898,684,2025-05-05,paid_ads,mobile_app
11899,706,2025-02-25,paid_ads,mobile_app
11900,581,2025-01-05,organic,desktop
11901,320,2025-05-19,organic,mobile_app
11902,728,2025-06-22,social,desktop
11903,15,2025-01-06,email,desktop
11904,1082,2025-05-05,paid_ads,mobile_web
11905,1014,2025-06-29,paid_ads,mobile_web
11906,184,2025-03-26,direct,desktop
11907,256,2025-03-13,email,mobile_app
11908,907,2025-04-05,email,mobile_web
11909,382,2025-01-30,direct,mobile_app
11910,52,2025-01-30,paid_ads,mobile_web
11911,58,2025-04-19,paid_ads,mobile_app
11912,524,2025-03-10,organic,desktop
11913,204,2025-03-14,paid_ads,mobile_app
11914,479,2025-04-10,organic,mobile_web
11915,593,2025-06-16,direct,mobile_app
11916,539,2025-06-20,email,desktop
11917,422,2025-05-07,direct,mobile_app
11918,702,2025-05-07,direct,mobile_web
11919,713,2025-01-06,email,mobile_web
11920,156,2025-03-16,social,mobile_app
11921,338,2025-05-18,direct,desktop
11922,285,2025-05-15,paid_ads,mobile_web
11923,771,2025-01-01,organic,desktop
11924,40,2025-05-29,organic,desktop
11925,758,2025-02-01,social,mobile_app
11926,537,2025-04-16,email,mobile_app
11927,779,2025-04-02,social,mobile_app
11928,951,2025-06-18,email,mobile_app
11929,606,2025-06-11,direct,mobile_app
11930,618,2025-03-11,social,mobile_app
11931,271,2025-03-04,organic,mobile_app
11932,967,2025-01-02,organic,mobile_app
11933,850,2025-01-10,email,desktop
11934,1174,2025-04-30,email,mobile_web
11935,967,2025-04-09,social,mobile_app
11936,897,2025-06-14,paid_ads,mobile_web
11937,1049,2025-01-08,direct,mobile_app
11938,1136,2025-02-07,direct,mobile_web
11939,718,2025-02-07,social,mobile_app
11940,120,2025-06-22,paid_ads,mobile_app
11941,536,2025-05-21,direct,mobile_web
11942,521,2025-03-23,paid_ads,desktop
11943,551,2025-04-27,organic,mobile_web
11944,559,2025-06-22,direct,desktop
11945,800,2025-06-29,organic,mobile_app
11946,877,2025-04-08,social,mobile_web
11947,1042,2025-01-01,social,mobile_app
11948,868,2025-02-16,social,mobile_app
11949,455,2025-05-21,direct,mobile_app
11950,1002,2025-01-14,paid_ads,mobile_app
11951,27,2025-03-10,organic,mobile_app
11952,516,2025-04-08,email,mobile_app
11953,1099,2025-05-13,social,mobile_app
11954,731,2025-02-16,organic,mobile_web
11955,679,2025-04-06,paid_ads,mobile_app
11956,1077,2025-06-06,organic,mobile_app
11957,30,2025-06-23,social,mobile_app
11958,469,2025-01-16,paid_ads,mobile_app
11959,1123,2025-01-08,organic,mobile_app
11960,44,2025-04-09,paid_ads,mobile_app
11961,1018,2025-06-02,email,mobile_app
11962,950,2025-02-13,paid_ads,mobile_web
11963,440,2025-04-24,email,mobile_web
11964,192,2025-06-10,paid_ads,mobile_app
11965,1055,2025-03-16,social,desktop
11966,171,2025-03-27,organic,mobile_app
11967,869,2025-06-27,email,mobile_app
11968,286,2025-04-28,social,mobile_web
11969,477,2025-06-02,organic,desktop
11970,4,2025-03-21,paid_ads,mobile_web
11971,694,2025-05-01,social,mobile_web
11972,798,2025-02-25,paid_ads,mobile_app
11973,469,2025-04-30,direct,mobile_app
11974,911,2025-06-21,social,mobile_web
11975,62,2025-05-10,paid_ads,mobile_web
11976,1091,2025-03-22,social,mobile_web
11977,312,2025-01-30,social,mobile_app
11978,1059,2025-05-30,direct,mobile_app
11979,226,2025-03-08,email,desktop
11980,474,2025-02-25,email,mobile_web
11981,792,2025-02-09,paid_ads,mobile_app
11982,379,2025-04-14,organic,mobile_app
11983,456,2025-05-09,organic,mobile_web
11984,1118,2025-05-20,social,mobile_web
11985,484,2025-04-08,organic,mobile_app
11986,552,2025-02-07,direct,mobile_app
11987,597,2025-03-18,organic,mobile_app
11988,37,2025-01-13,paid_ads,mobile_app
11989,399,2025-03-20,social,mobile_app
11990,632,2025-03-12,email,mobile_web
11991,574,2025-02-13,email,mobile_app
11992,788,2025-03-01,direct,desktop
11993,539,2025-02-20,social,mobile_web
11994,1151,2025-01-17,email,mobile_web
11995,398,2025-01-03,organic,mobile_app
11996,581,2025-03-15,organic,mobile_web
11997,1194,2025-06-03,organic,mobile_app
11998,1067,2025-03-02,paid_ads,mobile_web
11999,826,2025-02-12,direct,mobile_web
12000,24,2025-02-09,organic,desktop
12001,333,2025-04-18,direct,mobile_app
12002,1186,2025-02-02,direct,mobile_app
12003,790,2025-06-13,paid_ads,desktop
12004,795,2025-05-14,organic,mobile_app
12005,804,2025-04-22,paid_ads,mobile_app
12006,747,2025-01-20,paid_ads,desktop
12007,571,2025-02-14,social,mobile_app
12008,221,2025-02-23,paid_ads,mobile_app
12009,688,2025-04-03,email,mobile_app
12010,38,2025-02-01,paid_ads,mobile_app
12011,421,2025-04-24,email,mobile_web
12012,1196,2025-06-14,paid_ads,mobile_app
12013,898,2025-05-02,paid_ads,mobile_web
12014,706,2025-05-13,social,mobile_app
12015,442,2025-01-27,organic,mobile_web
12016,947,2025-01-25,paid_ads,desktop
12017,909,2025-02-24,direct,desktop
12018,58,2025-05-07,social,desktop
12019,777,2025-05-21,social,mobile_app
12020,184,2025-03-08,social,desktop
12021,623,2025-01-26,direct,desktop
12022,125,2025-03-10,organic,mobile_app
12023,123,2025-06-29,email,mobile_web
12024,730,2025-03-09,direct,mobile_web
12025,843,2025-04-26,paid_ads,mobile_app
12026,551,2025-03-29,social,mobile_web
12027,1047,2025-03-02,organic,mobile_app
12028,477,2025-06-25,organic,mobile_app
12029,1053,2025-03-21,direct,mobile_app
12030,316,2025-03-23,paid_ads,mobile_web
12031,883,2025-01-31,organic,mobile_app
12032,1020,2025-01-09,paid_ads,mobile_web
12033,683,2025-01-21,direct,mobile_app
12034,824,2025-06-29,paid_ads,mobile_app
12035,1040,2025-01-28,organic,desktop
12036,297,2025-05-21,social,mobile_app
12037,898,2025-02-08,email,desktop
12038,1037,2025-03-05,social,mobile_app
12039,36,2025-06-17,email,mobile_web
12040,790,2025-03-26,organic,mobile_app
12041,97,2025-02-05,paid_ads,mobile_web
12042,410,2025-04-24,organic,mobile_app
12043,668,2025-04-18,email,mobile_app
12044,1175,2025-03-06,organic,desktop
12045,299,2025-02-16,social,mobile_web
12046,240,2025-05-02,organic,desktop
12047,914,2025-01-26,direct,mobile_app
12048,463,2025-03-19,paid_ads,mobile_web
12049,193,2025-06-14,paid_ads,desktop
12050,303,2025-04-16,paid_ads,mobile_app
12051,942,2025-05-15,paid_ads,mobile_app
12052,363,2025-04-21,direct,mobile_app
12053,1086,2025-03-10,organic,mobile_app
12054,1105,2025-05-15,paid_ads,desktop
12055,535,2025-04-03,direct,mobile_web
12056,485,2025-03-27,paid_ads,mobile_web
12057,911,2025-03-19,direct,desktop
12058,867,2025-03-04,organic,mobile_app
12059,93,2025-03-12,organic,mobile_app
12060,597,2025-06-08,paid_ads,mobile_app
12061,318,2025-04-17,social,mobile_app
12062,1038,2025-02-01,social,mobile_app
12063,632,2025-02-14,organic,mobile_app
12064,553,2025-06-09,direct,mobile_web
12065,65,2025-03-23,email,desktop
12066,1110,2025-04-09,paid_ads,mobile_app
12067,1192,2025-04-21,social,mobile_app
12068,1101,2025-02-03,organic,mobile_app
12069,848,2025-06-20,paid_ads,mobile_app
12070,907,2025-06-07,organic,mobile_web
12071,957,2025-03-23,direct,mobile_web
12072,405,2025-05-03,organic,desktop
12073,796,2025-02-11,organic,mobile_app
12074,276,2025-01-23,paid_ads,desktop
12075,703,2025-01-26,paid_ads,mobile_web
12076,439,2025-04-11,social,mobile_web
12077,430,2025-04-05,paid_ads,mobile_app
12078,720,2025-01-28,direct,mobile_app
12079,448,2025-04-12,organic,desktop
12080,887,2025-03-01,organic,mobile_app
12081,638,2025-01-10,direct,mobile_app
12082,1144,2025-05-12,social,mobile_app
12083,852,2025-03-18,organic,mobile_web
12084,74,2025-03-22,direct,mobile_web
12085,314,2025-03-06,organic,mobile_app
12086,601,2025-05-03,organic,desktop
12087,166,2025-06-08,direct,mobile_app
12088,170,2025-04-06,email,mobile_app
12089,732,2025-02-20,paid_ads,mobile_web
12090,705,2025-05-14,social,desktop
12091,106,2025-01-29,social,desktop
12092,119,2025-02-10,email,mobile_app
12093,365,2025-05-21,organic,mobile_app
12094,1061,2025-01-09,email,mobile_app
12095,822,2025-03-05,paid_ads,mobile_web
12096,355,2025-01-07,email,mobile_app
12097,295,2025-02-19,social,mobile_app
12098,780,2025-02-24,organic,mobile_app
12099,489,2025-06-25,organic,mobile_app
12100,877,2025-01-03,social,mobile_web
12101,694,2025-05-12,email,desktop
12102,928,2025-06-02,direct,mobile_app
12103,752,2025-05-01,direct,mobile_app
12104,952,2025-02-21,organic,mobile_app
12105,661,2025-01-04,social,desktop
12106,643,2025-06-01,organic,desktop
12107,232,2025-01-30,social,desktop
12108,488,2025-06-18,social,mobile_app
12109,892,2025-03-23,organic,mobile_app
12110,318,2025-03-26,organic,mobile_app
12111,69,2025-01-26,organic,mobile_app
12112,603,2025-05-19,paid_ads,mobile_app
12113,434,2025-01-17,email,mobile_app
12114,798,2025-01-01,organic,mobile_app
12115,614,2025-01-17,organic,mobile_app
12116,306,2025-05-24,social,desktop
12117,440,2025-05-14,organic,mobile_app
12118,506,2025-04-26,direct,mobile_web
12119,547,2025-04-06,direct,mobile_web
12120,127,2025-02-08,paid_ads,mobile_app
12121,754,2025-01-25,email,mobile_app
12122,308,2025-03-10,social,mobile_web
12123,724,2025-05-03,social,mobile_web
12124,1154,2025-01-20,direct,mobile_app
12125,705,2025-06-07,direct,mobile_app
12126,150,2025-02-27,organic,mobile_web
12127,854,2025-06-21,paid_ads,mobile_app
12128,219,2025-02-02,email,desktop
12129,765,2025-03-28,direct,mobile_app
12130,505,2025-05-03,paid_ads,mobile_web
12131,412,2025-01-19,organic,mobile_web
12132,1119,2025-06-26,paid_ads,mobile_app
12133,1054,2025-05-06,organic,mobile_app
12134,933,2025-04-23,organic,mobile_app
12135,256,2025-05-31,organic,mobile_web
12136,220,2025-03-06,email,mobile_app
12137,431,2025-03-13,social,mobile_app
12138,529,2025-02-07,email,mobile_app
12139,961,2025-03-15,organic,mobile_app
12140,152,2025-06-27,organic,mobile_app
12141,121,2025-05-05,direct,mobile_web
12142,226,2025-01-13,organic,mobile_web
12143,74,2025-02-24,direct,mobile_app
12144,779,2025-05-23,social,mobile_app
12145,1175,2025-01-06,paid_ads,mobile_app
12146,830,2025-05-25,direct,desktop
12147,357,2025-03-15,organic,mobile_app
12148,846,2025-01-17,organic,desktop
12149,524,2025-01-03,organic,mobile_app
12150,9,2025-02-15,social,desktop
12151,930,2025-01-07,direct,mobile_web
12152,855,2025-06-29,direct,mobile_app
12153,351,2025-06-06,social,mobile_app
12154,646,2025-02-09,direct,mobile_app
12155,661,2025-01-25,organic,mobile_app
12156,900,2025-04-29,paid_ads,mobile_app
12157,1150,2025-01-25,social,desktop
12158,338,2025-04-18,organic,desktop
12159,167,2025-01-28,paid_ads,mobile_app
12160,938,2025-06-03,organic,mobile_app
12161,463,2025-01-22,paid_ads,desktop
12162,1167,2025-03-20,organic,mobile_app
12163,810,2025-01-25,direct,mobile_web
12164,1010,2025-02-05,email,desktop
12165,1038,2025-04-24,social,mobile_app
12166,308,2025-02-05,organic,desktop
12167,286,2025-04-18,direct,desktop
12168,1113,2025-06-29,social,mobile_app
12169,1123,2025-03-21,paid_ads,mobile_app
12170,435,2025-03-26,paid_ads,mobile_app
12171,15,2025-01-13,direct,mobile_app
12172,648,2025-06-16,direct,mobile_app
12173,1127,2025-05-18,social,desktop
12174,931,2025-02-15,social,mobile_app
12175,644,2025-06-19,organic,mobile_app
12176,323,2025-03-09,social,mobile_web
12177,77,2025-03-15,email,desktop
12178,1035,2025-02-06,paid_ads,mobile_app
12179,536,2025-03-15,email,mobile_app
12180,740,2025-05-07,direct,mobile_app
12181,491,2025-03-25,direct,mobile_app
12182,369,2025-05-16,direct,mobile_web
12183,72,2025-04-11,social,desktop
12184,1062,2025-03-19,email,mobile_web
12185,178,2025-05-08,social,mobile_app
12186,802,2025-02-11,email,mobile_app
12187,425,2025-06-10,paid_ads,mobile_app
12188,336,2025-06-20,social,mobile_app
12189,215,2025-01-07,paid_ads,mobile_app
12190,28,2025-06-17,direct,desktop
12191,179,2025-03-28,organic,mobile_app
12192,548,2025-02-02,organic,mobile_app
12193,302,2025-02-25,paid_ads,mobile_app
12194,373,2025-04-03,paid_ads,desktop
12195,155,2025-06-19,social,mobile_app
12196,534,2025-05-31,paid_ads,mobile_web
12197,386,2025-01-13,direct,mobile_web
12198,974,2025-01-27,social,desktop
12199,55,2025-04-10,direct,mobile_app
12200,520,2025-01-01,paid_ads,mobile_app
12201,1063,2025-03-11,paid_ads,mobile_app
12202,1149,2025-06-05,email,mobile_app
12203,1122,2025-01-23,social,mobile_web
12204,655,2025-06-15,paid_ads,mobile_app
12205,145,2025-04-26,paid_ads,mobile_app
12206,353,2025-04-16,organic,desktop
12207,686,2025-02-19,direct,mobile_app
12208,347,2025-01-25,organic,mobile_app
12209,871,2025-04-04,organic,mobile_app
12210,867,2025-01-13,direct,mobile_app
12211,337,2025-03-02,organic,mobile_web
12212,1022,2025-03-14,organic,mobile_app
12213,997,2025-05-25,organic,mobile_app
12214,1055,2025-05-31,organic,desktop
12215,1137,2025-01-17,organic,desktop
12216,483,2025-06-05,paid_ads,mobile_app
12217,1191,2025-04-08,direct,mobile_app
12218,438,2025-01-09,organic,desktop
12219,104,2025-05-20,organic,mobile_app
12220,254,2025-05-11,email,mobile_app
12221,616,2025-01-22,paid_ads,mobile_app
12222,1144,2025-03-08,direct,mobile_app
12223,581,2025-05-18,paid_ads,mobile_web
12224,478,2025-04-23,direct,mobile_app
12225,896,2025-05-12,social,mobile_web
12226,666,2025-06-06,paid_ads,mobile_app
12227,616,2025-02-03,organic,mobile_app
12228,1022,2025-03-25,organic,mobile_app
12229,206,2025-05-08,organic,mobile_app
12230,1129,2025-01-18,social,mobile_app
12231,460,2025-03-29,direct,mobile_web
12232,385,2025-03-24,paid_ads,mobile_web
12233,703,2025-01-12,organic,mobile_app
12234,826,2025-02-27,email,mobile_app
12235,718,2025-05-23,direct,mobile_app
12236,1000,2025-04-14,organic,mobile_web
12237,456,2025-04-10,organic,mobile_web
12238,835,2025-04-16,organic,mobile_web
12239,712,2025-04-16,paid_ads,mobile_app
12240,811,2025-01-30,paid_ads,mobile_app
12241,342,2025-05-27,paid_ads,mobile_app
12242,1142,2025-01-10,social,mobile_web
12243,113,2025-04-07,social,mobile_web
12244,374,2025-04-17,email,mobile_web
12245,738,2025-06-15,organic,mobile_app
12246,836,2025-03-03,direct,desktop
12247,701,2025-06-15,social,mobile_web
12248,469,2025-04-10,direct,desktop
12249,337,2025-01-26,organic,mobile_app
12250,304,2025-05-09,social,mobile_web
12251,1200,2025-06-29,social,mobile_app
12252,848,2025-03-03,email,mobile_app
12253,173,2025-03-15,direct,desktop
12254,644,2025-01-18,social,mobile_app
12255,58,2025-04-12,direct,mobile_app
12256,933,2025-03-29,organic,mobile_app
12257,946,2025-05-20,paid_ads,desktop
12258,1017,2025-02-17,social,mobile_app
12259,362,2025-05-18,organic,mobile_app
12260,214,2025-04-11,paid_ads,mobile_app
12261,755,2025-03-29,social,mobile_app
12262,449,2025-06-14,paid_ads,mobile_app
12263,636,2025-03-27,email,mobile_app
12264,629,2025-06-29,social,mobile_web
12265,235,2025-02-15,organic,desktop
12266,992,2025-05-11,direct,mobile_web
12267,95,2025-02-26,paid_ads,desktop
12268,401,2025-02-02,email,desktop
12269,1028,2025-06-15,paid_ads,mobile_web
12270,570,2025-06-29,organic,mobile_app
12271,1189,2025-04-18,paid_ads,mobile_web
12272,1195,2025-06-14,paid_ads,mobile_web
12273,455,2025-01-08,direct,mobile_app
12274,268,2025-02-12,email,mobile_web
12275,147,2025-03-05,organic,desktop
12276,731,2025-01-30,email,mobile_app
12277,1200,2025-04-04,organic,desktop
12278,285,2025-03-15,email,mobile_app
12279,642,2025-04-24,paid_ads,mobile_app
12280,364,2025-01-04,paid_ads,mobile_web
12281,639,2025-03-30,organic,mobile_app
12282,1068,2025-05-24,email,mobile_app
12283,964,2025-05-15,direct,desktop
12284,600,2025-02-21,organic,mobile_web
12285,1065,2025-05-12,organic,desktop
12286,970,2025-04-08,email,desktop
12287,458,2025-04-23,organic,mobile_web
12288,437,2025-01-20,social,mobile_app
12289,164,2025-01-02,organic,mobile_web
12290,935,2025-06-21,organic,mobile_web
12291,517,2025-03-15,social,mobile_app
12292,1141,2025-02-06,organic,mobile_app
12293,451,2025-01-26,organic,desktop
12294,972,2025-01-13,social,mobile_app
12295,192,2025-03-27,direct,mobile_app
12296,203,2025-03-18,paid_ads,mobile_app
12297,240,2025-06-21,email,mobile_app
12298,244,2025-06-04,paid_ads,mobile_app
12299,208,2025-06-09,direct,mobile_web
12300,499,2025-01-15,email,mobile_app
12301,597,2025-03-02,social,mobile_web
12302,566,2025-01-28,email,mobile_app
12303,952,2025-06-04,organic,mobile_app
12304,1099,2025-06-20,social,mobile_web
12305,701,2025-03-20,direct,mobile_web
12306,355,2025-02-25,email,mobile_app
12307,816,2025-05-02,organic,mobile_app
12308,311,2025-01-04,organic,desktop
12309,1038,2025-02-10,organic,mobile_web
12310,638,2025-01-08,organic,mobile_app
12311,1094,2025-05-19,paid_ads,mobile_app
12312,1153,2025-04-30,paid_ads,mobile_app
12313,522,2025-05-22,organic,mobile_app
12314,595,2025-04-17,direct,mobile_app
12315,727,2025-02-01,direct,mobile_app
12316,305,2025-02-17,direct,mobile_app
12317,174,2025-03-17,paid_ads,desktop
12318,1001,2025-01-30,organic,mobile_web
12319,736,2025-03-20,organic,mobile_web
12320,1132,2025-05-25,organic,mobile_app
12321,351,2025-01-20,email,mobile_web
12322,910,2025-02-11,social,mobile_app
12323,898,2025-06-25,direct,mobile_app
12324,640,2025-02-27,email,desktop
12325,445,2025-03-11,social,desktop
12326,1158,2025-03-25,organic,mobile_app
12327,360,2025-06-10,organic,mobile_web
12328,161,2025-01-21,social,mobile_app
12329,408,2025-05-04,organic,mobile_app
12330,216,2025-04-05,organic,mobile_web
12331,577,2025-01-09,paid_ads,mobile_web
12332,291,2025-02-03,email,mobile_web
12333,616,2025-06-29,paid_ads,mobile_app
12334,322,2025-05-20,organic,mobile_app
12335,1109,2025-05-22,email,mobile_app
12336,526,2025-05-11,paid_ads,mobile_app
12337,978,2025-06-02,social,mobile_app
12338,347,2025-02-14,direct,mobile_app
12339,686,2025-02-17,social,mobile_app
12340,862,2025-04-02,email,mobile_web
12341,939,2025-01-18,social,mobile_app
12342,849,2025-05-03,paid_ads,mobile_app
12343,402,2025-04-25,paid_ads,mobile_app
12344,1134,2025-01-23,social,mobile_app
12345,487,2025-05-13,social,mobile_app
12346,537,2025-02-09,paid_ads,mobile_app
12347,963,2025-02-15,social,mobile_app
12348,483,2025-04-19,organic,desktop
12349,350,2025-05-02,paid_ads,mobile_app
12350,1100,2025-06-22,organic,mobile_app
12351,260,2025-02-08,social,mobile_web
12352,1005,2025-01-12,organic,desktop
12353,277,2025-03-27,organic,mobile_app
12354,479,2025-04-04,email,mobile_app
12355,250,2025-03-23,social,desktop
12356,970,2025-04-18,social,mobile_app
12357,23,2025-04-08,organic,mobile_app
12358,1066,2025-03-09,direct,mobile_app
12359,183,2025-05-01,email,mobile_app
12360,711,2025-02-01,email,mobile_web
12361,836,2025-06-16,email,mobile_app
12362,1104,2025-05-30,social,mobile_app
12363,469,2025-01-24,organic,mobile_app
12364,730,2025-04-14,email,mobile_app
12365,35,2025-05-29,direct,desktop
12366,134,2025-05-18,paid_ads,desktop
12367,622,2025-05-07,email,mobile_app
12368,541,2025-05-07,direct,desktop
12369,257,2025-01-26,paid_ads,mobile_app
12370,978,2025-05-29,paid_ads,mobile_web
12371,728,2025-03-27,social,mobile_app
12372,1094,2025-03-02,email,mobile_app
12373,727,2025-04-01,paid_ads,mobile_app
12374,145,2025-01-29,social,mobile_app
12375,857,2025-03-14,direct,mobile_app
12376,993,2025-01-11,paid_ads,mobile_web
12377,407,2025-03-12,paid_ads,desktop
12378,684,2025-05-25,organic,mobile_app
12379,1056,2025-06-21,email,mobile_app
12380,1183,2025-02-25,paid_ads,mobile_app
12381,834,2025-06-24,social,mobile_web
12382,276,2025-02-20,paid_ads,mobile_app
12383,474,2025-04-10,email,desktop
12384,236,2025-05-09,paid_ads,desktop
12385,722,2025-01-07,email,mobile_app
12386,147,2025-04-28,paid_ads,mobile_app
12387,365,2025-05-12,email,mobile_app
12388,781,2025-03-07,social,mobile_app
12389,414,2025-02-15,organic,mobile_app
12390,323,2025-03-09,paid_ads,mobile_web
12391,1097,2025-02-18,paid_ads,mobile_app
12392,378,2025-06-19,direct,mobile_app
12393,990,2025-02-10,organic,mobile_web
12394,461,2025-02-02,paid_ads,mobile_app
12395,87,2025-06-03,organic,mobile_app
12396,114,2025-05-17,paid_ads,mobile_app
12397,569,2025-06-07,paid_ads,mobile_app
12398,1198,2025-02-13,direct,mobile_web
12399,479,2025-04-10,organic,mobile_app
12400,369,2025-04-17,paid_ads,desktop
12401,788,2025-03-30,organic,desktop
12402,474,2025-02-21,social,mobile_app
12403,967,2025-02-10,email,mobile_app
12404,226,2025-05-10,paid_ads,desktop
12405,107,2025-01-11,direct,desktop
12406,389,2025-03-23,direct,mobile_app
12407,543,2025-02-01,organic,mobile_web
12408,890,2025-06-26,direct,desktop
12409,1031,2025-01-23,organic,mobile_app
12410,642,2025-06-03,organic,mobile_web
12411,386,2025-03-07,social,mobile_app
12412,878,2025-01-06,organic,mobile_app
12413,483,2025-01-08,organic,mobile_app
12414,444,2025-01-11,paid_ads,mobile_app
12415,1056,2025-05-06,social,mobile_app
12416,105,2025-04-27,organic,mobile_app
12417,186,2025-01-23,paid_ads,mobile_app
12418,234,2025-04-06,email,desktop
12419,1120,2025-03-26,direct,mobile_web
12420,717,2025-03-02,direct,mobile_app
12421,860,2025-04-15,paid_ads,desktop
12422,260,2025-01-06,organic,mobile_app
12423,981,2025-01-04,organic,mobile_app
12424,835,2025-04-07,paid_ads,mobile_app
12425,1188,2025-05-17,paid_ads,mobile_app
12426,864,2025-01-31,social,mobile_app
12427,282,2025-04-21,direct,mobile_web
12428,423,2025-01-13,social,mobile_app
12429,643,2025-05-05,email,desktop
12430,460,2025-02-23,social,mobile_web
12431,1090,2025-03-12,email,mobile_app
12432,542,2025-06-15,organic,mobile_app
12433,487,2025-03-23,social,mobile_web
12434,12,2025-05-31,paid_ads,mobile_app
12435,100,2025-02-21,paid_ads,mobile_web
12436,787,2025-02-25,direct,desktop
12437,892,2025-02-13,social,mobile_app
12438,322,2025-05-12,direct,desktop
12439,212,2025-06-24,paid_ads,mobile_app
12440,986,2025-06-05,paid_ads,mobile_app
12441,837,2025-05-08,organic,mobile_app
12442,566,2025-01-19,social,mobile_web
12443,1064,2025-05-31,email,mobile_web
12444,604,2025-03-20,direct,desktop
12445,950,2025-04-10,organic,mobile_app
12446,177,2025-04-22,organic,mobile_app
12447,398,2025-01-01,social,desktop
12448,156,2025-02-11,paid_ads,mobile_web
12449,950,2025-01-27,paid_ads,mobile_web
12450,169,2025-06-15,organic,mobile_app
12451,678,2025-06-06,direct,mobile_web
12452,641,2025-01-17,organic,mobile_app
12453,98,2025-04-25,organic,mobile_web
12454,404,2025-06-02,email,desktop
12455,224,2025-03-21,direct,mobile_web
12456,470,2025-06-15,organic,mobile_web
12457,73,2025-02-18,paid_ads,mobile_app
12458,1051,2025-01-24,social,mobile_app
12459,361,2025-03-04,paid_ads,mobile_app
12460,805,2025-03-20,social,mobile_app
12461,704,2025-05-11,organic,mobile_web
12462,9,2025-05-08,email,mobile_app
12463,1096,2025-02-22,direct,mobile_app
12464,164,2025-02-22,direct,mobile_app
12465,769,2025-02-22,organic,mobile_app
12466,915,2025-04-08,paid_ads,desktop
12467,524,2025-03-02,social,mobile_app
12468,1197,2025-06-26,organic,mobile_app
12469,274,2025-06-21,paid_ads,mobile_web
12470,826,2025-04-01,organic,mobile_web
12471,188,2025-05-28,email,desktop
12472,896,2025-04-27,organic,mobile_app
12473,40,2025-06-15,paid_ads,mobile_web
12474,29,2025-02-23,paid_ads,desktop
12475,543,2025-01-19,social,mobile_app
12476,649,2025-03-14,organic,mobile_web
12477,1119,2025-05-13,social,desktop
12478,104,2025-06-03,social,mobile_app
12479,197,2025-02-18,direct,mobile_web
12480,260,2025-04-15,organic,mobile_app
12481,154,2025-05-01,direct,mobile_app
12482,567,2025-04-13,paid_ads,desktop
12483,1086,2025-04-26,direct,desktop
12484,750,2025-01-26,organic,mobile_web
12485,173,2025-06-01,email,mobile_app
12486,547,2025-02-24,paid_ads,mobile_app
12487,281,2025-04-26,direct,mobile_web
12488,241,2025-03-28,social,mobile_app
12489,809,2025-02-18,paid_ads,desktop
12490,74,2025-04-07,paid_ads,mobile_app
12491,533,2025-04-01,email,mobile_app
12492,344,2025-06-02,organic,desktop
12493,323,2025-03-17,email,mobile_web
12494,91,2025-06-03,email,mobile_web
12495,621,2025-04-29,direct,desktop
12496,51,2025-05-12,direct,mobile_web
12497,1052,2025-02-03,paid_ads,mobile_app
12498,419,2025-03-08,paid_ads,mobile_web
12499,790,2025-04-01,organic,mobile_web
12500,431,2025-01-20,social,mobile_app
12501,25,2025-05-11,paid_ads,mobile_app
12502,152,2025-04-18,direct,mobile_app
12503,322,2025-04-16,social,mobile_app
12504,948,2025-01-29,email,mobile_app
12505,924,2025-03-29,social,mobile_web
12506,755,2025-03-26,organic,mobile_app
12507,709,2025-06-25,organic,mobile_app
12508,991,2025-04-27,organic,mobile_web
12509,476,2025-06-11,paid_ads,mobile_app
12510,635,2025-04-22,paid_ads,mobile_web
12511,343,2025-01-05,paid_ads,desktop
12512,735,2025-06-10,direct,mobile_web
12513,605,2025-01-29,paid_ads,mobile_app
12514,588,2025-01-23,email,mobile_app
12515,1047,2025-02-02,email,mobile_app
12516,803,2025-06-16,direct,mobile_app
12517,1141,2025-04-26,direct,desktop
12518,914,2025-06-22,paid_ads,desktop
12519,884,2025-03-15,direct,mobile_app
12520,495,2025-03-01,organic,desktop
12521,520,2025-04-06,direct,mobile_app
12522,941,2025-02-13,organic,mobile_app
12523,274,2025-01-02,paid_ads,mobile_web
12524,485,2025-04-15,social,mobile_app
12525,745,2025-06-01,social,mobile_app
12526,721,2025-02-12,email,mobile_app
12527,269,2025-01-29,email,mobile_web
12528,416,2025-05-16,direct,desktop
12529,490,2025-06-06,organic,mobile_app
12530,441,2025-05-25,organic,mobile_web
12531,713,2025-06-26,social,mobile_app
12532,1039,2025-02-06,paid_ads,mobile_app
12533,777,2025-01-04,organic,mobile_web
12534,1080,2025-01-17,organic,mobile_app
12535,213,2025-02-26,direct,mobile_web
12536,498,2025-05-08,social,mobile_app
12537,824,2025-06-09,organic,mobile_web
12538,446,2025-03-25,paid_ads,mobile_web
12539,671,2025-01-12,email,mobile_app
12540,467,2025-06-24,organic,mobile_web
12541,361,2025-01-12,direct,mobile_web
12542,767,2025-01-08,social,mobile_app
12543,641,2025-05-05,social,mobile_web
12544,268,2025-05-03,organic,mobile_app
12545,497,2025-01-31,email,mobile_app
12546,878,2025-03-17,email,mobile_web
12547,309,2025-04-03,social,mobile_web
12548,151,2025-06-05,email,mobile_web
12549,586,2025-01-27,social,mobile_web
12550,46,2025-05-21,social,mobile_web
12551,1053,2025-02-02,direct,mobile_app
12552,1107,2025-01-02,paid_ads,mobile_app
12553,903,2025-01-05,organic,mobile_app
12554,65,2025-02-24,paid_ads,mobile_app
12555,442,2025-04-21,paid_ads,desktop
12556,1130,2025-05-12,social,mobile_web
12557,358,2025-06-03,email,mobile_app
12558,1061,2025-02-01,social,desktop
12559,1030,2025-02-01,organic,mobile_app
12560,86,2025-03-18,email,mobile_app
12561,263,2025-04-16,organic,mobile_app
12562,1012,2025-02-07,organic,mobile_app
12563,850,2025-01-24,direct,mobile_web
12564,1050,2025-04-12,paid_ads,mobile_app
12565,537,2025-06-15,paid_ads,mobile_app
12566,897,2025-02-05,organic,mobile_app
12567,226,2025-03-12,organic,mobile_app
12568,1109,2025-02-18,paid_ads,mobile_app
12569,914,2025-03-21,paid_ads,mobile_web
12570,290,2025-03-02,social,mobile_app
12571,818,2025-01-04,email,mobile_app
12572,638,2025-03-11,direct,mobile_app
12573,321,2025-06-02,social,desktop
12574,880,2025-01-04,organic,desktop
12575,382,2025-01-21,direct,desktop
12576,1177,2025-01-09,paid_ads,desktop
12577,590,2025-01-15,direct,mobile_web
12578,119,2025-05-18,social,mobile_app
12579,983,2025-03-19,organic,mobile_web
12580,247,2025-05-04,direct,mobile_app
12581,732,2025-05-12,email,mobile_app
12582,1000,2025-05-31,email,mobile_app
12583,840,2025-05-11,direct,mobile_app
12584,836,2025-02-13,organic,mobile_app
12585,79,2025-06-04,paid_ads,mobile_app
12586,37,2025-02-18,email,mobile_web
12587,993,2025-05-05,paid_ads,mobile_web
12588,178,2025-02-16,paid_ads,mobile_app
12589,896,2025-03-15,paid_ads,mobile_app
12590,751,2025-01-04,email,mobile_web
12591,336,2025-02-23,organic,mobile_web
12592,298,2025-05-13,email,desktop
12593,1034,2025-01-25,organic,mobile_app
12594,1178,2025-02-01,paid_ads,desktop
12595,890,2025-06-16,paid_ads,mobile_app
12596,1112,2025-05-03,social,desktop
12597,583,2025-03-06,paid_ads,mobile_app
12598,1075,2025-05-06,email,mobile_web
12599,731,2025-05-18,direct,mobile_app
12600,336,2025-05-25,organic,mobile_app
12601,787,2025-02-08,organic,mobile_app
12602,998,2025-03-31,paid_ads,mobile_app
12603,413,2025-06-15,direct,desktop
12604,175,2025-05-30,social,mobile_app
12605,350,2025-01-06,direct,mobile_app
12606,1117,2025-05-14,paid_ads,desktop
12607,718,2025-04-29,social,desktop
12608,874,2025-05-17,direct,desktop
12609,1125,2025-02-17,direct,mobile_web
12610,1031,2025-06-13,paid_ads,mobile_app
12611,1155,2025-04-12,paid_ads,mobile_app
12612,765,2025-03-19,paid_ads,mobile_app
12613,180,2025-06-06,email,mobile_web
12614,382,2025-05-18,email,mobile_web
12615,161,2025-02-13,direct,mobile_app
12616,685,2025-05-11,organic,mobile_app
12617,1063,2025-03-11,email,mobile_app
12618,1125,2025-05-16,email,mobile_app
12619,503,2025-06-16,organic,mobile_app
12620,347,2025-05-26,organic,mobile_web
12621,305,2025-05-02,email,desktop
12622,632,2025-06-23,paid_ads,mobile_web
12623,897,2025-05-07,direct,desktop
12624,359,2025-06-20,organic,mobile_app
12625,638,2025-04-02,organic,mobile_web
12626,120,2025-05-19,organic,mobile_app
12627,218,2025-03-25,organic,mobile_web
12628,1195,2025-06-21,direct,mobile_app
12629,644,2025-04-09,organic,desktop
12630,193,2025-01-11,social,desktop
12631,990,2025-03-19,paid_ads,mobile_web
12632,693,2025-05-07,social,mobile_app
12633,296,2025-05-12,social,mobile_app
12634,121,2025-01-28,paid_ads,mobile_app
12635,661,2025-01-26,email,mobile_app
12636,79,2025-06-26,social,mobile_web
12637,294,2025-02-27,organic,mobile_app
12638,370,2025-05-03,direct,mobile_app
12639,485,2025-04-07,organic,mobile_app
12640,291,2025-06-15,social,mobile_app
12641,278,2025-03-29,direct,mobile_web
12642,746,2025-02-04,direct,mobile_app
12643,176,2025-02-09,paid_ads,mobile_app
12644,577,2025-05-15,paid_ads,mobile_app
12645,129,2025-04-23,email,desktop
12646,1093,2025-04-02,email,mobile_app
12647,401,2025-03-07,direct,mobile_app
12648,607,2025-06-01,organic,mobile_app
12649,130,2025-01-16,paid_ads,mobile_web
12650,317,2025-06-23,direct,desktop
12651,653,2025-03-29,paid_ads,mobile_app
12652,734,2025-06-12,direct,desktop
12653,963,2025-01-16,organic,mobile_app
12654,393,2025-02-02,email,mobile_web
12655,638,2025-01-29,email,desktop
12656,128,2025-06-12,direct,mobile_app
12657,82,2025-05-19,social,mobile_app
12658,554,2025-04-14,paid_ads,mobile_app
12659,573,2025-02-18,social,mobile_app
12660,1002,2025-04-26,social,mobile_app
12661,97,2025-06-25,email,mobile_app
12662,284,2025-04-25,organic,mobile_app
12663,924,2025-06-23,organic,mobile_app
12664,906,2025-04-30,organic,mobile_app
12665,1055,2025-01-25,organic,desktop
12666,272,2025-02-13,paid_ads,mobile_web
12667,116,2025-04-03,organic,mobile_app
12668,167,2025-01-11,paid_ads,desktop
12669,739,2025-06-14,direct,desktop
12670,741,2025-05-02,organic,mobile_app
12671,248,2025-02-25,email,mobile_app
12672,863,2025-04-20,direct,mobile_web
12673,455,2025-04-13,direct,mobile_app
12674,555,2025-01-31,direct,mobile_app
12675,785,2025-06-11,email,mobile_app
12676,275,2025-02-21,organic,desktop
12677,824,2025-05-12,paid_ads,mobile_app
12678,351,2025-03-01,email,mobile_app
12679,701,2025-04-03,organic,mobile_app
12680,359,2025-06-06,direct,mobile_web
12681,930,2025-03-06,direct,mobile_app
12682,1196,2025-03-30,organic,mobile_web
12683,150,2025-02-06,direct,desktop
12684,1090,2025-02-28,paid_ads,mobile_web
12685,190,2025-01-20,email,mobile_web
12686,1134,2025-04-27,organic,mobile_app
12687,553,2025-04-15,paid_ads,mobile_app
12688,996,2025-05-07,social,mobile_app
12689,487,2025-03-24,direct,mobile_app
12690,174,2025-03-24,organic,mobile_app
12691,481,2025-05-08,organic,mobile_web
12692,479,2025-03-22,organic,mobile_app
12693,570,2025-01-11,social,mobile_web
12694,201,2025-04-24,organic,desktop
12695,1110,2025-06-23,direct,mobile_app
12696,1084,2025-03-14,email,mobile_app
12697,76,2025-04-29,direct,mobile_web
12698,256,2025-02-02,direct,mobile_web
12699,109,2025-03-20,direct,mobile_web
12700,312,2025-06-20,organic,desktop
12701,464,2025-01-30,organic,mobile_web
12702,870,2025-02-13,social,mobile_app
12703,878,2025-01-18,organic,mobile_web
12704,417,2025-01-22,organic,mobile_app
12705,825,2025-02-21,paid_ads,mobile_app
12706,668,2025-06-29,social,mobile_app
12707,107,2025-02-23,social,mobile_app
12708,835,2025-01-10,paid_ads,mobile_app
12709,619,2025-03-30,email,mobile_app
12710,1187,2025-04-17,social,desktop
12711,373,2025-05-29,organic,mobile_app
12712,930,2025-04-04,paid_ads,mobile_web
12713,1174,2025-06-07,paid_ads,mobile_app
12714,813,2025-06-25,direct,mobile_app
12715,180,2025-05-11,organic,mobile_app
12716,1058,2025-04-25,social,mobile_web
12717,718,2025-02-07,social,mobile_web
12718,171,2025-03-08,paid_ads,mobile_app
12719,643,2025-04-30,paid_ads,desktop
12720,1045,2025-04-16,direct,mobile_app
12721,877,2025-02-07,paid_ads,mobile_app
12722,983,2025-02-05,organic,mobile_web
12723,1184,2025-03-12,organic,mobile_web
12724,586,2025-06-08,organic,mobile_app
12725,62,2025-03-21,email,mobile_app
12726,830,2025-03-15,email,mobile_app
12727,395,2025-04-13,organic,mobile_web
12728,501,2025-04-26,social,mobile_web
12729,599,2025-06-26,organic,mobile_app
12730,538,2025-05-19,organic,mobile_web
12731,350,2025-05-18,organic,mobile_web
12732,253,2025-04-05,social,mobile_web
12733,23,2025-06-07,organic,desktop
12734,732,2025-04-19,email,mobile_app
12735,573,2025-05-09,social,mobile_app
12736,1109,2025-01-06,social,mobile_web
12737,393,2025-02-25,email,mobile_web
12738,795,2025-05-19,organic,mobile_app
12739,274,2025-04-03,social,mobile_web
12740,937,2025-02-14,paid_ads,desktop
12741,715,2025-04-13,paid_ads,desktop
12742,706,2025-06-01,organic,mobile_web
12743,573,2025-04-27,paid_ads,mobile_app
12744,109,2025-05-16,email,mobile_app
12745,130,2025-02-19,direct,mobile_web
12746,596,2025-06-04,organic,desktop
12747,259,2025-04-25,paid_ads,mobile_app
12748,857,2025-05-10,organic,mobile_app
12749,1042,2025-05-31,direct,desktop
12750,615,2025-06-11,social,mobile_app
12751,465,2025-06-11,organic,mobile_web
12752,200,2025-06-29,social,mobile_app
12753,51,2025-01-13,organic,mobile_app
12754,444,2025-02-25,social,mobile_app
12755,280,2025-04-30,organic,mobile_app
12756,1163,2025-04-23,paid_ads,desktop
12757,908,2025-02-20,social,mobile_app
12758,582,2025-04-24,paid_ads,mobile_app
12759,329,2025-03-06,paid_ads,mobile_app
12760,1146,2025-06-04,email,desktop
12761,606,2025-03-06,organic,mobile_web
12762,739,2025-03-22,organic,mobile_web
12763,361,2025-03-16,organic,mobile_app
12764,257,2025-01-01,paid_ads,mobile_web
12765,210,2025-04-10,social,desktop
12766,432,2025-02-21,paid_ads,mobile_app
12767,858,2025-06-13,paid_ads,mobile_app
12768,821,2025-05-10,direct,mobile_web
12769,786,2025-04-25,paid_ads,desktop
12770,28,2025-04-15,organic,mobile_app
12771,454,2025-03-26,organic,mobile_app
12772,1007,2025-03-27,direct,mobile_app
12773,477,2025-04-22,organic,mobile_app
12774,554,2025-05-31,organic,mobile_app
12775,427,2025-02-09,paid_ads,mobile_app
12776,839,2025-05-03,direct,mobile_web
12777,337,2025-05-12,organic,mobile_app
12778,329,2025-02-09,paid_ads,mobile_app
12779,989,2025-05-15,direct,mobile_web
12780,480,2025-03-23,organic,mobile_web
12781,1143,2025-02-26,social,mobile_app
12782,629,2025-02-18,paid_ads,mobile_web
12783,760,2025-03-15,organic,mobile_app
12784,411,2025-03-20,email,mobile_app
12785,888,2025-03-24,organic,mobile_web
12786,427,2025-01-03,email,mobile_app
12787,66,2025-05-05,social,mobile_app
12788,804,2025-06-01,paid_ads,mobile_app
12789,190,2025-02-26,direct,mobile_app
12790,396,2025-01-19,organic,mobile_app
12791,460,2025-06-02,organic,mobile_app
12792,468,2025-04-28,social,mobile_app
12793,669,2025-02-26,direct,mobile_app
12794,275,2025-05-29,email,mobile_app
12795,423,2025-01-06,social,mobile_web
12796,528,2025-05-13,social,mobile_app
12797,408,2025-06-14,direct,mobile_web
12798,783,2025-03-04,email,mobile_app
12799,1121,2025-04-06,social,mobile_app
12800,1108,2025-05-26,organic,mobile_app
12801,420,2025-05-21,organic,desktop
12802,786,2025-06-18,organic,mobile_web
12803,1080,2025-06-11,paid_ads,mobile_app
12804,228,2025-03-28,direct,mobile_web
12805,254,2025-01-12,email,mobile_web
12806,88,2025-02-02,paid_ads,mobile_web
12807,614,2025-01-05,social,mobile_app
12808,1042,2025-01-31,social,mobile_web
12809,20,2025-05-03,organic,mobile_app
12810,199,2025-05-28,paid_ads,mobile_app
12811,1086,2025-05-18,organic,mobile_app
12812,543,2025-06-26,paid_ads,mobile_app
12813,1037,2025-01-24,paid_ads,mobile_app
12814,252,2025-03-30,social,desktop
12815,301,2025-02-11,paid_ads,mobile_web
12816,97,2025-01-30,direct,mobile_app
12817,160,2025-04-14,direct,mobile_app
12818,892,2025-01-17,paid_ads,mobile_web
12819,794,2025-03-21,organic,mobile_web
12820,682,2025-04-22,direct,desktop
12821,109,2025-03-26,paid_ads,mobile_app
12822,430,2025-03-25,social,mobile_app
12823,1096,2025-05-07,organic,mobile_app
12824,799,2025-04-03,organic,mobile_web
12825,654,2025-03-03,organic,desktop
12826,233,2025-01-11,paid_ads,mobile_app
12827,597,2025-01-23,direct,mobile_web
12828,546,2025-05-21,email,mobile_app
12829,74,2025-06-28,direct,mobile_app
12830,1057,2025-05-25,organic,mobile_web
12831,488,2025-02-26,organic,mobile_web
12832,1093,2025-03-11,paid_ads,mobile_web
12833,864,2025-01-20,email,mobile_app
12834,1084,2025-01-27,organic,mobile_app
12835,355,2025-04-23,organic,mobile_app
12836,985,2025-04-10,organic,mobile_web
12837,845,2025-06-22,direct,mobile_web
12838,841,2025-05-09,social,mobile_app
12839,1097,2025-04-05,social,desktop
12840,485,2025-05-10,organic,desktop
12841,403,2025-06-09,paid_ads,mobile_web
12842,412,2025-04-11,organic,mobile_app
12843,634,2025-05-30,social,mobile_app
12844,161,2025-05-15,social,mobile_app
12845,824,2025-01-15,organic,mobile_app
12846,852,2025-04-02,email,mobile_app
12847,626,2025-03-04,organic,desktop
12848,1053,2025-05-20,social,mobile_app
12849,249,2025-06-19,email,mobile_app
12850,137,2025-04-29,paid_ads,desktop
12851,11,2025-05-30,direct,mobile_app
12852,164,2025-01-15,direct,mobile_app
12853,592,2025-03-29,social,mobile_web
12854,28,2025-04-29,organic,mobile_web
12855,464,2025-03-26,paid_ads,mobile_app
12856,841,2025-05-18,organic,mobile_web
12857,36,2025-01-09,email,mobile_app
12858,1123,2025-06-02,paid_ads,mobile_web
12859,700,2025-03-07,direct,mobile_app
12860,147,2025-03-11,paid_ads,desktop
12861,558,2025-03-13,organic,mobile_web
12862,209,2025-02-02,social,desktop
12863,632,2025-02-26,email,mobile_app
12864,762,2025-04-10,social,mobile_app
12865,580,2025-06-12,social,mobile_web
12866,746,2025-01-16,paid_ads,mobile_app
12867,118,2025-05-02,social,mobile_web
12868,85,2025-04-06,organic,mobile_app
12869,595,2025-01-18,paid_ads,desktop
12870,489,2025-03-30,paid_ads,mobile_web
12871,687,2025-03-25,organic,mobile_app
12872,906,2025-02-28,paid_ads,mobile_app
12873,1166,2025-05-23,direct,mobile_web
12874,233,2025-03-24,organic,mobile_web
12875,83,2025-03-14,organic,mobile_app
12876,730,2025-03-09,organic,mobile_app
12877,591,2025-06-02,social,desktop
12878,223,2025-06-23,paid_ads,mobile_web
12879,309,2025-04-18,direct,desktop
12880,434,2025-02-08,organic,desktop
12881,907,2025-06-01,paid_ads,mobile_app
12882,797,2025-03-25,paid_ads,mobile_app
12883,479,2025-03-27,paid_ads,mobile_web
12884,1134,2025-04-12,social,mobile_app
12885,200,2025-03-21,paid_ads,mobile_app
12886,484,2025-03-15,organic,mobile_app
12887,183,2025-05-09,paid_ads,mobile_web
12888,147,2025-02-14,email,mobile_web
12889,1084,2025-06-29,paid_ads,mobile_app
12890,523,2025-05-03,organic,mobile_app
12891,198,2025-02-09,organic,mobile_web
12892,950,2025-02-20,paid_ads,mobile_web
12893,958,2025-04-18,organic,desktop
12894,348,2025-02-13,organic,mobile_web
12895,819,2025-05-31,social,mobile_web
12896,17,2025-06-21,direct,mobile_app
12897,344,2025-03-04,organic,mobile_app
12898,136,2025-04-19,organic,desktop
12899,108,2025-04-05,organic,mobile_web
12900,1001,2025-03-01,email,desktop
12901,155,2025-01-22,social,mobile_web
12902,1069,2025-04-25,direct,mobile_app
12903,1034,2025-03-05,organic,mobile_app
12904,773,2025-02-07,organic,mobile_app
12905,99,2025-03-12,organic,mobile_app
12906,902,2025-04-24,social,mobile_app
12907,1060,2025-02-24,organic,desktop
12908,1126,2025-06-27,paid_ads,mobile_web
12909,979,2025-02-20,paid_ads,mobile_app
12910,933,2025-04-12,organic,mobile_web
12911,621,2025-04-15,organic,desktop
12912,579,2025-01-09,organic,mobile_web
12913,913,2025-01-26,direct,mobile_web
12914,509,2025-02-15,direct,mobile_web
12915,646,2025-06-06,direct,mobile_app
12916,786,2025-05-30,organic,mobile_app
12917,1162,2025-06-29,direct,mobile_app
12918,114,2025-04-20,paid_ads,mobile_app
12919,124,2025-02-16,organic,mobile_web
12920,369,2025-02-18,organic,mobile_web
12921,1129,2025-05-15,email,desktop
12922,927,2025-05-13,paid_ads,mobile_web
12923,110,2025-04-26,organic,mobile_app
12924,687,2025-01-13,social,mobile_app
12925,747,2025-02-13,organic,desktop
12926,588,2025-01-01,direct,desktop
12927,979,2025-01-02,social,mobile_app
12928,1136,2025-01-07,organic,mobile_web
12929,1014,2025-03-18,direct,mobile_app
12930,1168,2025-06-09,email,mobile_app
12931,149,2025-01-29,organic,desktop
12932,950,2025-02-10,direct,mobile_app
12933,1079,2025-01-25,email,mobile_app
12934,1033,2025-02-22,paid_ads,mobile_app
12935,730,2025-02-11,paid_ads,mobile_app
12936,1166,2025-03-07,social,mobile_web
12937,833,2025-02-18,direct,desktop
12938,261,2025-03-11,social,mobile_app
12939,290,2025-06-23,organic,mobile_web
12940,458,2025-03-28,direct,mobile_web
12941,716,2025-05-13,organic,mobile_app
12942,1157,2025-04-07,organic,mobile_web
12943,826,2025-05-05,organic,desktop
12944,736,2025-05-27,organic,mobile_web
12945,690,2025-05-01,paid_ads,desktop
12946,292,2025-01-12,email,mobile_app
12947,1172,2025-04-25,organic,mobile_web
12948,1098,2025-05-23,email,mobile_web
12949,643,2025-06-23,email,desktop
12950,368,2025-03-13,email,mobile_web
12951,72,2025-01-04,paid_ads,mobile_app
12952,379,2025-01-11,direct,mobile_app
12953,263,2025-03-17,paid_ads,mobile_app
12954,654,2025-02-09,organic,mobile_app
12955,5,2025-05-13,paid_ads,mobile_web
12956,152,2025-01-18,organic,mobile_app
12957,253,2025-04-10,email,desktop
12958,391,2025-05-03,paid_ads,mobile_app
12959,704,2025-05-08,email,mobile_web
12960,288,2025-06-25,paid_ads,desktop
12961,583,2025-03-10,paid_ads,desktop
12962,1027,2025-01-22,organic,mobile_web
12963,725,2025-05-05,email,mobile_web
12964,207,2025-03-28,paid_ads,mobile_web
12965,124,2025-04-05,paid_ads,mobile_app
12966,862,2025-06-19,direct,mobile_app
12967,984,2025-03-31,social,mobile_web
12968,151,2025-01-30,email,desktop
12969,991,2025-05-14,direct,mobile_web
12970,753,2025-06-28,organic,mobile_app
12971,890,2025-04-12,direct,mobile_web
12972,628,2025-03-08,email,mobile_app
12973,265,2025-04-29,paid_ads,mobile_web
12974,239,2025-02-18,organic,desktop
12975,973,2025-05-01,email,mobile_web
12976,67,2025-02-09,email,mobile_web
12977,423,2025-05-12,paid_ads,mobile_web
12978,1163,2025-04-17,social,mobile_app
12979,227,2025-06-16,social,mobile_app
12980,1132,2025-03-26,paid_ads,mobile_app
12981,653,2025-06-16,paid_ads,mobile_app
12982,106,2025-02-06,paid_ads,mobile_app
12983,570,2025-04-08,social,mobile_web
12984,665,2025-03-17,social,mobile_web
12985,68,2025-05-09,organic,mobile_app
12986,95,2025-05-10,paid_ads,mobile_web
12987,1004,2025-02-10,organic,desktop
12988,638,2025-02-09,social,mobile_web
12989,169,2025-01-10,social,mobile_app
12990,597,2025-02-18,organic,mobile_web
12991,575,2025-01-20,email,mobile_app
12992,418,2025-01-08,email,mobile_app
12993,287,2025-03-02,organic,mobile_app
12994,711,2025-03-01,organic,mobile_web
12995,269,2025-06-12,direct,mobile_app
12996,783,2025-05-21,paid_ads,mobile_web
12997,374,2025-01-12,email,mobile_app
12998,158,2025-01-08,organic,mobile_app
12999,530,2025-04-23,paid_ads,mobile_app
13000,320,2025-06-12,organic,mobile_web
13001,94,2025-01-10,organic,mobile_app
13002,48,2025-06-28,paid_ads,mobile_app
13003,779,2025-03-16,paid_ads,mobile_app
13004,62,2025-04-27,paid_ads,mobile_web
13005,1131,2025-06-22,organic,mobile_web
13006,832,2025-02-11,email,mobile_app
13007,567,2025-02-07,direct,mobile_app
13008,260,2025-06-14,paid_ads,desktop
13009,978,2025-03-17,email,mobile_app
13010,236,2025-05-09,paid_ads,desktop
13011,1022,2025-06-01,organic,mobile_app
13012,1103,2025-04-16,organic,mobile_web
13013,1020,2025-01-30,organic,mobile_web
13014,320,2025-01-31,direct,mobile_app
13015,1032,2025-04-27,paid_ads,mobile_web
13016,498,2025-06-28,paid_ads,mobile_app
13017,615,2025-01-24,email,mobile_app
13018,839,2025-03-01,paid_ads,desktop
13019,353,2025-04-08,email,desktop
13020,946,2025-06-17,email,desktop
13021,895,2025-02-28,direct,desktop
13022,162,2025-02-07,direct,mobile_app
13023,950,2025-01-16,paid_ads,mobile_app
13024,879,2025-03-30,email,mobile_app
13025,868,2025-06-14,email,mobile_app
13026,891,2025-01-18,organic,desktop
13027,801,2025-02-04,email,mobile_web
13028,64,2025-06-08,organic,desktop
13029,509,2025-04-09,email,desktop
13030,1005,2025-06-04,organic,mobile_app
13031,1044,2025-06-26,paid_ads,mobile_app
13032,165,2025-02-21,direct,mobile_app
13033,763,2025-01-02,paid_ads,desktop
13034,822,2025-01-13,social,mobile_app
13035,772,2025-03-29,direct,mobile_app
13036,27,2025-03-05,social,desktop
13037,333,2025-03-09,social,mobile_app
13038,96,2025-05-07,organic,mobile_app
13039,662,2025-04-30,organic,mobile_app
13040,936,2025-02-09,organic,mobile_app
13041,339,2025-03-16,organic,mobile_app
13042,1126,2025-01-09,paid_ads,mobile_app
13043,1082,2025-02-07,organic,mobile_app
13044,528,2025-01-02,email,mobile_app
13045,1113,2025-01-27,direct,desktop
13046,1076,2025-06-11,social,mobile_app
13047,260,2025-02-08,email,mobile_app
13048,571,2025-03-17,paid_ads,mobile_app
13049,1135,2025-03-04,paid_ads,mobile_app
13050,864,2025-03-25,organic,desktop
13051,413,2025-05-31,paid_ads,desktop
13052,571,2025-04-10,email,mobile_app
13053,824,2025-03-09,organic,mobile_app
13054,371,2025-06-06,organic,mobile_app
13055,422,2025-03-01,email,mobile_app
13056,414,2025-02-05,social,desktop
13057,661,2025-06-15,paid_ads,desktop
13058,682,2025-03-20,direct,mobile_app
13059,338,2025-04-01,organic,desktop
13060,693,2025-06-15,paid_ads,mobile_app
13061,205,2025-04-18,social,mobile_app
13062,1182,2025-05-07,direct,mobile_app
13063,1196,2025-05-25,direct,mobile_web
13064,551,2025-05-23,email,mobile_web
13065,719,2025-06-27,organic,mobile_web
13066,484,2025-03-09,organic,mobile_app
13067,870,2025-04-09,social,desktop
13068,717,2025-01-10,email,mobile_app
13069,715,2025-01-29,email,mobile_web
13070,51,2025-05-29,organic,mobile_app
13071,65,2025-01-13,social,mobile_app
13072,536,2025-01-20,social,mobile_web
13073,991,2025-03-11,email,mobile_app
13074,1005,2025-03-14,direct,desktop
13075,31,2025-02-13,organic,mobile_app
13076,1132,2025-03-26,paid_ads,mobile_app
13077,230,2025-06-19,direct,mobile_app
13078,1162,2025-01-30,organic,desktop
13079,688,2025-04-09,paid_ads,mobile_web
13080,152,2025-05-16,social,mobile_app
13081,864,2025-05-18,email,mobile_web
13082,875,2025-03-17,direct,desktop
13083,304,2025-01-13,social,desktop
13084,779,2025-05-17,organic,mobile_app
13085,402,2025-04-19,social,desktop
13086,729,2025-06-14,paid_ads,mobile_app
13087,708,2025-03-23,organic,mobile_app
13088,361,2025-03-17,organic,desktop
13089,340,2025-03-28,organic,mobile_web
13090,712,2025-01-09,direct,mobile_web
13091,564,2025-04-09,direct,mobile_app
13092,714,2025-01-29,organic,mobile_app
13093,422,2025-03-30,social,mobile_web
13094,745,2025-05-08,direct,mobile_app
13095,863,2025-06-18,organic,mobile_app
13096,909,2025-05-08,direct,mobile_app
13097,445,2025-04-08,organic,mobile_app
13098,1030,2025-02-15,social,mobile_app
13099,605,2025-05-23,paid_ads,mobile_web
13100,1074,2025-05-22,organic,mobile_web
13101,344,2025-02-05,social,desktop
13102,870,2025-03-19,social,mobile_web
13103,591,2025-05-16,paid_ads,mobile_app
13104,165,2025-01-15,social,desktop
13105,31,2025-01-30,email,mobile_web
13106,321,2025-04-09,social,mobile_web
13107,930,2025-05-09,social,mobile_app
13108,661,2025-06-22,organic,mobile_app
13109,359,2025-01-04,direct,mobile_app
13110,731,2025-03-07,organic,mobile_app
13111,311,2025-02-08,social,mobile_web
13112,825,2025-01-18,social,mobile_app
13113,489,2025-04-17,organic,mobile_app
13114,157,2025-01-06,paid_ads,mobile_app
13115,839,2025-03-17,paid_ads,mobile_app
13116,435,2025-04-06,paid_ads,mobile_app
13117,280,2025-06-03,social,mobile_app
13118,1177,2025-06-12,organic,mobile_web
13119,1191,2025-06-19,paid_ads,mobile_app
13120,560,2025-05-27,social,mobile_app
13121,703,2025-01-26,email,desktop
13122,574,2025-05-24,paid_ads,desktop
13123,1115,2025-02-16,paid_ads,mobile_web
13124,676,2025-06-15,paid_ads,desktop
13125,1165,2025-01-05,paid_ads,mobile_web
13126,662,2025-04-24,social,mobile_app
13127,113,2025-02-28,organic,mobile_app
13128,471,2025-06-08,organic,mobile_web
13129,715,2025-05-23,direct,mobile_app
13130,521,2025-06-18,organic,mobile_web
13131,892,2025-05-31,organic,mobile_app
13132,1084,2025-05-31,paid_ads,mobile_app
13133,450,2025-02-27,social,mobile_app
13134,1036,2025-03-31,organic,mobile_web
13135,555,2025-01-12,paid_ads,desktop
13136,818,2025-04-18,organic,desktop
13137,55,2025-02-14,paid_ads,mobile_app
13138,390,2025-06-19,paid_ads,mobile_app
13139,473,2025-01-28,paid_ads,mobile_app
13140,696,2025-06-10,email,mobile_app
13141,194,2025-06-14,email,mobile_app
13142,639,2025-06-19,paid_ads,mobile_app
13143,1189,2025-02-17,organic,desktop
13144,1057,2025-05-15,paid_ads,mobile_app
13145,42,2025-06-15,organic,mobile_app
13146,61,2025-02-28,direct,desktop
13147,592,2025-04-11,social,mobile_app
13148,358,2025-06-15,email,mobile_app
13149,295,2025-02-14,email,mobile_app
13150,650,2025-05-27,email,mobile_web
13151,529,2025-03-20,direct,desktop
13152,897,2025-01-26,direct,mobile_app
13153,12,2025-04-04,social,mobile_app
13154,354,2025-01-04,email,mobile_app
13155,877,2025-05-27,social,mobile_web
13156,92,2025-04-04,paid_ads,mobile_app
13157,1053,2025-01-07,organic,desktop
13158,60,2025-06-05,paid_ads,mobile_web
13159,1031,2025-04-04,paid_ads,desktop
13160,1151,2025-01-20,paid_ads,mobile_app
13161,836,2025-02-03,paid_ads,mobile_web
13162,1145,2025-03-16,social,mobile_app
13163,230,2025-04-17,email,mobile_web
13164,901,2025-05-05,paid_ads,mobile_web
13165,954,2025-06-28,organic,mobile_app
13166,517,2025-03-11,paid_ads,desktop
13167,1103,2025-04-18,social,mobile_app
13168,278,2025-06-12,social,mobile_web
13169,970,2025-04-05,direct,mobile_app
13170,507,2025-02-15,paid_ads,mobile_app
13171,869,2025-02-22,organic,desktop
13172,97,2025-06-15,paid_ads,mobile_web
13173,542,2025-06-22,organic,mobile_web
13174,370,2025-06-18,organic,mobile_app
13175,326,2025-05-22,direct,mobile_app
13176,126,2025-03-05,organic,mobile_web
13177,25,2025-04-02,social,mobile_app
13178,490,2025-03-22,email,mobile_app
13179,929,2025-06-13,organic,desktop
13180,716,2025-06-25,email,mobile_web
13181,29,2025-01-17,organic,mobile_app
13182,428,2025-02-02,direct,mobile_app
13183,842,2025-06-13,social,mobile_web
13184,974,2025-05-18,social,desktop
13185,895,2025-05-19,organic,desktop
13186,871,2025-06-23,email,mobile_app
13187,1169,2025-01-27,paid_ads,mobile_app
13188,1188,2025-06-15,social,mobile_web
13189,327,2025-05-07,paid_ads,mobile_app
13190,1165,2025-02-19,paid_ads,mobile_app
13191,220,2025-01-23,paid_ads,mobile_app
13192,347,2025-01-28,paid_ads,mobile_app
13193,766,2025-02-03,direct,desktop
13194,445,2025-04-19,organic,mobile_app
13195,387,2025-04-03,organic,mobile_app
13196,960,2025-06-01,paid_ads,mobile_app
13197,1080,2025-05-30,social,mobile_web
13198,961,2025-03-07,direct,desktop
13199,1150,2025-06-01,paid_ads,mobile_web
13200,1015,2025-01-28,organic,mobile_app
13201,988,2025-03-06,email,mobile_app
13202,490,2025-05-04,paid_ads,desktop
13203,800,2025-04-18,paid_ads,mobile_app
13204,982,2025-01-15,organic,mobile_web
13205,428,2025-03-16,organic,mobile_app
13206,75,2025-05-09,social,mobile_app
13207,672,2025-02-06,paid_ads,mobile_app
13208,616,2025-02-26,social,mobile_app
13209,489,2025-05-19,organic,mobile_app
13210,490,2025-03-21,organic,desktop
13211,995,2025-03-20,paid_ads,mobile_web
13212,200,2025-03-13,paid_ads,mobile_web
13213,880,2025-05-17,social,mobile_app
13214,707,2025-03-30,organic,mobile_web
13215,169,2025-04-28,paid_ads,mobile_app
13216,307,2025-04-06,email,mobile_app
13217,891,2025-04-23,direct,mobile_app
13218,1182,2025-06-27,organic,mobile_app
13219,425,2025-05-27,social,mobile_app
13220,1013,2025-04-13,social,mobile_app
13221,1030,2025-06-05,organic,desktop
13222,472,2025-06-17,paid_ads,mobile_web
13223,864,2025-03-26,paid_ads,desktop
13224,345,2025-04-09,email,mobile_web
13225,840,2025-02-08,social,mobile_app
13226,430,2025-05-01,paid_ads,desktop
13227,424,2025-06-11,paid_ads,mobile_app
13228,277,2025-06-22,social,mobile_app
13229,868,2025-03-27,email,desktop
13230,552,2025-02-01,organic,mobile_web
13231,425,2025-06-28,social,desktop
13232,374,2025-03-25,direct,mobile_app
13233,210,2025-05-13,direct,mobile_web
13234,1061,2025-03-27,paid_ads,mobile_web
13235,691,2025-01-05,email,mobile_app
13236,464,2025-05-25,direct,mobile_app
13237,1175,2025-03-13,email,mobile_app
13238,458,2025-01-16,social,mobile_app
13239,742,2025-01-18,social,mobile_app
13240,888,2025-04-20,organic,mobile_web
13241,1159,2025-04-26,paid_ads,mobile_app
13242,650,2025-02-12,organic,desktop
13243,32,2025-01-17,paid_ads,mobile_app
13244,375,2025-02-21,organic,mobile_app
13245,184,2025-02-17,paid_ads,mobile_web
13246,716,2025-06-10,organic,mobile_app
13247,1108,2025-03-17,social,mobile_app
13248,490,2025-01-15,paid_ads,mobile_web
13249,972,2025-04-11,organic,mobile_app
13250,951,2025-01-21,organic,mobile_app
13251,953,2025-02-08,social,mobile_web
13252,848,2025-01-20,organic,mobile_app
13253,829,2025-05-12,paid_ads,mobile_app
13254,594,2025-05-28,direct,mobile_app
13255,633,2025-06-10,organic,mobile_app
13256,20,2025-01-21,social,mobile_app
13257,569,2025-04-30,organic,mobile_web
13258,211,2025-05-21,organic,mobile_web
13259,251,2025-02-15,email,mobile_app
13260,748,2025-01-31,organic,mobile_app
13261,1012,2025-03-06,direct,mobile_app
13262,915,2025-02-07,email,mobile_app
13263,518,2025-06-20,paid_ads,desktop
13264,795,2025-02-12,paid_ads,mobile_app
13265,856,2025-03-22,email,mobile_web
13266,1197,2025-04-30,paid_ads,mobile_app
13267,64,2025-05-27,social,mobile_app
13268,417,2025-06-26,email,mobile_app
13269,964,2025-05-22,direct,mobile_app
13270,475,2025-01-10,paid_ads,desktop
13271,1197,2025-06-18,organic,mobile_app
13272,395,2025-06-09,organic,mobile_app
13273,1029,2025-04-02,direct,mobile_app
13274,1172,2025-02-05,paid_ads,mobile_web
13275,177,2025-02-20,organic,mobile_app
13276,141,2025-03-20,paid_ads,mobile_app
13277,506,2025-02-22,direct,mobile_app
13278,33,2025-05-16,social,mobile_app
13279,268,2025-02-16,social,mobile_app
13280,381,2025-05-12,paid_ads,mobile_app
13281,446,2025-01-03,organic,mobile_web
13282,67,2025-01-17,organic,mobile_app
13283,345,2025-05-20,paid_ads,desktop
13284,314,2025-06-12,direct,mobile_app
13285,547,2025-05-01,direct,mobile_app
13286,296,2025-03-04,email,desktop
13287,169,2025-04-19,social,mobile_app
13288,96,2025-05-19,paid_ads,mobile_app
13289,174,2025-04-22,organic,mobile_app
13290,62,2025-01-07,social,mobile_app
13291,336,2025-04-10,paid_ads,desktop
13292,557,2025-01-14,direct,mobile_web
13293,560,2025-02-03,direct,mobile_app
13294,1199,2025-06-23,direct,mobile_web
13295,659,2025-03-04,direct,mobile_app
13296,1094,2025-05-26,organic,desktop
13297,626,2025-03-31,social,mobile_web
13298,972,2025-05-15,organic,mobile_app
13299,990,2025-06-01,direct,mobile_web
13300,623,2025-01-22,email,mobile_app
13301,96,2025-06-02,email,mobile_app
13302,318,2025-05-02,paid_ads,mobile_web
13303,548,2025-03-19,organic,desktop
13304,591,2025-04-07,organic,mobile_app
13305,702,2025-05-18,paid_ads,mobile_app
13306,1165,2025-02-21,direct,mobile_app
13307,635,2025-06-23,paid_ads,mobile_web
13308,116,2025-06-04,social,mobile_app
13309,962,2025-05-18,paid_ads,mobile_app
13310,771,2025-04-14,organic,mobile_app
13311,1103,2025-02-20,organic,mobile_app
13312,65,2025-06-25,social,mobile_web
13313,38,2025-01-22,direct,mobile_web
13314,765,2025-02-12,direct,desktop
13315,228,2025-04-27,organic,mobile_app
13316,684,2025-02-01,paid_ads,mobile_app
13317,539,2025-03-07,organic,mobile_app
13318,9,2025-06-04,email,mobile_app
13319,754,2025-02-03,direct,mobile_web
13320,942,2025-02-28,organic,mobile_app
13321,396,2025-01-18,organic,mobile_app
13322,728,2025-05-24,organic,mobile_app
13323,1101,2025-01-04,paid_ads,desktop
13324,463,2025-02-07,organic,desktop
13325,332,2025-01-12,email,mobile_app
13326,1129,2025-01-05,email,mobile_app
13327,736,2025-01-26,paid_ads,desktop
13328,202,2025-04-11,paid_ads,desktop
13329,981,2025-05-22,organic,mobile_app
13330,591,2025-06-24,organic,mobile_app
13331,802,2025-05-01,organic,mobile_app
13332,549,2025-02-23,social,mobile_app
13333,289,2025-05-07,email,mobile_web
13334,239,2025-06-16,paid_ads,mobile_app
13335,334,2025-05-11,email,desktop
13336,117,2025-02-10,direct,desktop
13337,905,2025-02-05,email,mobile_app
13338,889,2025-06-14,social,mobile_app
13339,156,2025-03-06,email,mobile_app
13340,36,2025-03-20,social,mobile_app
13341,1175,2025-04-27,paid_ads,mobile_app
13342,996,2025-06-05,organic,mobile_web
13343,796,2025-01-10,paid_ads,mobile_web
13344,765,2025-05-15,organic,mobile_app
13345,229,2025-01-19,paid_ads,mobile_app
13346,969,2025-06-01,organic,mobile_app
13347,126,2025-05-30,organic,mobile_app
13348,888,2025-05-27,organic,mobile_web
13349,886,2025-02-28,social,mobile_web
13350,1020,2025-02-12,organic,mobile_app
13351,164,2025-06-01,email,desktop
13352,601,2025-03-16,direct,mobile_app
13353,91,2025-05-27,organic,mobile_app
13354,606,2025-06-09,organic,mobile_web
13355,644,2025-01-31,social,mobile_web
13356,212,2025-05-12,paid_ads,mobile_app
13357,957,2025-03-02,direct,desktop
13358,241,2025-04-09,email,mobile_app
13359,1195,2025-02-02,email,mobile_web
13360,943,2025-05-03,paid_ads,desktop
13361,1176,2025-05-14,paid_ads,mobile_app
13362,1029,2025-04-26,paid_ads,mobile_app
13363,208,2025-04-17,social,mobile_web
13364,858,2025-04-04,email,mobile_app
13365,43,2025-03-01,organic,mobile_app
13366,1070,2025-06-26,organic,mobile_app
13367,642,2025-03-21,paid_ads,mobile_app
13368,271,2025-06-12,email,mobile_app
13369,578,2025-01-15,direct,mobile_app
13370,1169,2025-05-03,email,mobile_app
13371,407,2025-01-24,social,desktop
13372,657,2025-02-18,organic,mobile_app
13373,888,2025-04-21,paid_ads,mobile_web
13374,944,2025-01-05,organic,mobile_app
13375,1183,2025-02-08,paid_ads,mobile_app
13376,485,2025-02-10,social,mobile_app
13377,234,2025-03-03,social,mobile_app
13378,286,2025-03-02,paid_ads,mobile_app
13379,406,2025-01-11,organic,mobile_web
13380,14,2025-05-24,social,mobile_web
13381,890,2025-04-01,social,mobile_app
13382,1060,2025-03-24,organic,mobile_web
13383,249,2025-03-13,social,mobile_app
13384,756,2025-03-31,paid_ads,mobile_app
13385,659,2025-06-14,paid_ads,mobile_app
13386,40,2025-06-18,social,mobile_app
13387,285,2025-04-29,email,mobile_app
13388,632,2025-03-03,organic,mobile_web
13389,1053,2025-04-26,paid_ads,mobile_web
13390,530,2025-04-21,direct,mobile_web
13391,1149,2025-04-11,email,mobile_app
13392,734,2025-05-24,paid_ads,mobile_app
13393,593,2025-06-01,organic,mobile_app
13394,1068,2025-04-16,social,mobile_app
13395,1194,2025-04-20,organic,mobile_web
13396,830,2025-06-05,organic,mobile_app
13397,720,2025-05-27,email,desktop
13398,1116,2025-04-02,email,mobile_app
13399,789,2025-05-31,direct,desktop
13400,396,2025-02-04,email,mobile_app
13401,284,2025-02-24,social,mobile_app
13402,634,2025-06-08,paid_ads,mobile_web
13403,341,2025-01-15,direct,mobile_app
13404,259,2025-02-22,direct,desktop
13405,778,2025-01-05,paid_ads,desktop
13406,398,2025-02-14,organic,mobile_web
13407,1155,2025-06-23,social,mobile_app
13408,843,2025-01-14,organic,mobile_app
13409,566,2025-03-02,direct,mobile_app
13410,993,2025-02-21,paid_ads,mobile_app
13411,251,2025-04-14,organic,mobile_web
13412,839,2025-03-29,organic,mobile_app
13413,718,2025-04-18,organic,mobile_web
13414,939,2025-04-14,organic,mobile_web
13415,361,2025-05-15,paid_ads,mobile_web
13416,1066,2025-03-21,paid_ads,mobile_web
13417,126,2025-05-18,paid_ads,desktop
13418,874,2025-03-15,social,mobile_web
13419,651,2025-03-01,organic,mobile_web
13420,155,2025-01-05,social,mobile_web
13421,141,2025-06-05,organic,mobile_web
13422,286,2025-06-01,organic,mobile_web
13423,273,2025-02-06,organic,mobile_web
13424,630,2025-01-27,social,mobile_app
13425,46,2025-06-21,email,desktop
13426,190,2025-06-14,direct,mobile_app
13427,640,2025-05-10,social,desktop
13428,252,2025-01-01,direct,mobile_app
13429,514,2025-01-28,organic,mobile_app
13430,929,2025-05-11,email,desktop
13431,379,2025-02-18,social,desktop
13432,447,2025-03-16,paid_ads,mobile_app
13433,637,2025-04-30,organic,mobile_app
13434,540,2025-05-06,organic,mobile_web
13435,427,2025-06-15,organic,mobile_web
13436,565,2025-02-05,direct,mobile_web
13437,1145,2025-04-26,paid_ads,mobile_app
13438,875,2025-02-21,paid_ads,desktop
13439,938,2025-04-13,organic,mobile_web
13440,577,2025-01-29,direct,mobile_web
13441,682,2025-02-23,paid_ads,mobile_app
13442,1153,2025-03-14,social,mobile_app
13443,359,2025-04-10,organic,desktop
13444,1087,2025-04-05,social,mobile_web
13445,396,2025-04-11,organic,desktop
13446,532,2025-02-23,paid_ads,mobile_app
13447,539,2025-05-25,paid_ads,mobile_web
13448,1163,2025-03-27,paid_ads,mobile_web
13449,657,2025-05-19,organic,mobile_app
13450,181,2025-04-02,organic,mobile_app
13451,105,2025-04-01,direct,mobile_app
13452,307,2025-03-24,direct,desktop
13453,1066,2025-03-19,direct,mobile_web
13454,113,2025-04-11,direct,mobile_app
13455,43,2025-01-19,direct,mobile_web
13456,257,2025-02-11,direct,mobile_app
13457,16,2025-02-18,direct,mobile_app
13458,202,2025-01-31,organic,mobile_app
13459,318,2025-01-27,email,mobile_web
13460,814,2025-06-11,direct,mobile_app
13461,804,2025-06-08,direct,mobile_app
13462,331,2025-03-24,direct,mobile_web
13463,1102,2025-01-31,direct,mobile_web
13464,781,2025-05-12,organic,desktop
13465,844,2025-04-03,direct,mobile_app
13466,49,2025-03-08,direct,mobile_web
13467,980,2025-06-10,social,desktop
13468,351,2025-06-06,social,mobile_web
13469,84,2025-03-13,paid_ads,desktop
13470,299,2025-04-18,paid_ads,desktop
13471,450,2025-03-14,organic,mobile_web
13472,57,2025-04-10,direct,desktop
13473,1053,2025-05-11,organic,mobile_app
13474,388,2025-03-17,paid_ads,mobile_web
13475,771,2025-02-25,organic,mobile_app
13476,1,2025-03-15,paid_ads,mobile_app
13477,970,2025-05-18,paid_ads,mobile_web
13478,201,2025-04-04,organic,mobile_app
13479,698,2025-06-15,paid_ads,desktop
13480,1147,2025-02-15,organic,desktop
13481,416,2025-05-16,paid_ads,mobile_web
13482,44,2025-01-24,direct,mobile_app
13483,516,2025-06-28,organic,mobile_app
13484,539,2025-04-28,paid_ads,mobile_web
13485,1193,2025-03-04,direct,desktop
13486,327,2025-04-08,social,mobile_app
13487,400,2025-05-01,paid_ads,mobile_web
13488,650,2025-04-30,direct,mobile_app
13489,136,2025-05-04,paid_ads,mobile_app
13490,531,2025-05-09,paid_ads,mobile_app
13491,430,2025-06-01,email,mobile_web
13492,388,2025-02-12,paid_ads,mobile_web
13493,933,2025-03-31,paid_ads,mobile_app
13494,520,2025-06-06,paid_ads,mobile_app
13495,1026,2025-05-03,organic,desktop
13496,3,2025-06-20,social,mobile_app
13497,878,2025-03-21,direct,mobile_web
13498,38,2025-01-23,paid_ads,mobile_app
13499,1085,2025-04-04,direct,mobile_web
13500,71,2025-02-04,paid_ads,mobile_web
13501,264,2025-02-21,social,desktop
13502,838,2025-03-03,direct,mobile_web
13503,1082,2025-04-16,paid_ads,mobile_app
13504,445,2025-05-15,organic,mobile_app
13505,21,2025-03-15,paid_ads,mobile_app
13506,215,2025-03-30,direct,mobile_app
13507,562,2025-03-28,organic,mobile_web
13508,304,2025-01-25,email,mobile_app
13509,859,2025-04-05,social,mobile_app
13510,534,2025-03-13,email,mobile_app
13511,537,2025-06-13,paid_ads,mobile_app
13512,936,2025-05-27,paid_ads,mobile_app
13513,812,2025-06-18,social,mobile_app
13514,980,2025-01-20,organic,mobile_app
13515,345,2025-03-13,organic,desktop
13516,233,2025-05-24,social,mobile_web
13517,816,2025-06-12,paid_ads,mobile_app
13518,730,2025-04-03,paid_ads,mobile_web
13519,731,2025-05-05,social,desktop
13520,884,2025-03-27,email,mobile_app
13521,860,2025-03-10,organic,mobile_web
13522,1104,2025-01-30,organic,desktop
13523,516,2025-06-07,paid_ads,desktop
13524,189,2025-04-23,email,mobile_web
13525,724,2025-02-14,paid_ads,mobile_web
13526,791,2025-03-13,social,desktop
13527,59,2025-05-02,organic,mobile_web
13528,543,2025-05-26,paid_ads,mobile_app
13529,746,2025-06-23,email,mobile_app
13530,567,2025-05-02,social,mobile_web
13531,709,2025-04-01,paid_ads,mobile_app
13532,315,2025-04-06,social,mobile_web
13533,111,2025-05-23,organic,desktop
13534,276,2025-01-31,organic,desktop
13535,600,2025-05-17,social,desktop
13536,620,2025-02-01,email,mobile_web
13537,82,2025-02-09,direct,mobile_app
13538,235,2025-02-10,paid_ads,mobile_app
13539,773,2025-06-20,organic,mobile_app
13540,993,2025-04-24,paid_ads,mobile_app
13541,1034,2025-06-19,social,mobile_app
13542,9,2025-01-30,social,desktop
13543,724,2025-03-05,paid_ads,mobile_web
13544,473,2025-02-04,direct,mobile_app
13545,650,2025-03-13,organic,mobile_web
13546,932,2025-04-04,organic,mobile_app
13547,774,2025-01-07,paid_ads,mobile_app
13548,420,2025-02-19,organic,mobile_app
13549,599,2025-01-26,social,mobile_app
13550,362,2025-03-13,social,mobile_app
13551,963,2025-01-15,direct,mobile_web
13552,310,2025-03-13,social,desktop
13553,562,2025-05-21,social,desktop
13554,1195,2025-04-21,email,mobile_app
13555,285,2025-06-15,paid_ads,mobile_app
13556,425,2025-06-01,paid_ads,mobile_app
13557,1015,2025-06-08,social,mobile_web
13558,117,2025-05-01,social,mobile_web
13559,665,2025-03-10,organic,desktop
13560,1090,2025-05-12,paid_ads,mobile_app
13561,304,2025-04-11,social,mobile_app
13562,892,2025-05-30,email,mobile_app
13563,882,2025-04-26,direct,mobile_app
13564,942,2025-01-06,organic,mobile_web
13565,896,2025-01-03,organic,mobile_web
13566,458,2025-02-19,social,mobile_web
13567,993,2025-05-01,social,mobile_web
13568,234,2025-02-22,email,mobile_app
13569,475,2025-05-18,organic,desktop
13570,1140,2025-05-06,social,mobile_web
13571,46,2025-02-05,paid_ads,mobile_app
13572,169,2025-06-23,direct,mobile_web
13573,950,2025-04-13,organic,mobile_app
13574,820,2025-04-01,organic,mobile_app
13575,440,2025-05-30,social,mobile_app
13576,958,2025-01-05,organic,mobile_app
13577,16,2025-03-03,paid_ads,mobile_app
13578,7,2025-05-03,email,mobile_app
13579,331,2025-06-13,organic,mobile_web
13580,805,2025-06-07,organic,mobile_app
13581,370,2025-02-13,organic,mobile_web
13582,205,2025-02-11,paid_ads,mobile_web
13583,155,2025-03-26,direct,mobile_web
13584,34,2025-06-21,organic,mobile_app
13585,255,2025-03-02,direct,mobile_app
13586,1115,2025-05-14,social,desktop
13587,710,2025-04-28,organic,mobile_app
13588,1084,2025-01-21,organic,desktop
13589,12,2025-01-15,organic,mobile_web
13590,952,2025-05-06,direct,mobile_app
13591,125,2025-06-10,email,mobile_web
13592,131,2025-05-08,organic,mobile_app
13593,628,2025-04-26,social,mobile_app
13594,1005,2025-05-04,direct,mobile_app
13595,819,2025-06-05,organic,mobile_app
13596,1183,2025-05-24,organic,mobile_web
13597,779,2025-03-31,paid_ads,mobile_web
13598,210,2025-04-14,direct,mobile_web
13599,939,2025-02-27,organic,mobile_app
13600,439,2025-06-15,organic,mobile_web
13601,962,2025-03-24,email,desktop
13602,839,2025-03-18,organic,mobile_app
13603,277,2025-04-17,organic,mobile_web
13604,812,2025-02-22,paid_ads,desktop
13605,249,2025-04-20,direct,mobile_app
13606,369,2025-01-25,paid_ads,mobile_app
13607,668,2025-01-22,direct,mobile_app
13608,797,2025-05-29,organic,mobile_web
13609,891,2025-04-20,organic,mobile_app
13610,1088,2025-03-08,direct,mobile_app
13611,317,2025-01-27,paid_ads,mobile_app
13612,1198,2025-06-29,organic,mobile_app
13613,756,2025-01-19,social,mobile_app
13614,1117,2025-05-23,paid_ads,mobile_web
13615,624,2025-04-05,social,mobile_web
13616,207,2025-03-24,organic,mobile_app
13617,711,2025-04-16,organic,desktop
13618,809,2025-04-20,organic,desktop
13619,544,2025-02-14,direct,mobile_app
13620,1005,2025-03-18,organic,mobile_app
13621,260,2025-01-10,organic,desktop
13622,632,2025-03-06,email,mobile_web
13623,576,2025-02-28,direct,mobile_web
13624,721,2025-04-01,organic,desktop
13625,287,2025-04-02,organic,mobile_app
13626,1082,2025-02-11,social,mobile_web
13627,181,2025-01-31,organic,mobile_app
13628,69,2025-03-24,social,mobile_app
13629,521,2025-02-26,social,mobile_web
13630,1168,2025-04-03,direct,desktop
13631,1030,2025-01-23,social,mobile_app
13632,8,2025-02-15,direct,mobile_web
13633,831,2025-06-02,direct,mobile_web
13634,1000,2025-02-01,organic,mobile_web
13635,389,2025-06-19,social,mobile_app
13636,519,2025-01-29,direct,mobile_app
13637,480,2025-03-29,email,mobile_web
13638,662,2025-01-02,social,mobile_app
13639,730,2025-01-30,direct,mobile_web
13640,407,2025-01-25,email,mobile_app
13641,1122,2025-05-25,social,mobile_app
13642,594,2025-01-08,social,mobile_app
13643,105,2025-03-19,organic,mobile_web
13644,970,2025-06-24,paid_ads,mobile_app
13645,964,2025-03-16,direct,mobile_app
13646,758,2025-05-30,email,desktop
13647,759,2025-06-02,organic,desktop
13648,296,2025-02-10,direct,mobile_app
13649,158,2025-02-03,social,mobile_app
13650,936,2025-01-22,paid_ads,desktop
13651,256,2025-06-14,social,mobile_web
13652,812,2025-04-05,direct,mobile_app
13653,151,2025-06-22,paid_ads,mobile_app
13654,681,2025-04-11,paid_ads,desktop
13655,164,2025-06-03,paid_ads,mobile_web
13656,42,2025-03-22,paid_ads,mobile_app
13657,653,2025-05-18,paid_ads,mobile_app
13658,741,2025-03-26,social,mobile_app
13659,1177,2025-05-21,paid_ads,mobile_app
13660,1141,2025-04-26,organic,mobile_app
13661,1074,2025-06-09,paid_ads,mobile_app
13662,1063,2025-06-03,email,mobile_app
13663,218,2025-04-12,email,mobile_app
13664,241,2025-06-02,direct,mobile_app
13665,113,2025-03-14,social,desktop
13666,851,2025-01-26,organic,desktop
13667,210,2025-02-16,paid_ads,mobile_app
13668,620,2025-03-18,organic,mobile_app
13669,351,2025-06-04,direct,mobile_app
13670,859,2025-03-16,organic,mobile_web
13671,1103,2025-06-05,paid_ads,desktop
13672,646,2025-03-25,social,desktop
13673,693,2025-05-20,organic,mobile_app
13674,61,2025-03-17,social,mobile_app
13675,436,2025-04-08,email,mobile_web
13676,741,2025-06-12,email,desktop
13677,568,2025-01-06,email,mobile_app
13678,1056,2025-06-03,email,mobile_web
13679,962,2025-04-18,organic,mobile_app
13680,1139,2025-06-25,paid_ads,mobile_app
13681,378,2025-02-01,direct,mobile_web
13682,709,2025-01-16,organic,mobile_app
13683,187,2025-02-22,direct,mobile_app
13684,416,2025-03-09,organic,mobile_app
13685,757,2025-01-15,organic,desktop
13686,839,2025-05-04,organic,desktop
13687,594,2025-05-05,social,desktop
13688,1039,2025-01-10,direct,mobile_web
13689,9,2025-01-03,paid_ads,desktop
13690,679,2025-01-13,organic,mobile_app
13691,499,2025-03-04,direct,mobile_web
13692,162,2025-02-15,social,mobile_app
13693,650,2025-06-26,email,mobile_app
13694,1001,2025-06-01,direct,mobile_app
13695,939,2025-04-14,paid_ads,mobile_app
13696,443,2025-06-15,paid_ads,mobile_web
13697,1025,2025-03-24,paid_ads,mobile_app
13698,107,2025-01-11,social,mobile_web
13699,509,2025-06-25,direct,mobile_app
13700,673,2025-05-07,organic,mobile_web
13701,658,2025-01-30,organic,mobile_app
13702,270,2025-03-17,direct,mobile_app
13703,187,2025-03-26,organic,mobile_app
13704,759,2025-03-16,social,mobile_app
13705,1074,2025-06-03,organic,mobile_app
13706,738,2025-02-01,direct,mobile_app
13707,128,2025-05-19,organic,mobile_web
13708,726,2025-06-04,organic,desktop
13709,424,2025-05-05,social,mobile_app
13710,701,2025-01-22,email,desktop
13711,114,2025-06-08,paid_ads,mobile_web
13712,786,2025-04-18,social,mobile_app
13713,144,2025-03-21,organic,desktop
13714,875,2025-06-15,email,mobile_app
13715,991,2025-04-15,paid_ads,mobile_app
13716,730,2025-03-25,organic,desktop
13717,335,2025-01-03,social,mobile_app
13718,352,2025-04-01,organic,mobile_app
13719,735,2025-06-23,social,mobile_web
13720,112,2025-06-23,organic,mobile_app
13721,812,2025-03-05,direct,mobile_web
13722,983,2025-05-12,email,mobile_app
13723,196,2025-06-17,organic,desktop
13724,397,2025-06-07,direct,mobile_app
13725,661,2025-02-11,organic,desktop
13726,43,2025-05-15,social,mobile_app
13727,630,2025-05-30,direct,desktop
13728,1160,2025-01-23,organic,desktop
13729,25,2025-03-12,organic,desktop
13730,229,2025-02-05,paid_ads,desktop
13731,1057,2025-02-19,paid_ads,mobile_app
13732,137,2025-05-15,organic,mobile_web
13733,856,2025-04-04,social,mobile_app
13734,1054,2025-02-04,paid_ads,mobile_web
13735,357,2025-03-06,organic,mobile_web
13736,986,2025-03-04,organic,mobile_app
13737,99,2025-05-17,social,mobile_app
13738,1032,2025-06-01,email,mobile_app
13739,856,2025-04-05,organic,mobile_app
13740,296,2025-06-06,organic,mobile_web
13741,1199,2025-01-20,social,mobile_app
13742,515,2025-01-31,organic,mobile_app
13743,660,2025-04-05,organic,mobile_app
13744,1170,2025-06-07,organic,mobile_app
13745,68,2025-01-24,social,desktop
13746,698,2025-06-12,social,mobile_web
13747,653,2025-01-18,direct,mobile_web
13748,611,2025-04-24,organic,desktop
13749,885,2025-03-19,direct,mobile_app
13750,468,2025-04-23,email,mobile_app
13751,433,2025-05-19,organic,mobile_app
13752,494,2025-04-19,email,mobile_app
13753,1177,2025-06-20,organic,mobile_app
13754,508,2025-06-22,email,desktop
13755,711,2025-02-07,social,mobile_web
13756,872,2025-02-11,paid_ads,mobile_web
13757,1094,2025-05-09,organic,desktop
13758,855,2025-01-12,organic,mobile_app
13759,314,2025-05-19,social,mobile_app
13760,761,2025-04-22,paid_ads,mobile_web
13761,1179,2025-05-27,direct,desktop
13762,285,2025-06-16,direct,mobile_app
13763,1093,2025-05-02,paid_ads,mobile_web
13764,325,2025-05-22,social,mobile_web
13765,1067,2025-03-02,organic,mobile_app
13766,96,2025-04-09,direct,mobile_web
13767,114,2025-01-09,organic,mobile_web
13768,4,2025-04-13,direct,mobile_app
13769,239,2025-04-25,organic,mobile_web
13770,1136,2025-02-23,social,desktop
13771,1010,2025-03-18,social,desktop
13772,916,2025-03-18,social,mobile_app
13773,79,2025-03-09,paid_ads,mobile_app
13774,861,2025-05-31,organic,mobile_web
13775,856,2025-05-25,paid_ads,mobile_app
13776,1155,2025-01-12,paid_ads,mobile_web
13777,420,2025-06-12,organic,mobile_web
13778,75,2025-05-31,email,mobile_app
13779,20,2025-02-15,organic,mobile_app
13780,350,2025-06-05,organic,mobile_web
13781,774,2025-05-07,paid_ads,mobile_app
13782,223,2025-06-17,organic,desktop
13783,812,2025-04-29,paid_ads,mobile_app
13784,240,2025-01-20,paid_ads,mobile_app
13785,433,2025-06-29,direct,mobile_web
13786,68,2025-02-22,organic,mobile_app
13787,1101,2025-05-30,paid_ads,mobile_app
13788,721,2025-06-21,direct,desktop
13789,66,2025-03-07,paid_ads,mobile_app
13790,394,2025-06-12,social,mobile_web
13791,823,2025-06-22,social,desktop
13792,299,2025-01-03,organic,desktop
13793,729,2025-01-19,organic,mobile_app
13794,999,2025-06-20,organic,mobile_web
13795,1193,2025-05-29,organic,mobile_web
13796,1176,2025-03-28,paid_ads,mobile_app
13797,1160,2025-01-03,social,mobile_web
13798,70,2025-06-19,paid_ads,mobile_web
13799,1075,2025-05-10,organic,mobile_app
13800,108,2025-05-31,organic,mobile_app
13801,1087,2025-02-07,paid_ads,desktop
13802,44,2025-03-12,organic,mobile_app
13803,747,2025-03-27,social,mobile_app
13804,138,2025-03-01,social,mobile_app
13805,6,2025-06-24,email,mobile_web
13806,1144,2025-03-19,paid_ads,mobile_web
13807,987,2025-05-04,organic,desktop
13808,708,2025-06-11,direct,mobile_app
13809,466,2025-05-14,email,mobile_web
13810,315,2025-03-21,paid_ads,desktop
13811,1108,2025-06-23,paid_ads,mobile_app
13812,344,2025-06-07,paid_ads,mobile_app
13813,713,2025-01-16,paid_ads,desktop
13814,975,2025-04-20,social,mobile_app
13815,407,2025-01-04,paid_ads,mobile_web
13816,354,2025-04-22,paid_ads,mobile_web
13817,724,2025-02-23,paid_ads,mobile_app
13818,312,2025-06-16,organic,mobile_web
13819,1107,2025-05-13,paid_ads,desktop
13820,685,2025-05-26,organic,mobile_app
13821,160,2025-02-10,organic,mobile_web
13822,684,2025-05-14,organic,mobile_web
13823,58,2025-01-23,social,desktop
13824,339,2025-04-19,paid_ads,mobile_app
13825,541,2025-03-28,social,mobile_app
13826,758,2025-02-24,organic,mobile_web
13827,731,2025-06-24,social,desktop
13828,702,2025-04-12,social,desktop
13829,138,2025-02-27,social,mobile_app
13830,350,2025-05-22,organic,mobile_app
13831,864,2025-01-30,organic,mobile_app
13832,356,2025-01-12,direct,mobile_web
13833,713,2025-02-02,paid_ads,mobile_web
13834,555,2025-03-08,organic,mobile_web
13835,1189,2025-03-31,paid_ads,mobile_app
13836,493,2025-01-03,paid_ads,mobile_app
13837,162,2025-05-22,direct,mobile_app
13838,1111,2025-02-12,paid_ads,mobile_web
13839,947,2025-01-05,paid_ads,mobile_app
13840,137,2025-04-22,organic,mobile_app
13841,183,2025-02-22,email,mobile_app
13842,656,2025-02-04,paid_ads,mobile_web
13843,838,2025-03-21,paid_ads,desktop
13844,1189,2025-04-12,social,mobile_web
13845,609,2025-06-18,organic,mobile_app
13846,947,2025-05-05,email,mobile_app
13847,827,2025-04-15,organic,desktop
13848,1133,2025-02-18,social,mobile_app
13849,72,2025-01-28,paid_ads,mobile_web
13850,266,2025-01-21,social,mobile_app
13851,629,2025-06-07,organic,mobile_web
13852,494,2025-03-10,email,mobile_app
13853,905,2025-05-02,paid_ads,mobile_app
13854,350,2025-03-21,email,mobile_app
13855,577,2025-05-25,direct,mobile_app
13856,704,2025-04-26,email,mobile_app
13857,1019,2025-04-03,organic,mobile_app
13858,141,2025-01-25,organic,desktop
13859,248,2025-01-11,social,mobile_web
13860,66,2025-06-16,direct,mobile_web
13861,125,2025-01-18,organic,mobile_web
13862,876,2025-03-24,email,desktop
13863,893,2025-05-16,paid_ads,mobile_web
13864,1017,2025-01-03,organic,mobile_app
13865,1016,2025-04-16,paid_ads,mobile_app
13866,711,2025-03-31,organic,mobile_app
13867,842,2025-01-12,organic,mobile_web
13868,224,2025-05-31,email,mobile_app
13869,628,2025-01-02,paid_ads,desktop
13870,816,2025-04-23,email,desktop
13871,177,2025-01-11,direct,mobile_app
13872,1102,2025-06-24,social,mobile_app
13873,185,2025-05-21,social,mobile_web
13874,166,2025-06-22,paid_ads,mobile_app
13875,624,2025-01-12,organic,mobile_app
13876,634,2025-02-15,direct,mobile_web
13877,291,2025-01-19,email,desktop
13878,631,2025-04-16,social,mobile_app
13879,407,2025-03-06,organic,mobile_web
13880,1039,2025-06-02,social,mobile_app
13881,609,2025-04-21,organic,mobile_app
13882,1137,2025-06-06,social,mobile_app
13883,62,2025-03-06,social,mobile_app
13884,945,2025-03-27,paid_ads,mobile_app
13885,363,2025-03-17,email,mobile_app
13886,555,2025-06-23,organic,desktop
13887,624,2025-01-18,direct,mobile_web
13888,104,2025-01-21,organic,mobile_web
13889,406,2025-06-08,organic,mobile_app
13890,461,2025-06-24,social,mobile_app
13891,689,2025-04-03,email,mobile_app
13892,1056,2025-04-22,social,mobile_app
13893,918,2025-04-01,paid_ads,mobile_app
13894,898,2025-03-22,direct,mobile_app
13895,496,2025-03-07,direct,mobile_web
13896,461,2025-03-10,direct,desktop
13897,955,2025-02-12,organic,desktop
13898,536,2025-05-29,organic,mobile_app
13899,481,2025-05-29,paid_ads,mobile_web
13900,666,2025-01-29,organic,mobile_app
13901,1166,2025-06-08,social,desktop
13902,119,2025-01-19,organic,mobile_web
13903,35,2025-02-04,email,mobile_web
13904,597,2025-05-31,organic,mobile_app
13905,273,2025-03-23,email,desktop
13906,1119,2025-06-06,organic,mobile_web
13907,234,2025-01-02,direct,mobile_app
13908,1126,2025-01-20,paid_ads,mobile_web
13909,46,2025-04-09,organic,mobile_web
13910,729,2025-01-05,direct,mobile_web
13911,692,2025-04-13,social,mobile_web
13912,1173,2025-02-14,direct,desktop
13913,141,2025-06-04,direct,mobile_app
13914,736,2025-01-08,direct,mobile_app
13915,1178,2025-02-08,paid_ads,mobile_web
13916,852,2025-04-01,social,mobile_app
13917,980,2025-02-11,direct,mobile_web
13918,832,2025-06-23,social,mobile_app
13919,591,2025-05-07,paid_ads,mobile_app
13920,798,2025-05-03,organic,mobile_app
13921,976,2025-05-16,paid_ads,mobile_app
13922,68,2025-06-15,organic,mobile_app
13923,981,2025-02-23,organic,mobile_app
13924,237,2025-04-15,social,mobile_web
13925,278,2025-06-08,paid_ads,mobile_app
13926,403,2025-03-27,organic,mobile_app
13927,917,2025-02-19,organic,desktop
13928,574,2025-01-29,direct,mobile_app
13929,1110,2025-04-07,organic,mobile_app
13930,883,2025-03-19,paid_ads,mobile_app
13931,982,2025-03-18,direct,mobile_web
13932,752,2025-01-27,social,desktop
13933,552,2025-03-01,organic,mobile_app
13934,746,2025-03-12,organic,mobile_app
13935,143,2025-06-25,paid_ads,mobile_app
13936,1179,2025-06-18,email,mobile_app
13937,1063,2025-06-11,social,mobile_app
13938,818,2025-01-14,direct,mobile_app
13939,484,2025-05-12,direct,mobile_app
13940,259,2025-02-04,organic,mobile_app
13941,842,2025-02-22,social,mobile_app
13942,611,2025-02-10,organic,mobile_web
13943,936,2025-06-03,paid_ads,mobile_app
13944,138,2025-01-06,social,mobile_web
13945,1040,2025-06-10,social,mobile_web
13946,910,2025-04-27,social,mobile_web
13947,957,2025-03-03,organic,mobile_app
13948,373,2025-06-16,paid_ads,desktop
13949,1194,2025-04-22,social,mobile_app
13950,788,2025-06-12,organic,mobile_app
13951,818,2025-01-02,paid_ads,mobile_web
13952,381,2025-03-25,email,desktop
13953,20,2025-05-20,organic,mobile_web
13954,1129,2025-02-05,paid_ads,mobile_app
13955,368,2025-03-16,organic,mobile_app
13956,1140,2025-03-14,social,mobile_app
13957,218,2025-06-14,paid_ads,mobile_web
13958,848,2025-05-30,paid_ads,mobile_web
13959,723,2025-05-20,paid_ads,mobile_app
13960,79,2025-05-22,paid_ads,mobile_app
13961,194,2025-06-24,direct,desktop
13962,673,2025-01-11,direct,desktop
13963,649,2025-06-23,direct,mobile_app
13964,1084,2025-01-03,organic,desktop
13965,673,2025-05-21,social,mobile_app
13966,47,2025-03-24,organic,mobile_web
13967,8,2025-05-15,paid_ads,mobile_app
13968,620,2025-06-19,paid_ads,mobile_app
13969,1051,2025-06-19,organic,mobile_web
13970,464,2025-02-08,paid_ads,mobile_web
13971,276,2025-01-22,organic,mobile_web
13972,470,2025-01-17,organic,mobile_app
13973,267,2025-03-06,social,mobile_app
13974,70,2025-06-01,paid_ads,mobile_app
13975,670,2025-02-07,paid_ads,mobile_app
13976,850,2025-02-03,paid_ads,mobile_web
13977,152,2025-02-12,organic,mobile_web
13978,317,2025-02-24,social,mobile_web
13979,1007,2025-06-19,paid_ads,mobile_app
13980,359,2025-04-12,social,mobile_app
13981,224,2025-06-09,email,mobile_app
13982,543,2025-06-19,paid_ads,desktop
13983,1169,2025-03-02,paid_ads,mobile_web
13984,325,2025-06-16,email,mobile_app
13985,75,2025-01-04,email,mobile_app
13986,904,2025-03-24,paid_ads,mobile_app
13987,85,2025-03-10,organic,mobile_web
13988,168,2025-06-19,paid_ads,mobile_web
13989,1173,2025-02-05,paid_ads,desktop
13990,475,2025-03-15,organic,mobile_app
13991,219,2025-06-22,organic,mobile_app
13992,948,2025-03-21,direct,mobile_web
13993,680,2025-03-23,paid_ads,mobile_app
13994,931,2025-05-31,paid_ads,mobile_app
13995,318,2025-01-30,direct,mobile_web
13996,257,2025-06-13,direct,mobile_app
13997,527,2025-06-29,direct,mobile_app
13998,576,2025-04-19,direct,mobile_web
13999,1078,2025-05-07,paid_ads,mobile_app
14000,200,2025-03-18,email,mobile_app
